date,index_code,open,high,low,close,volume
2019-01-02,HNXINDEX,104.23,104.49,102.38,102.67,19007217
2019-01-03,HNXINDEX,99.05,102.68,98.85,100.52,29543455
2019-01-04,HNXINDEX,100.57,101.23,99.17,100.85,29288584
2019-01-07,HNXINDEX,100.86,102.38,100.83,101.93,22446454
2019-01-08,HNXINDEX,101.93,105.31,101.2,101.27,23068390
2019-01-09,HNXINDEX,101.25,102.29,101.25,102.13,27033241
2019-01-10,HNXINDEX,102.14,102.36,101.57,101.78,21333646
2019-01-11,HNXINDEX,101.78,102.32,101.54,101.87,22980701
2019-01-14,HNXINDEX,101.87,102.34,101.45,101.58,27656015
2019-01-15,HNXINDEX,101.58,102.74,98.71,102.58,23012371
2019-01-16,HNXINDEX,102.58,103.11,101.97,101.99,18887309
2019-01-17,HNXINDEX,101.98,102.58,101.83,101.92,16652123
2019-01-18,HNXINDEX,101.92,102.23,101.26,101.56,26019668
2019-01-21,HNXINDEX,101.56,103.78,101.47,103.37,34689801
2019-01-22,HNXINDEX,103.4,103.72,102.52,102.54,25390476
2019-01-23,HNXINDEX,102.55,102.87,102.08,102.67,19071064
2019-01-24,HNXINDEX,102.67,103.39,102.38,102.78,25477689
2019-01-25,HNXINDEX,102.79,103.65,102.47,102.74,18827589
2019-01-28,HNXINDEX,102.74,103.14,101.2,102.31,26230825
2019-01-29,HNXINDEX,102.31,102.38,101.5,102.37,20259599
2019-01-30,HNXINDEX,102.37,104.86,102.27,102.81,20576383
2019-01-31,HNXINDEX,102.81,103.63,102.7,102.88,19913820
2019-02-01,HNXINDEX,102.88,103.34,102.58,103.34,15258710
2019-02-11,HNXINDEX,103.23,105.25,103.23,105.25,31752658
2019-02-12,HNXINDEX,105.05,106.08,104.97,106.04,33792815
2019-02-13,HNXINDEX,106.04,106.62,105.64,106.49,30870294
2019-02-14,HNXINDEX,106.49,106.54,106.0,106.12,36351323
2019-02-15,HNXINDEX,106.12,106.67,105.9,106.11,32306138
2019-02-18,HNXINDEX,106.11,107.09,106.08,106.84,37549853
2019-02-19,HNXINDEX,106.87,107.13,106.09,106.21,38279927
2019-02-20,HNXINDEX,106.21,106.62,105.76,106.3,29084078
2019-02-21,HNXINDEX,106.3,106.95,106.01,106.11,30386268
2019-02-22,HNXINDEX,106.22,107.09,105.91,106.82,33380880
2019-02-25,HNXINDEX,106.82,108.44,106.72,107.61,33533845
2019-02-26,HNXINDEX,107.61,108.11,106.89,107.66,36924705
2019-02-27,HNXINDEX,107.62,108.17,107.27,107.63,36366812
2019-02-28,HNXINDEX,107.63,107.92,105.8,105.86,57627655
2019-03-01,HNXINDEX,105.86,107.27,105.69,107.26,30692676
2019-03-04,HNXINDEX,108.49,108.7,107.15,108.53,45221471
2019-03-05,HNXINDEX,108.55,109.16,108.04,108.24,49911135
2019-03-06,HNXINDEX,108.31,108.65,107.68,108.48,48591742
2019-03-07,HNXINDEX,108.49,109.62,108.48,108.88,69670075
2019-03-08,HNXINDEX,108.88,108.92,107.87,108.22,43593511
2019-03-11,HNXINDEX,108.2,108.75,107.6,108.32,37417398
2019-03-12,HNXINDEX,108.32,109.55,108.22,109.55,50618322
2019-03-13,HNXINDEX,109.55,110.61,109.55,109.82,51828614
2019-03-14,HNXINDEX,109.85,110.71,109.58,110.02,39624537
2019-03-15,HNXINDEX,110.04,110.55,109.7,110.44,46125787
2019-03-18,HNXINDEX,110.44,111.61,110.44,110.88,44391732
2019-03-19,HNXINDEX,110.9,111.35,109.74,110.06,53968959
2019-03-20,HNXINDEX,109.96,110.08,108.52,109.62,37999036
2019-03-21,HNXINDEX,109.62,110.33,107.81,107.81,38578834
2019-03-22,HNXINDEX,107.81,108.36,107.47,108.09,30405143
2019-03-25,HNXINDEX,108.09,108.09,105.89,106.41,42134803
2019-03-26,HNXINDEX,106.41,107.31,106.29,106.85,24112437
2019-03-27,HNXINDEX,107.23,107.82,106.86,107.56,25373381
2019-03-28,HNXINDEX,107.66,107.66,106.98,107.34,24506763
2019-03-29,HNXINDEX,107.34,107.94,107.27,107.44,31090939
2019-04-01,HNXINDEX,107.44,108.03,107.35,107.72,26890067
2019-04-02,HNXINDEX,107.72,108.57,107.18,107.48,28493064
2019-04-03,HNXINDEX,107.48,107.77,106.87,107.3,29775845
2019-04-04,HNXINDEX,107.32,107.74,106.97,107.42,29174600
2019-04-05,HNXINDEX,107.42,107.93,107.29,107.87,27594591
2019-04-08,HNXINDEX,107.87,108.93,107.79,108.93,35442371
2019-04-09,HNXINDEX,108.93,109.24,107.66,107.71,42403734
2019-04-10,HNXINDEX,107.71,107.98,106.99,107.43,30707125
2019-04-11,HNXINDEX,107.44,107.94,107.23,107.57,21183053
2019-04-12,HNXINDEX,107.57,107.71,107.11,107.7,29679279
2019-04-16,HNXINDEX,107.7,107.7,106.5,107.11,27588200
2019-04-17,HNXINDEX,107.11,107.64,106.38,106.43,30188946
2019-04-18,HNXINDEX,106.43,106.8,105.35,105.75,31341981
2019-04-19,HNXINDEX,105.76,106.44,105.69,105.88,23676581
2019-04-22,HNXINDEX,105.88,106.17,105.04,105.63,31216040
2019-04-23,HNXINDEX,105.64,106.6,105.33,106.29,28033446
2019-04-24,HNXINDEX,106.29,107.27,106.29,107.14,30348154
2019-04-25,HNXINDEX,107.15,107.68,106.79,106.93,34067616
2019-04-26,HNXINDEX,106.93,107.56,106.21,107.46,28038317
2019-05-02,HNXINDEX,107.46,108.03,106.72,107.0,30009054
2019-05-03,HNXINDEX,106.99,107.39,106.6,106.87,26024518
2019-05-06,HNXINDEX,106.88,106.88,105.02,105.42,40573270
2019-05-07,HNXINDEX,105.42,106.34,105.22,105.83,28053173
2019-05-08,HNXINDEX,105.83,105.99,105.06,105.91,25788386
2019-05-09,HNXINDEX,105.91,105.99,105.0,105.26,23163800
2019-05-10,HNXINDEX,105.26,105.96,105.14,105.86,23562074
2019-05-13,HNXINDEX,105.85,106.11,105.52,105.61,26356758
2019-05-14,HNXINDEX,105.61,105.72,105.03,105.7,33925004
2019-05-15,HNXINDEX,105.7,106.73,105.61,106.43,30844556
2019-05-16,HNXINDEX,106.44,106.83,105.95,106.09,27160766
2019-05-17,HNXINDEX,106.09,106.44,105.72,105.79,32987820
2019-05-20,HNXINDEX,105.79,106.81,105.68,106.31,28869202
2019-05-21,HNXINDEX,106.31,106.83,106.14,106.28,27259450
2019-05-22,HNXINDEX,106.29,107.06,105.98,106.13,39110306
2019-05-23,HNXINDEX,106.13,106.55,105.52,106.3,29547587
2019-05-24,HNXINDEX,106.3,106.4,103.28,105.39,32296656
2019-05-27,HNXINDEX,105.26,105.62,104.97,105.04,20069500
2019-05-28,HNXINDEX,105.04,105.32,104.75,105.03,22631135
2019-05-29,HNXINDEX,105.03,105.34,104.4,105.32,23092110
2019-05-30,HNXINDEX,105.32,105.6,104.88,105.32,20801261
2019-05-31,HNXINDEX,105.32,105.33,103.95,104.35,26814813
2019-06-03,HNXINDEX,104.34,104.44,103.13,103.28,31285903
2019-06-04,HNXINDEX,103.27,103.87,103.01,103.06,16578059
2019-06-05,HNXINDEX,103.06,103.79,102.97,103.54,17767222
2019-06-06,HNXINDEX,103.56,103.56,102.61,103.03,18236345
2019-06-07,HNXINDEX,103.05,104.22,103.05,104.21,22750614
2019-06-10,HNXINDEX,104.21,104.73,103.9,103.99,16297684
2019-06-11,HNXINDEX,103.93,104.16,103.63,103.95,21179819
2019-06-12,HNXINDEX,103.95,104.08,103.46,103.56,16562038
2019-06-13,HNXINDEX,103.56,103.65,103.28,103.5,18818708
2019-06-14,HNXINDEX,103.5,104.21,103.39,103.46,16044518
2019-06-17,HNXINDEX,103.46,104.01,103.21,103.5,17287126
2019-06-18,HNXINDEX,103.5,103.77,103.24,103.75,17411091
2019-06-19,HNXINDEX,103.76,104.17,103.38,103.77,16865669
2019-06-20,HNXINDEX,103.77,105.07,103.49,105.06,22990563
2019-06-21,HNXINDEX,105.05,105.83,104.53,104.85,21674227
2019-06-24,HNXINDEX,104.85,105.11,104.56,104.78,21336183
2019-06-25,HNXINDEX,104.78,104.88,103.65,104.15,20780887
2019-06-26,HNXINDEX,104.15,104.32,103.74,103.95,24016377
2019-06-27,HNXINDEX,103.95,104.07,102.72,102.96,27327643
2019-06-28,HNXINDEX,102.96,103.52,102.35,103.51,20696718
2019-07-01,HNXINDEX,104.15,104.39,103.67,104.09,21842723
2019-07-02,HNXINDEX,104.2,104.2,103.35,103.46,22735576
2019-07-03,HNXINDEX,103.46,103.98,103.44,103.67,16499668
2019-07-04,HNXINDEX,103.67,104.54,103.67,104.34,20438091
2019-07-05,HNXINDEX,104.34,104.87,104.21,104.38,16275208
2019-07-08,HNXINDEX,104.38,104.7,103.5,103.81,14784374
2019-07-09,HNXINDEX,103.83,105.1,103.55,105.1,19227100
2019-07-10,HNXINDEX,105.1,105.6,105.05,105.14,22307996
2019-07-11,HNXINDEX,105.14,106.22,105.14,106.01,23839187
2019-07-12,HNXINDEX,106.01,106.62,105.78,105.86,25949487
2019-07-15,HNXINDEX,105.88,106.23,105.33,105.61,18944941
2019-07-16,HNXINDEX,105.72,106.25,105.5,105.85,22533297
2019-07-17,HNXINDEX,105.81,106.94,105.76,106.58,28837839
2019-07-18,HNXINDEX,106.58,106.74,105.88,106.74,24944797
2019-07-19,HNXINDEX,106.74,108.3,106.59,107.07,27462186
2019-07-22,HNXINDEX,111.1,111.1,106.12,106.76,23248804
2019-07-23,HNXINDEX,106.76,106.98,106.44,106.71,24718753
2019-07-24,HNXINDEX,106.71,107.5,105.92,106.44,29383975
2019-07-25,HNXINDEX,106.44,107.39,106.39,106.76,22753069
2019-07-26,HNXINDEX,106.76,107.06,105.94,106.4,25966594
2019-07-29,HNXINDEX,106.4,106.42,104.96,105.29,22671476
2019-07-30,HNXINDEX,105.29,105.86,104.35,104.43,23705542
2019-07-31,HNXINDEX,104.44,104.91,103.67,104.43,29642140
2019-08-01,HNXINDEX,104.43,104.83,103.64,103.88,19422728
2019-08-02,HNXINDEX,103.89,103.99,102.72,103.7,23599441
2019-08-05,HNXINDEX,103.7,103.73,102.3,102.91,26065414
2019-08-06,HNXINDEX,100.38,102.74,100.37,101.89,34022329
2019-08-07,HNXINDEX,101.89,102.77,101.39,101.89,23174993
2019-08-08,HNXINDEX,101.91,103.0,99.21,102.9,21241362
2019-08-09,HNXINDEX,102.9,103.76,101.89,102.79,23140996
2019-08-12,HNXINDEX,102.79,103.2,102.46,102.82,21556891
2019-08-13,HNXINDEX,102.82,102.82,101.54,102.29,21469256
2019-08-14,HNXINDEX,102.31,103.17,101.75,101.98,22663441
2019-08-15,HNXINDEX,102.01,102.01,100.63,101.66,22616691
2019-08-16,HNXINDEX,101.66,102.87,101.59,102.35,22580254
2019-08-19,HNXINDEX,102.34,103.44,102.09,102.58,17075156
2019-08-20,HNXINDEX,102.58,103.2,102.55,102.98,25606096
2019-08-21,HNXINDEX,103.0,103.42,102.73,103.01,29348348
2019-08-22,HNXINDEX,102.9,103.98,102.9,103.5,19942021
2019-08-23,HNXINDEX,103.5,103.76,102.89,103.25,21178074
2019-08-26,HNXINDEX,103.25,103.25,102.02,102.81,22307150
2019-08-27,HNXINDEX,102.82,103.33,102.36,102.86,21048453
2019-08-28,HNXINDEX,102.86,103.16,102.32,102.32,21020624
2019-08-29,HNXINDEX,102.32,102.89,101.72,101.94,17661209
2019-08-30,HNXINDEX,101.94,102.71,101.91,102.32,21891796
2019-09-03,HNXINDEX,102.32,102.99,101.19,101.4,20487898
2019-09-04,HNXINDEX,101.4,101.51,100.43,100.95,24791378
2019-09-05,HNXINDEX,100.95,101.4,100.66,100.96,15545234
2019-09-06,HNXINDEX,100.97,101.29,100.4,100.92,15392522
2019-09-09,HNXINDEX,100.41,101.2,100.04,100.85,16046902
2019-09-10,HNXINDEX,100.83,100.98,99.5,99.97,27040701
2019-09-11,HNXINDEX,99.98,100.2,99.42,100.17,18978449
2019-09-12,HNXINDEX,100.18,101.17,100.07,101.11,16720278
2019-09-13,HNXINDEX,101.12,102.2,100.97,102.2,19638940
2019-09-16,HNXINDEX,102.17,102.54,101.85,102.21,21292681
2019-09-17,HNXINDEX,102.29,102.49,101.46,102.23,21093792
2019-09-18,HNXINDEX,102.19,102.9,101.82,102.29,18025543
2019-09-19,HNXINDEX,102.29,104.05,102.06,104.04,24056717
2019-09-20,HNXINDEX,104.04,107.87,103.84,104.14,23183752
2019-09-23,HNXINDEX,104.14,105.28,103.91,104.38,21548493
2019-09-24,HNXINDEX,104.38,104.65,103.88,104.01,21635015
2019-09-25,HNXINDEX,104.02,104.05,103.41,103.81,19269702
2019-09-26,HNXINDEX,103.81,104.78,103.66,104.77,25330058
2019-09-27,HNXINDEX,107.6,107.6,104.52,104.77,22630898
2019-09-30,HNXINDEX,104.77,105.74,104.74,105.05,21079760
2019-10-01,HNXINDEX,105.05,105.85,104.85,105.85,25318709
2019-10-02,HNXINDEX,105.81,106.17,105.09,105.27,20238395
2019-10-03,HNXINDEX,105.27,105.27,104.46,105.21,19424039
2019-10-04,HNXINDEX,105.22,105.53,104.81,105.16,21131839
2019-10-07,HNXINDEX,105.15,105.15,103.61,103.73,19598699
2019-10-08,HNXINDEX,100.51,104.08,100.31,103.92,20060567
2019-10-09,HNXINDEX,103.92,104.72,103.88,104.62,21819638
2019-10-10,HNXINDEX,104.62,105.83,104.5,105.16,21951557
2019-10-11,HNXINDEX,105.16,105.55,104.87,105.26,17961167
2019-10-14,HNXINDEX,105.31,106.6,105.3,106.05,27988650
2019-10-15,HNXINDEX,106.04,106.16,105.64,106.01,23961679
2019-10-16,HNXINDEX,106.3,106.59,105.9,105.93,26618650
2019-10-17,HNXINDEX,105.98,106.08,105.39,106.07,17851096
2019-10-18,HNXINDEX,106.07,106.21,104.94,105.48,23581226
2019-10-21,HNXINDEX,105.48,105.63,103.9,104.01,27342835
2019-10-22,HNXINDEX,104.01,104.5,103.75,104.49,25498832
2019-10-23,HNXINDEX,104.49,104.8,103.94,104.14,16254828
2019-10-24,HNXINDEX,104.14,104.64,103.77,104.64,18836856
2019-10-25,HNXINDEX,104.69,104.9,104.21,104.71,21904231
2019-10-28,HNXINDEX,104.71,105.66,104.65,105.04,22144649
2019-10-29,HNXINDEX,105.16,105.42,104.27,104.68,16383011
2019-10-30,HNXINDEX,104.85,106.08,104.4,105.89,27420014
2019-10-31,HNXINDEX,105.91,106.36,105.13,105.19,25261391
2019-11-01,HNXINDEX,105.19,106.03,104.48,105.75,23157005
2019-11-04,HNXINDEX,105.75,106.85,105.7,106.6,23948115
2019-11-05,HNXINDEX,106.6,107.25,106.35,106.71,25240002
2019-11-06,HNXINDEX,106.71,107.18,106.59,106.75,17238406
2019-11-07,HNXINDEX,106.75,107.03,106.42,106.88,21388820
2019-11-08,HNXINDEX,107.38,107.9,106.88,107.27,24204684
2019-11-11,HNXINDEX,107.27,107.5,106.67,106.76,20522561
2019-11-12,HNXINDEX,106.76,107.09,106.38,106.96,19998959
2019-11-13,HNXINDEX,106.96,108.07,106.93,107.2,24916731
2019-11-14,HNXINDEX,107.2,107.44,106.13,106.24,21565179
2019-11-15,HNXINDEX,106.24,106.71,105.92,106.03,21445303
2019-11-18,HNXINDEX,106.02,106.34,105.02,105.15,18666193
2019-11-19,HNXINDEX,105.15,105.58,104.92,105.49,16934214
2019-11-20,HNXINDEX,105.6,105.73,104.68,104.91,15415992
2019-11-21,HNXINDEX,101.78,104.98,101.69,104.74,17294518
2019-11-22,HNXINDEX,104.74,104.92,102.67,103.09,23250356
2019-11-25,HNXINDEX,103.08,103.87,102.92,103.46,20563599
2019-11-26,HNXINDEX,103.46,104.2,103.39,103.99,16788018
2019-11-27,HNXINDEX,103.95,104.25,103.19,103.23,16071697
2019-11-28,HNXINDEX,103.24,103.52,102.05,102.34,17338744
2019-11-29,HNXINDEX,102.35,102.69,102.0,102.5,18702509
2019-12-02,HNXINDEX,102.5,102.78,100.83,100.9,23098810
2019-12-03,HNXINDEX,100.9,101.85,100.46,101.07,18571035
2019-12-04,HNXINDEX,101.07,102.54,100.85,102.47,20275693
2019-12-05,HNXINDEX,102.47,102.95,102.07,102.37,20149642
2019-12-06,HNXINDEX,102.37,102.78,102.14,102.5,15561594
2019-12-09,HNXINDEX,102.5,102.83,101.82,102.36,19243855
2019-12-10,HNXINDEX,102.36,102.57,101.42,102.04,16592186
2019-12-11,HNXINDEX,102.04,102.38,101.45,102.38,14648663
2019-12-12,HNXINDEX,102.38,102.85,102.11,102.71,23717193
2019-12-13,HNXINDEX,102.71,103.54,102.64,102.94,29612324
2019-12-16,HNXINDEX,102.95,103.74,102.95,103.22,26216290
2019-12-17,HNXINDEX,103.24,103.51,102.56,102.9,44014379
2019-12-18,HNXINDEX,102.89,102.94,101.58,101.8,27199668
2019-12-19,HNXINDEX,101.8,102.02,101.29,102.0,20620545
2019-12-20,HNXINDEX,102.0,102.42,101.62,102.42,20944728
2019-12-23,HNXINDEX,102.42,102.89,102.28,102.35,28858970
2019-12-24,HNXINDEX,102.34,102.64,101.87,102.45,19926459
2019-12-25,HNXINDEX,102.46,102.95,102.01,102.93,27823720
2019-12-26,HNXINDEX,102.93,102.93,101.89,102.32,21264942
2019-12-27,HNXINDEX,102.31,102.6,101.88,102.6,24942170
2019-12-30,HNXINDEX,102.6,102.97,101.75,102.16,26529593
2019-12-31,HNXINDEX,102.16,102.51,101.5,102.51,25838838
2020-01-02,HNXINDEX,102.51,103.06,102.22,102.99,19682735
2020-01-03,HNXINDEX,102.99,103.52,102.27,102.39,21848453
2020-01-06,HNXINDEX,102.39,102.43,101.11,101.23,24509390
2020-01-07,HNXINDEX,101.23,101.63,100.95,101.42,19294344
2020-01-08,HNXINDEX,101.46,101.75,100.07,100.92,11535540
2020-01-09,HNXINDEX,100.33,101.74,100.32,101.25,9254968
2020-01-10,HNXINDEX,101.36,102.76,101.35,102.22,32274062
2020-01-13,HNXINDEX,102.22,102.83,101.98,102.3,23704628
2020-01-14,HNXINDEX,102.3,103.48,102.14,103.36,20440034
2020-01-15,HNXINDEX,103.36,103.46,102.62,103.19,18831413
2020-01-16,HNXINDEX,103.19,104.54,103.14,104.32,23021865
2020-01-17,HNXINDEX,104.32,104.66,103.68,103.88,20998900
2020-01-20,HNXINDEX,103.88,105.24,103.57,104.64,22989583
2020-01-21,HNXINDEX,104.64,105.88,104.53,105.59,25422355
2020-01-22,HNXINDEX,105.59,106.28,105.21,106.28,24758473
2020-01-30,HNXINDEX,106.28,106.28,103.12,104.11,29849374
2020-01-31,HNXINDEX,104.09,104.53,102.22,102.36,47522555
2020-02-03,HNXINDEX,102.4,102.45,98.58,101.31,63521733
2020-02-04,HNXINDEX,101.58,102.58,100.92,102.57,29833323
2020-02-05,HNXINDEX,102.57,103.93,102.31,103.19,34827420
2020-02-06,HNXINDEX,102.8,105.84,102.74,105.84,33582447
2020-02-07,HNXINDEX,105.84,106.06,104.55,104.92,30804829
2020-02-10,HNXINDEX,104.92,105.08,103.69,103.97,28848434
2020-02-11,HNXINDEX,103.97,104.82,103.62,104.78,26348149
2020-02-12,HNXINDEX,104.78,108.64,104.78,108.51,41462436
2020-02-13,HNXINDEX,108.51,108.71,107.35,108.19,36541133
2020-02-14,HNXINDEX,108.19,110.42,108.19,109.74,30675790
2020-02-17,HNXINDEX,109.74,110.21,108.91,109.57,28806146
2020-02-18,HNXINDEX,109.57,111.01,109.31,110.07,28521342
2020-02-19,HNXINDEX,110.07,110.19,108.7,109.3,30425471
2020-02-20,HNXINDEX,109.3,110.92,108.85,109.57,35877582
2020-02-21,HNXINDEX,109.57,109.92,107.15,108.09,33072872
2020-02-24,HNXINDEX,108.09,108.09,103.8,104.18,64980105
2020-02-25,HNXINDEX,104.08,106.68,102.48,106.66,42554203
2020-02-26,HNXINDEX,106.66,107.34,105.08,106.61,52931256
2020-02-27,HNXINDEX,106.61,109.38,105.69,109.26,41813575
2020-02-28,HNXINDEX,108.9,109.69,104.87,109.58,65579274
2020-03-02,HNXINDEX,109.58,110.77,108.15,110.67,78154131
2020-03-03,HNXINDEX,110.86,113.4,110.78,112.58,78402725
2020-03-04,HNXINDEX,112.6,114.02,111.81,114.02,87859605
2020-03-05,HNXINDEX,114.03,116.67,114.03,115.03,110920939
2020-03-06,HNXINDEX,115.03,115.03,112.88,113.66,50521552
2020-03-09,HNXINDEX,113.64,113.64,105.75,106.34,54731620
2020-03-10,HNXINDEX,104.87,108.25,103.35,106.2,62318679
2020-03-11,HNXINDEX,106.2,107.97,102.5,105.52,71651940
2020-03-12,HNXINDEX,105.54,105.54,100.54,101.92,74738948
2020-03-13,HNXINDEX,101.99,102.24,97.07,101.38,84581037
2020-03-16,HNXINDEX,101.4,101.85,98.9,99.62,40707487
2020-03-17,HNXINDEX,99.64,101.05,96.79,100.72,47438568
2020-03-18,HNXINDEX,100.75,102.55,100.64,101.84,66041806
2020-03-19,HNXINDEX,101.84,101.96,99.83,100.99,87560554
2020-03-20,HNXINDEX,101.03,104.69,100.31,101.79,50042454
2020-03-23,HNXINDEX,101.52,101.52,96.08,96.46,64746314
2020-03-24,HNXINDEX,96.45,97.37,95.9,96.95,51432323
2020-03-25,HNXINDEX,97.01,100.44,96.99,100.09,42916325
2020-03-26,HNXINDEX,100.07,100.3,97.66,97.81,40990198
2020-03-27,HNXINDEX,97.85,98.32,96.39,97.35,40620562
2020-03-30,HNXINDEX,97.3,97.3,92.65,93.28,39733077
2020-03-31,HNXINDEX,93.06,94.98,91.58,92.64,49587767
2020-04-01,HNXINDEX,92.64,95.91,89.7,95.61,32719748
2020-04-03,HNXINDEX,95.62,98.17,94.81,97.84,44083771
2020-04-06,HNXINDEX,97.86,103.28,97.86,103.26,61245860
2020-04-07,HNXINDEX,103.43,104.21,102.02,103.43,56496300
2020-04-08,HNXINDEX,103.16,106.6,101.59,103.93,41298353
2020-04-09,HNXINDEX,107.14,107.2,103.65,105.08,48056753
2020-04-10,HNXINDEX,105.08,107.33,101.58,106.18,49934956
2020-04-13,HNXINDEX,106.2,108.02,103.1,107.16,35870256
2020-04-14,HNXINDEX,107.16,107.45,105.66,107.15,50359789
2020-04-15,HNXINDEX,107.15,108.9,106.78,108.33,48874915
2020-04-16,HNXINDEX,108.33,108.76,107.27,108.75,37420426
2020-04-17,HNXINDEX,108.73,110.61,108.18,110.46,51306251
2020-04-20,HNXINDEX,110.48,111.27,109.66,109.68,67829037
2020-04-21,HNXINDEX,109.7,109.72,104.4,104.7,73187141
2020-04-22,HNXINDEX,104.71,107.28,102.28,106.8,28862183
2020-04-23,HNXINDEX,106.78,108.57,106.5,106.97,47131859
2020-04-24,HNXINDEX,106.99,107.12,105.92,106.97,43462238
2020-04-27,HNXINDEX,106.98,107.59,105.92,106.3,37824206
2020-04-28,HNXINDEX,106.3,106.68,104.89,106.26,40512355
2020-04-29,HNXINDEX,106.3,106.85,105.9,106.84,47903271
2020-05-04,HNXINDEX,106.84,106.87,105.49,105.72,40364478
2020-05-05,HNXINDEX,105.68,106.15,105.11,105.41,26230216
2020-05-06,HNXINDEX,105.41,106.75,104.75,106.66,51330112
2020-05-07,HNXINDEX,106.65,108.36,106.58,108.31,37482697
2020-05-08,HNXINDEX,108.31,110.79,107.2,110.02,62052998
2020-05-11,HNXINDEX,110.03,111.57,110.03,111.57,51117937
2020-05-12,HNXINDEX,111.59,112.24,110.51,111.78,51681067
2020-05-13,HNXINDEX,111.78,112.3,110.62,111.86,61064447
2020-05-14,HNXINDEX,111.88,112.08,110.78,111.34,59396895
2020-05-15,HNXINDEX,111.34,112.76,109.0,109.02,70719098
2020-05-18,HNXINDEX,109.03,109.51,106.39,108.54,51200406
2020-05-19,HNXINDEX,108.54,110.38,108.18,108.83,58347846
2020-05-20,HNXINDEX,108.83,108.83,106.48,106.94,43391387
2020-05-21,HNXINDEX,105.2,106.33,104.66,105.74,71805288
2020-05-22,HNXINDEX,105.74,107.7,105.09,107.04,67033693
2020-05-25,HNXINDEX,107.05,109.36,107.05,109.15,43872374
2020-05-26,HNXINDEX,109.15,110.67,108.14,110.49,60723593
2020-05-27,HNXINDEX,110.49,111.55,108.54,108.89,58125495
2020-05-28,HNXINDEX,108.87,110.34,108.8,109.64,39255921
2020-05-29,HNXINDEX,109.64,109.85,108.88,109.81,49614751
2020-06-01,HNXINDEX,109.83,114.18,109.53,114.14,78682828
2020-06-02,HNXINDEX,114.14,116.37,113.23,113.64,76887589
2020-06-03,HNXINDEX,113.64,116.51,113.61,116.49,56634266
2020-06-04,HNXINDEX,116.48,117.89,116.48,117.42,65089386
2020-06-05,HNXINDEX,117.51,118.08,116.35,118.08,67376517
2020-06-08,HNXINDEX,118.14,120.68,118.14,120.1,102287647
2020-06-09,HNXINDEX,120.1,120.56,118.88,120.13,79378595
2020-06-10,HNXINDEX,120.13,121.06,118.85,120.68,72813348
2020-06-11,HNXINDEX,120.62,121.96,116.04,116.06,118261640
2020-06-12,HNXINDEX,116.07,116.96,111.92,116.91,80381905
2020-06-15,HNXINDEX,116.91,117.46,113.32,113.82,81916109
2020-06-16,HNXINDEX,113.82,116.16,113.82,115.49,60932793
2020-06-17,HNXINDEX,115.94,115.96,113.27,113.27,70258860
2020-06-18,HNXINDEX,113.27,113.29,112.03,112.74,48278656
2020-06-19,HNXINDEX,112.74,115.39,112.74,115.36,48015798
2020-06-22,HNXINDEX,115.36,116.46,114.53,114.72,57426959
2020-06-23,HNXINDEX,114.73,115.71,114.01,114.63,66879459
2020-06-24,HNXINDEX,114.63,115.7,113.57,113.7,51814711
2020-06-25,HNXINDEX,113.69,114.07,112.51,114.07,57783476
2020-06-26,HNXINDEX,114.06,115.32,113.26,113.45,50288838
2020-06-29,HNXINDEX,113.42,113.42,109.53,110.32,53405130
2020-06-30,HNXINDEX,110.34,111.83,107.94,109.76,57552636
2020-07-01,HNXINDEX,109.74,112.01,108.83,111.69,33105247
2020-07-02,HNXINDEX,111.69,112.47,111.23,111.61,24023970
2020-07-03,HNXINDEX,111.61,112.29,111.39,111.55,31477377
2020-07-06,HNXINDEX,111.55,113.27,111.37,113.07,31247259
2020-07-07,HNXINDEX,113.08,114.47,111.76,113.71,33401474
2020-07-08,HNXINDEX,113.71,114.41,112.67,114.37,25220007
2020-07-09,HNXINDEX,114.37,116.23,114.36,116.16,46286374
2020-07-10,HNXINDEX,116.16,116.67,115.05,115.66,30484831
2020-07-13,HNXINDEX,115.74,116.74,114.84,115.65,29195906
2020-07-14,HNXINDEX,115.65,116.14,115.04,116.14,32272041
2020-07-15,HNXINDEX,116.14,117.19,115.75,115.91,29667165
2020-07-16,HNXINDEX,115.92,116.6,115.1,115.59,31400881
2020-07-17,HNXINDEX,115.59,117.07,114.9,116.81,38928865
2020-07-20,HNXINDEX,116.81,117.08,115.49,115.72,35066577
2020-07-21,HNXINDEX,115.72,116.18,114.45,116.09,32112446
2020-07-22,HNXINDEX,116.16,116.3,114.66,115.32,32172749
2020-07-23,HNXINDEX,115.33,115.35,113.13,113.87,39308356
2020-07-24,HNXINDEX,113.87,114.24,107.74,109.33,68878170
2020-07-27,HNXINDEX,105.67,108.13,102.47,102.85,65042215
2020-07-28,HNXINDEX,102.83,107.98,101.83,107.98,48366160
2020-07-29,HNXINDEX,107.98,107.98,102.8,106.85,52687898
2020-07-30,HNXINDEX,106.85,108.49,105.98,108.1,29112152
2020-07-31,HNXINDEX,108.1,108.29,105.76,107.51,31961232
2020-08-03,HNXINDEX,107.51,110.43,106.69,110.43,42710213
2020-08-04,HNXINDEX,110.43,112.7,110.43,112.5,39699187
2020-08-05,HNXINDEX,112.5,114.28,112.45,114.02,40619101
2020-08-06,HNXINDEX,114.02,114.06,112.6,113.35,40712248
2020-08-07,HNXINDEX,113.35,114.09,112.38,112.78,30593324
2020-08-10,HNXINDEX,112.78,114.1,112.78,113.64,47384720
2020-08-11,HNXINDEX,113.64,116.3,112.71,116.3,48631049
2020-08-12,HNXINDEX,116.3,117.03,115.49,116.1,37596991
2020-08-13,HNXINDEX,116.08,116.87,116.01,116.87,38380885
2020-08-14,HNXINDEX,116.87,117.1,115.09,116.23,48714542
2020-08-17,HNXINDEX,116.23,117.21,115.53,117.21,40873898
2020-08-18,HNXINDEX,117.21,117.73,116.92,117.02,39642689
2020-08-19,HNXINDEX,117.02,119.57,116.76,119.19,51910937
2020-08-20,HNXINDEX,119.19,122.25,119.19,121.18,55289989
2020-08-21,HNXINDEX,121.47,122.73,120.59,122.64,43844161
2020-08-24,HNXINDEX,122.64,124.4,122.2,123.16,48044859
2020-08-25,HNXINDEX,123.16,124.1,122.6,123.37,52589258
2020-08-26,HNXINDEX,123.47,124.28,122.88,123.89,58551701
2020-08-27,HNXINDEX,123.89,125.08,123.61,124.92,42782543
2020-08-28,HNXINDEX,124.92,126.87,124.92,125.84,57458286
2020-08-31,HNXINDEX,125.85,126.69,124.7,124.85,54434086
2020-09-01,HNXINDEX,124.85,125.41,124.0,125.41,44157802
2020-09-03,HNXINDEX,125.41,126.52,124.57,126.05,52274337
2020-09-04,HNXINDEX,126.05,126.16,123.91,126.15,51247233
2020-09-07,HNXINDEX,126.15,126.66,124.73,125.43,52359123
2020-09-08,HNXINDEX,125.43,125.89,124.7,124.8,50452308
2020-09-09,HNXINDEX,124.8,125.93,123.59,125.93,40073990
2020-09-10,HNXINDEX,125.93,126.95,125.7,125.82,40616314
2020-09-11,HNXINDEX,125.93,126.78,124.87,126.21,48532557
2020-09-14,HNXINDEX,126.21,127.54,126.21,127.43,55291252
2020-09-15,HNXINDEX,127.43,128.08,127.17,127.93,57734928
2020-09-16,HNXINDEX,127.93,128.15,127.38,127.87,53020156
2020-09-17,HNXINDEX,127.87,129.41,127.54,128.47,58380014
2020-09-18,HNXINDEX,128.48,129.21,128.23,129.2,43222995
2020-09-21,HNXINDEX,129.2,131.89,129.2,130.58,69188597
2020-09-22,HNXINDEX,130.58,132.19,129.94,132.19,66597919
2020-09-23,HNXINDEX,132.19,133.68,132.03,132.64,50990054
2020-09-24,HNXINDEX,132.65,132.83,131.32,131.71,45847426
2020-09-25,HNXINDEX,131.71,132.25,130.22,131.52,48371754
2020-09-28,HNXINDEX,131.52,133.55,131.52,133.12,52337676
2020-09-29,HNXINDEX,133.12,134.08,131.47,131.74,62257668
2020-09-30,HNXINDEX,131.74,132.93,131.05,132.93,43369120
2020-10-01,HNXINDEX,132.93,133.94,132.37,133.5,54159767
2020-10-02,HNXINDEX,133.5,135.92,132.65,134.91,87915215
2020-10-05,HNXINDEX,134.76,137.3,134.76,137.19,79313307
2020-10-06,HNXINDEX,137.19,138.67,136.78,137.77,58134867
2020-10-07,HNXINDEX,137.77,138.05,136.04,136.13,68387602
2020-10-08,HNXINDEX,136.13,136.99,134.49,135.61,65778660
2020-10-09,HNXINDEX,135.61,137.43,135.48,136.91,65034732
2020-10-12,HNXINDEX,136.91,138.16,135.65,135.9,64210503
2020-10-13,HNXINDEX,135.9,136.32,135.07,136.15,35134021
2020-10-14,HNXINDEX,136.15,137.75,136.1,137.49,59137588
2020-10-15,HNXINDEX,137.52,140.62,137.32,139.66,62834586
2020-10-16,HNXINDEX,139.66,140.88,138.81,139.82,45056580
2020-10-19,HNXINDEX,139.82,141.85,139.82,140.88,47334961
2020-10-20,HNXINDEX,140.88,141.28,139.48,140.33,46051796
2020-10-21,HNXINDEX,140.33,141.41,139.98,139.98,49565097
2020-10-22,HNXINDEX,139.98,141.42,139.48,140.86,41794839
2020-10-23,HNXINDEX,140.86,142.26,140.85,141.7,60775692
2020-10-26,HNXINDEX,141.7,142.28,139.03,139.03,55693811
2020-10-27,HNXINDEX,139.03,139.35,137.13,137.13,48055584
2020-10-28,HNXINDEX,137.13,137.34,133.9,134.04,59015088
2020-10-29,HNXINDEX,134.04,135.43,132.61,134.37,42968371
2020-10-30,HNXINDEX,134.34,135.85,133.67,135.34,33869385
2020-11-02,HNXINDEX,135.43,136.87,135.2,136.87,30168092
2020-11-03,HNXINDEX,136.87,138.71,136.87,138.58,36520429
2020-11-04,HNXINDEX,138.58,140.55,138.56,140.03,44208729
2020-11-05,HNXINDEX,140.03,140.48,138.18,138.3,34721880
2020-11-06,HNXINDEX,138.3,139.31,137.77,139.31,32392178
2020-11-09,HNXINDEX,139.33,141.61,139.33,141.61,53564813
2020-11-10,HNXINDEX,141.61,143.67,141.24,141.37,69301876
2020-11-11,HNXINDEX,141.37,142.06,140.62,141.82,43708099
2020-11-12,HNXINDEX,141.82,144.62,141.61,144.62,55452124
2020-11-13,HNXINDEX,144.62,145.1,143.9,144.74,49269853
2020-11-16,HNXINDEX,144.74,145.71,143.12,143.36,58094280
2020-11-17,HNXINDEX,143.36,146.58,143.36,146.58,66052735
2020-11-18,HNXINDEX,146.58,147.67,145.7,146.8,59170462
2020-11-19,HNXINDEX,146.8,147.36,146.03,146.85,56703970
2020-11-20,HNXINDEX,146.85,147.57,146.0,147.21,61937085
2020-11-23,HNXINDEX,147.21,148.18,146.46,148.18,63270462
2020-11-24,HNXINDEX,148.18,148.88,146.32,147.58,69977550
2020-11-25,HNXINDEX,147.58,148.67,147.06,148.09,73244103
2020-11-26,HNXINDEX,148.09,148.9,147.06,148.4,62252832
2020-11-27,HNXINDEX,148.4,148.96,147.68,148.17,50992707
2020-11-30,HNXINDEX,148.17,148.5,147.17,147.7,57834659
2020-12-01,HNXINDEX,147.7,148.93,145.58,148.93,82178695
2020-12-02,HNXINDEX,148.97,151.07,148.67,150.8,67293141
2020-12-03,HNXINDEX,150.8,151.99,150.8,151.99,55280885
2020-12-04,HNXINDEX,151.99,153.18,150.98,152.48,60647496
2020-12-07,HNXINDEX,152.48,154.2,152.25,154.2,58099377
2020-12-08,HNXINDEX,154.2,156.9,154.17,156.61,72802304
2020-12-09,HNXINDEX,156.61,159.41,156.58,158.74,74465678
2020-12-10,HNXINDEX,158.74,161.08,158.74,159.3,72316606
2020-12-11,HNXINDEX,159.3,162.32,159.2,162.32,54130929
2020-12-14,HNXINDEX,162.32,166.08,161.66,165.74,76284345
2020-12-15,HNXINDEX,165.74,168.75,165.74,167.87,100958397
2020-12-16,HNXINDEX,167.87,172.1,167.87,171.62,71382900
2020-12-17,HNXINDEX,171.62,172.32,169.16,172.0,112313328
2020-12-18,HNXINDEX,172.0,177.02,170.0,177.02,88928387
2020-12-21,HNXINDEX,177.02,182.11,177.02,182.11,115950696
2020-12-22,HNXINDEX,182.11,187.85,180.21,187.85,114509670
2020-12-23,HNXINDEX,187.89,191.53,187.01,190.25,145206159
2020-12-24,HNXINDEX,190.25,190.65,184.25,187.63,133096036
2020-12-25,HNXINDEX,187.63,192.66,183.9,192.46,98340719
2020-12-28,HNXINDEX,192.46,198.08,192.46,196.57,122251167
2020-12-29,HNXINDEX,196.57,197.85,194.21,197.1,101812186
2020-12-30,HNXINDEX,197.1,197.32,192.06,196.94,110872108
2020-12-31,HNXINDEX,196.94,203.12,194.35,203.12,100281136
2021-01-04,HNXINDEX,203.12,206.6,200.46,206.28,106271330
2021-01-05,HNXINDEX,206.28,213.0,205.73,208.13,123520433
2021-01-06,HNXINDEX,208.36,212.95,208.36,211.68,126097649
2021-01-07,HNXINDEX,211.68,216.23,211.16,216.23,152274623
2021-01-08,HNXINDEX,216.23,218.12,215.6,217.4,165060870
2021-01-11,HNXINDEX,217.4,221.51,217.4,219.12,137969521
2021-01-12,HNXINDEX,219.3,221.97,216.56,221.97,166570688
2021-01-13,HNXINDEX,222.44,225.01,219.1,222.49,197181639
2021-01-14,HNXINDEX,222.86,222.91,219.66,222.27,124683342
2021-01-15,HNXINDEX,222.27,226.99,220.85,225.47,174574053
2021-01-18,HNXINDEX,225.59,232.82,225.59,230.5,155722835
2021-01-19,HNXINDEX,230.69,237.22,220.46,224.02,263670027
2021-01-20,HNXINDEX,223.99,233.26,222.11,233.26,172499955
2021-01-21,HNXINDEX,233.26,243.56,233.26,240.27,128159184
2021-01-22,HNXINDEX,240.27,245.75,233.82,240.12,144572240
2021-01-25,HNXINDEX,240.12,240.19,231.84,231.84,146309937
2021-01-26,HNXINDEX,231.75,234.95,222.62,227.82,183503721
2021-01-27,HNXINDEX,227.82,227.83,218.85,220.79,137352831
2021-01-28,HNXINDEX,220.79,220.79,201.36,203.05,119345337
2021-01-29,HNXINDEX,203.05,214.5,195.78,214.21,162951162
2021-02-01,HNXINDEX,213.92,218.46,208.48,208.85,101534222
2021-02-02,HNXINDEX,208.87,215.6,207.12,215.36,104307298
2021-02-03,HNXINDEX,215.36,223.91,215.36,223.62,117160664
2021-02-04,HNXINDEX,223.62,225.73,222.74,223.68,80768986
2021-02-05,HNXINDEX,223.68,227.19,221.88,223.84,98632935
2021-02-08,HNXINDEX,223.84,227.32,219.09,220.76,122185642
2021-02-09,HNXINDEX,220.76,225.36,220.23,224.9,73849671
2021-02-17,HNXINDEX,225.45,230.43,224.04,230.02,83079984
2021-02-18,HNXINDEX,230.57,232.24,229.96,230.96,124754301
2021-02-19,HNXINDEX,230.96,232.24,229.21,231.18,100487526
2021-02-22,HNXINDEX,231.18,237.97,229.62,237.97,104566337
2021-02-23,HNXINDEX,237.97,238.78,232.46,238.78,124703167
2021-02-24,HNXINDEX,238.78,240.5,233.6,237.89,148639107
2021-02-25,HNXINDEX,237.89,246.2,237.89,246.2,113362762
2021-02-26,HNXINDEX,246.2,252.36,245.2,249.22,113027062
2021-03-01,HNXINDEX,249.22,252.59,247.66,252.37,121160252
2021-03-02,HNXINDEX,252.37,255.03,247.94,247.94,111067422
2021-03-03,HNXINDEX,247.95,254.1,247.62,254.1,118078208
2021-03-04,HNXINDEX,254.1,257.24,251.41,255.77,171277656
2021-03-05,HNXINDEX,255.77,260.61,254.0,259.8,151837717
2021-03-08,HNXINDEX,259.8,265.43,259.8,263.42,143326715
2021-03-09,HNXINDEX,263.42,266.59,263.42,264.83,143878969
2021-03-10,HNXINDEX,264.83,267.1,263.57,267.1,147168549
2021-03-11,HNXINDEX,267.1,273.59,267.1,273.52,158702767
2021-03-12,HNXINDEX,273.52,278.46,273.36,273.91,140815735
2021-03-15,HNXINDEX,273.91,279.49,273.91,275.19,136837453
2021-03-16,HNXINDEX,275.19,276.97,272.99,275.88,164936693
2021-03-17,HNXINDEX,275.88,276.98,274.67,276.55,142987724
2021-03-18,HNXINDEX,276.55,278.71,275.27,277.48,143093257
2021-03-19,HNXINDEX,277.48,277.79,274.63,277.7,140322896
2021-03-22,HNXINDEX,278.02,278.84,274.31,274.84,131598669
2021-03-23,HNXINDEX,274.84,276.22,269.49,272.34,163960658
2021-03-24,HNXINDEX,272.34,272.69,265.13,268.69,168551684
2021-03-25,HNXINDEX,268.69,269.79,266.45,267.19,107194292
2021-03-26,HNXINDEX,267.19,270.96,258.73,270.96,215622952
2021-03-29,HNXINDEX,270.96,276.16,269.83,276.16,170220537
2021-03-30,HNXINDEX,276.16,281.37,276.16,281.14,160783444
2021-03-31,HNXINDEX,281.14,286.72,279.81,286.67,210779964
2021-04-01,HNXINDEX,286.67,293.84,284.39,292.4,187336986
2021-04-02,HNXINDEX,292.4,298.0,291.91,294.89,178006432
2021-04-05,HNXINDEX,294.57,297.34,291.24,291.24,149004209
2021-04-06,HNXINDEX,292.03,292.82,288.99,291.68,189576119
2021-04-07,HNXINDEX,291.68,293.26,291.06,292.84,157636222
2021-04-08,HNXINDEX,292.86,294.18,291.15,293.75,178358127
2021-04-09,HNXINDEX,293.75,294.15,291.92,293.79,160739500
2021-04-12,HNXINDEX,293.79,295.85,292.86,295.53,183188830
2021-04-13,HNXINDEX,295.53,298.28,292.19,292.19,227435372
2021-04-14,HNXINDEX,292.19,294.83,290.7,294.83,155331024
2021-04-15,HNXINDEX,294.83,297.22,294.16,296.12,157389076
2021-04-16,HNXINDEX,296.12,296.72,290.21,293.11,218553575
2021-04-19,HNXINDEX,292.39,295.78,291.13,295.75,151325000
2021-04-20,HNXINDEX,295.75,297.57,295.48,296.48,155958300
2021-04-22,HNXINDEX,296.48,297.37,287.04,287.04,168394400
2021-04-23,HNXINDEX,287.04,287.53,277.93,283.63,137537600
2021-04-26,HNXINDEX,283.63,287.82,280.24,280.68,127902700
2021-04-27,HNXINDEX,280.68,280.68,277.56,280.56,100340600
2021-04-28,HNXINDEX,280.56,282.1,279.02,282.07,85745400
2021-04-29,HNXINDEX,282.07,282.62,281.02,281.75,85136900
2021-05-04,HNXINDEX,281.75,282.0,276.49,277.71,100550800
2021-05-05,HNXINDEX,277.71,281.96,277.32,280.93,115032600
2021-05-06,HNXINDEX,280.86,286.13,280.78,281.09,112014000
2021-05-07,HNXINDEX,281.09,281.16,275.39,279.86,114815000
2021-05-10,HNXINDEX,279.86,281.19,277.62,280.27,109897100
2021-05-11,HNXINDEX,280.27,282.58,278.93,279.76,110116900
2021-05-12,HNXINDEX,279.76,282.49,277.99,282.33,88912000
2021-05-13,HNXINDEX,282.33,288.01,282.23,287.03,118826500
2021-05-14,HNXINDEX,287.03,294.79,287.01,294.72,139290700
2021-05-17,HNXINDEX,294.72,300.46,294.16,296.79,128799200
2021-05-18,HNXINDEX,296.79,297.33,291.74,294.64,118991800
2021-05-19,HNXINDEX,294.64,295.27,292.09,295.25,127035900
2021-05-20,HNXINDEX,295.25,296.29,294.33,295.1,124957900
2021-05-21,HNXINDEX,295.1,299.63,293.98,297.99,133041300
2021-05-24,HNXINDEX,297.99,300.35,297.67,300.33,106801400
2021-05-25,HNXINDEX,300.33,301.87,299.77,301.59,116139600
2021-05-26,HNXINDEX,301.59,305.74,301.01,304.86,135890100
2021-05-27,HNXINDEX,304.86,307.41,301.49,304.45,137893400
2021-05-28,HNXINDEX,304.45,311.38,303.55,310.46,168327600
2021-05-31,HNXINDEX,310.46,318.37,308.7,317.85,186211200
2021-06-01,HNXINDEX,317.85,324.7,315.9,318.47,201092900
2021-06-02,HNXINDEX,318.47,322.1,314.06,322.05,177494100
2021-06-03,HNXINDEX,322.05,331.4,321.87,329.95,222872200
2021-06-04,HNXINDEX,329.95,331.9,325.25,329.76,203047500
2021-06-07,HNXINDEX,329.76,330.65,317.21,318.63,224092600
2021-06-08,HNXINDEX,318.63,324.87,301.58,306.39,222189200
2021-06-09,HNXINDEX,306.39,317.16,302.08,316.87,150514600
2021-06-10,HNXINDEX,316.87,319.11,311.32,311.32,142386100
2021-06-11,HNXINDEX,311.32,320.23,311.27,316.69,149812200
2021-06-14,HNXINDEX,316.69,322.23,316.68,319.01,165094500
2021-06-15,HNXINDEX,319.01,321.81,317.67,318.29,152941800
2021-06-16,HNXINDEX,318.29,320.94,313.65,313.65,174234200
2021-06-17,HNXINDEX,313.65,317.27,309.46,317.07,146323600
2021-06-18,HNXINDEX,317.07,320.63,316.82,318.73,134889300
2021-06-21,HNXINDEX,318.73,320.01,315.74,316.24,136498800
2021-06-22,HNXINDEX,316.24,322.84,316.24,317.09,138999000
2021-06-23,HNXINDEX,317.09,318.71,314.89,315.8,122028900
2021-06-24,HNXINDEX,315.8,317.38,313.67,315.08,89488200
2021-06-25,HNXINDEX,315.08,318.23,313.55,318.22,117521700
2021-06-28,HNXINDEX,318.22,323.3,318.04,323.1,127964400
2021-06-29,HNXINDEX,323.1,325.57,322.22,323.79,128612500
2021-06-30,HNXINDEX,323.79,324.77,321.75,323.32,99823900
2021-07-01,HNXINDEX,323.32,326.55,321.63,325.72,151069800
2021-07-02,HNXINDEX,325.72,328.79,325.6,328.01,139521600
2021-07-05,HNXINDEX,328.01,329.0,323.4,327.76,138244400
2021-07-06,HNXINDEX,327.76,330.97,318.51,318.51,160199400
2021-07-07,HNXINDEX,318.51,324.98,312.46,319.83,145940700
2021-07-08,HNXINDEX,319.83,321.48,315.82,315.98,94603400
2021-07-09,HNXINDEX,315.98,317.36,306.54,306.73,119797500
2021-07-12,HNXINDEX,306.73,307.94,288.27,292.98,183249200
2021-07-13,HNXINDEX,292.98,298.58,292.22,296.7,100789800
2021-07-14,HNXINDEX,295.97,299.85,292.11,296.84,88487400
2021-07-15,HNXINDEX,296.84,306.3,295.01,306.3,88833400
2021-07-16,HNXINDEX,306.3,311.57,306.3,307.76,94959200
2021-07-19,HNXINDEX,307.76,307.76,291.84,292.06,115983900
2021-07-20,HNXINDEX,292.06,301.11,288.79,301.11,92856900
2021-07-21,HNXINDEX,301.11,304.28,299.07,300.8,59483400
2021-07-22,HNXINDEX,300.8,306.69,300.03,305.97,87183100
2021-07-23,HNXINDEX,305.97,306.47,301.77,301.77,86904100
2021-07-26,HNXINDEX,301.77,303.35,298.68,302.88,71577100
2021-07-27,HNXINDEX,302.88,307.68,296.17,306.0,90260200
2021-07-28,HNXINDEX,306.0,307.27,298.93,306.25,62291100
2021-07-29,HNXINDEX,306.25,311.25,306.04,310.97,87608900
2021-07-30,HNXINDEX,310.97,315.02,310.97,314.85,106365700
2021-08-02,HNXINDEX,314.85,317.7,314.06,314.93,102573800
2021-08-03,HNXINDEX,314.93,319.13,314.17,319.13,113022200
2021-08-04,HNXINDEX,319.13,326.59,318.21,320.02,119074800
2021-08-05,HNXINDEX,320.02,325.51,318.93,325.46,134085500
2021-08-06,HNXINDEX,325.46,327.38,324.45,325.46,135327000
2021-08-09,HNXINDEX,325.46,330.82,323.81,330.68,136707000
2021-08-10,HNXINDEX,330.68,335.32,330.62,335.08,161453300
2021-08-11,HNXINDEX,335.08,338.13,334.44,334.44,147633900
2021-08-12,HNXINDEX,334.44,337.5,332.86,334.33,149652300
2021-08-13,HNXINDEX,334.33,336.97,330.1,336.96,152347000
2021-08-16,HNXINDEX,336.96,343.76,336.76,343.53,180367300
2021-08-17,HNXINDEX,343.53,345.38,341.24,343.11,167110500
2021-08-18,HNXINDEX,343.11,346.14,342.51,344.82,147949900
2021-08-19,HNXINDEX,344.82,347.15,343.38,346.07,152364900
2021-08-20,HNXINDEX,346.07,347.31,332.46,338.06,258868800
2021-08-23,HNXINDEX,338.06,339.62,334.84,334.84,166823800
2021-08-24,HNXINDEX,334.84,339.15,329.91,331.79,161130100
2021-08-25,HNXINDEX,331.79,336.01,329.47,336.01,100048600
2021-08-26,HNXINDEX,337.93,340.75,335.02,336.85,118692200
2021-08-27,HNXINDEX,336.85,338.79,332.41,338.79,133782400
2021-08-30,HNXINDEX,338.79,342.68,338.58,341.3,134945900
2021-08-31,HNXINDEX,341.3,343.85,341.06,342.81,144039300
2021-09-01,HNXINDEX,342.81,345.68,341.87,343.42,133940900
2021-09-06,HNXINDEX,343.42,348.45,343.42,345.63,184684000
2021-09-07,HNXINDEX,345.63,350.81,345.63,346.48,169026100
2021-09-08,HNXINDEX,346.48,350.61,346.48,347.28,117111700
2021-09-09,HNXINDEX,347.28,350.99,347.07,350.44,107106400
2021-09-10,HNXINDEX,350.44,352.36,349.38,350.05,120752200
2021-09-13,HNXINDEX,350.05,354.39,348.7,349.05,167600500
2021-09-14,HNXINDEX,349.05,353.44,347.35,347.86,165054800
2021-09-15,HNXINDEX,347.86,352.08,347.66,350.75,169171100
2021-09-16,HNXINDEX,350.75,355.6,350.75,353.24,157912100
2021-09-17,HNXINDEX,353.24,359.02,353.24,357.97,170061800
2021-09-20,HNXINDEX,357.97,362.19,357.14,358.87,184301900
2021-09-21,HNXINDEX,359.09,359.47,354.3,358.98,185902000
2021-09-22,HNXINDEX,358.98,363.43,358.58,363.43,181164000
2021-09-23,HNXINDEX,363.43,365.75,359.69,361.02,198814300
2021-09-24,HNXINDEX,361.02,362.7,358.59,359.63,135347300
2021-09-27,HNXINDEX,359.63,361.51,352.73,353.01,145718500
2021-09-28,HNXINDEX,353.01,357.1,349.62,356.03,135627100
2021-09-29,HNXINDEX,356.03,356.64,352.71,354.29,105750400
2021-09-30,HNXINDEX,354.29,359.05,354.25,357.33,90731800
2021-10-01,HNXINDEX,357.33,359.42,355.16,356.49,114264200
2021-10-04,HNXINDEX,356.49,360.97,356.12,360.89,142454400
2021-10-05,HNXINDEX,360.89,366.53,359.96,366.5,144938800
2021-10-06,HNXINDEX,366.5,368.52,366.5,368.47,98010800
2021-10-07,HNXINDEX,368.47,371.74,368.28,370.4,102275400
2021-10-08,HNXINDEX,370.4,372.68,370.07,371.92,93671000
2021-10-11,HNXINDEX,371.92,375.2,371.66,374.34,93798200
2021-10-12,HNXINDEX,374.34,378.31,374.34,375.68,105239100
2021-10-13,HNXINDEX,375.68,379.95,375.68,379.34,90734400
2021-10-14,HNXINDEX,379.34,386.49,379.34,384.84,104367200
2021-10-15,HNXINDEX,384.84,387.5,383.29,384.84,114743600
2021-10-18,HNXINDEX,384.84,388.05,384.33,384.88,122549500
2021-10-19,HNXINDEX,384.88,388.0,383.81,387.0,106980700
2021-10-20,HNXINDEX,387.0,390.2,385.96,388.29,134430700
2021-10-21,HNXINDEX,388.29,391.28,386.33,388.45,117429300
2021-10-22,HNXINDEX,388.45,392.13,388.43,391.21,151836200
2021-10-25,HNXINDEX,391.21,397.46,390.55,395.88,145261700
2021-10-26,HNXINDEX,395.88,398.02,393.46,397.81,112002300
2021-10-27,HNXINDEX,397.81,404.83,397.81,404.37,136456100
2021-10-28,HNXINDEX,404.37,411.07,403.92,411.07,161212300
2021-10-29,HNXINDEX,411.07,413.93,409.2,412.12,146374600
2021-11-01,HNXINDEX,412.12,420.42,412.12,415.54,169050000
2021-11-02,HNXINDEX,415.54,424.83,415.54,424.11,178214900
2021-11-03,HNXINDEX,424.11,430.31,415.7,415.71,216137400
2021-11-04,HNXINDEX,415.71,422.92,413.84,422.42,135762100
2021-11-05,HNXINDEX,422.42,428.52,422.36,427.64,145119300
2021-11-08,HNXINDEX,427.64,433.95,427.5,432.1,159429400
2021-11-09,HNXINDEX,432.1,434.91,430.16,432.64,143014200
2021-11-10,HNXINDEX,432.64,438.33,432.64,438.24,150767700
2021-11-11,HNXINDEX,438.24,440.76,432.98,438.73,181844700
2021-11-12,HNXINDEX,438.73,442.17,437.43,441.63,162874300
2021-11-15,HNXINDEX,441.63,449.62,441.63,444.28,204548800
2021-11-16,HNXINDEX,444.28,453.43,439.16,452.25,191314200
2021-11-17,HNXINDEX,452.25,462.98,451.53,462.95,140122800
2021-11-18,HNXINDEX,462.95,469.9,462.02,468.73,168658000
2021-11-19,HNXINDEX,468.73,474.76,453.97,453.97,250857900
2021-11-22,HNXINDEX,453.97,456.5,443.25,444.62,180709500
2021-11-23,HNXINDEX,444.62,448.6,437.53,448.6,116667600
2021-11-24,HNXINDEX,448.6,455.58,448.22,455.58,106462600
2021-11-25,HNXINDEX,455.58,459.99,455.19,459.67,106573600
2021-11-26,HNXINDEX,459.67,463.76,455.06,458.63,133678700
2021-11-29,HNXINDEX,458.63,464.4,449.33,460.58,133958700
2021-11-30,HNXINDEX,460.58,464.01,456.36,458.05,149163900
2021-12-01,HNXINDEX,458.05,458.62,454.02,455.81,126660400
2021-12-02,HNXINDEX,455.81,460.12,448.17,458.23,124028700
2021-12-03,HNXINDEX,458.23,460.13,449.27,449.27,153845200
2021-12-06,HNXINDEX,449.27,450.18,432.99,435.85,138533000
2021-12-07,HNXINDEX,435.85,446.41,435.27,446.41,104932500
2021-12-08,HNXINDEX,446.41,451.72,446.17,449.74,121184900
2021-12-09,HNXINDEX,449.74,453.68,448.47,452.53,88295000
2021-12-10,HNXINDEX,452.53,453.73,449.58,450.75,103339100
2021-12-13,HNXINDEX,450.75,457.71,450.57,457.56,108079600
2021-12-14,HNXINDEX,457.56,459.12,452.33,454.68,108099500
2021-12-15,HNXINDEX,454.68,456.23,453.01,453.7,112761400
2021-12-16,HNXINDEX,453.7,457.45,453.53,457.03,115571100
2021-12-17,HNXINDEX,457.03,461.15,454.82,456.2,140192200
2021-12-20,HNXINDEX,456.2,458.31,451.83,454.59,120831100
2021-12-21,HNXINDEX,454.59,456.72,451.87,455.01,111218500
2021-12-22,HNXINDEX,455.01,457.62,451.6,453.1,142414000
2021-12-23,HNXINDEX,453.1,454.02,440.97,442.61,161994900
2021-12-24,HNXINDEX,442.61,447.04,440.69,445.61,115176500
2021-12-27,HNXINDEX,445.61,449.84,444.83,449.41,85296600
2021-12-28,HNXINDEX,449.41,458.05,449.41,458.05,128258800
2021-12-29,HNXINDEX,458.05,460.33,456.9,457.83,105723100
2021-12-30,HNXINDEX,457.83,461.88,457.69,461.65,115856700
2021-12-31,HNXINDEX,461.65,474.18,460.94,473.99,102377700
2022-01-04,HNXINDEX,473.99,479.81,467.51,474.1,97180800
2022-01-05,HNXINDEX,474.1,480.87,474.1,480.36,131877600
2022-01-06,HNXINDEX,480.36,487.35,479.54,484.89,139691000
2022-01-07,HNXINDEX,484.89,493.94,484.87,493.84,143928700
2022-01-10,HNXINDEX,493.84,500.09,482.65,482.89,185622800
2022-01-11,HNXINDEX,482.89,486.75,479.8,481.61,138112900
2022-01-12,HNXINDEX,481.61,481.77,464.91,473.64,135123100
2022-01-13,HNXINDEX,473.64,478.7,460.7,460.83,106145900
2022-01-14,HNXINDEX,460.83,468.48,451.85,466.86,86084700
2022-01-17,HNXINDEX,466.86,475.93,445.27,445.34,130503600
2022-01-18,HNXINDEX,445.34,445.38,417.21,421.21,91152000
2022-01-19,HNXINDEX,421.21,421.21,405.84,409.31,98813000
2022-01-20,HNXINDEX,409.31,413.36,397.49,411.8,78508500
2022-01-21,HNXINDEX,411.8,421.43,411.8,417.84,81059000
2022-01-24,HNXINDEX,417.84,421.63,400.67,400.76,110386200
2022-01-25,HNXINDEX,400.76,410.95,395.24,410.23,69615300
2022-01-26,HNXINDEX,410.23,417.34,410.23,411.82,52308800
2022-01-27,HNXINDEX,411.82,414.6,405.97,411.27,51670900
2022-01-28,HNXINDEX,411.27,417.03,406.85,416.73,67644100
2022-02-07,HNXINDEX,416.73,423.81,416.73,419.33,52318800
2022-02-08,HNXINDEX,419.33,419.62,416.09,417.89,58753100
2022-02-09,HNXINDEX,417.89,424.29,415.12,424.19,64772500
2022-02-10,HNXINDEX,424.19,431.14,424.19,428.24,55309700
2022-02-11,HNXINDEX,428.24,429.72,425.74,426.89,70943600
2022-02-14,HNXINDEX,426.89,427.41,421.01,421.01,74875600
2022-02-15,HNXINDEX,421.01,425.25,418.82,423.84,47083000
2022-02-16,HNXINDEX,423.84,429.53,423.73,429.12,72431000
2022-02-17,HNXINDEX,429.12,432.27,427.88,430.24,62338600
2022-02-18,HNXINDEX,430.24,435.73,427.27,435.61,81601500
2022-02-21,HNXINDEX,435.61,443.01,435.57,440.99,97364900
2022-02-22,HNXINDEX,440.99,441.42,430.64,434.43,119180400
2022-02-23,HNXINDEX,434.43,442.89,432.35,442.54,108673800
2022-02-24,HNXINDEX,442.54,444.38,428.39,434.88,158826800
2022-02-25,HNXINDEX,434.88,442.74,434.59,440.16,104592800
2022-02-28,HNXINDEX,440.16,442.12,438.8,440.42,98753400
2022-03-01,HNXINDEX,440.42,444.7,440.14,443.56,117185700
2022-03-02,HNXINDEX,443.56,446.45,440.4,442.25,104739100
2022-03-03,HNXINDEX,442.25,449.33,442.25,449.31,119375500
2022-03-04,HNXINDEX,449.31,452.93,449.22,450.59,137479900
2022-03-07,HNXINDEX,450.59,454.04,449.64,452.86,136638900
2022-03-08,HNXINDEX,452.86,453.0,445.44,445.89,140082700
2022-03-09,HNXINDEX,445.89,448.37,437.97,444.6,138613700
2022-03-10,HNXINDEX,444.6,449.87,442.88,447.64,118661500
2022-03-11,HNXINDEX,447.64,448.17,440.68,442.2,168784500
2022-03-14,HNXINDEX,442.2,443.53,434.07,436.57,125684100
2022-03-15,HNXINDEX,436.57,443.6,435.48,443.52,96850400
2022-03-16,HNXINDEX,443.52,448.3,443.52,446.18,80395300
2022-03-17,HNXINDEX,446.18,450.34,445.93,446.16,102193700
2022-03-18,HNXINDEX,446.16,453.76,446.16,451.21,111052900
2022-03-21,HNXINDEX,451.21,458.29,451.21,458.29,100373300
2022-03-22,HNXINDEX,458.29,465.2,458.29,461.35,134213100
2022-03-23,HNXINDEX,461.35,465.59,460.86,462.1,122868700
2022-03-24,HNXINDEX,462.1,462.88,458.72,462.8,116364600
2022-03-25,HNXINDEX,462.8,464.0,458.77,461.75,127183200
2022-03-28,HNXINDEX,461.75,462.19,450.97,454.89,148446600
2022-03-29,HNXINDEX,454.89,465.22,453.73,461.24,141147300
2022-03-30,HNXINDEX,461.24,461.24,450.86,451.19,130820400
2022-03-31,HNXINDEX,451.19,453.71,449.3,449.62,120007300
2022-04-01,HNXINDEX,449.62,454.1,444.62,454.1,122997000
2022-04-04,HNXINDEX,454.1,460.54,454.07,458.69,84017700
2022-04-05,HNXINDEX,458.69,460.32,456.1,456.1,82660100
2022-04-06,HNXINDEX,456.1,456.1,445.59,446.83,114000600
2022-04-07,HNXINDEX,446.83,447.83,441.61,441.61,86121000
2022-04-08,HNXINDEX,441.61,443.34,432.0,432.02,84348500
2022-04-12,HNXINDEX,432.02,436.97,420.69,421.01,92825000
2022-04-13,HNXINDEX,421.01,427.52,415.05,427.45,80497400
2022-04-14,HNXINDEX,427.45,431.86,423.69,423.69,56266100
2022-04-15,HNXINDEX,423.69,424.95,416.61,416.71,69317300
2022-04-18,HNXINDEX,416.71,418.35,400.88,403.12,97824200
2022-04-19,HNXINDEX,403.12,407.59,392.61,392.69,87177500
2022-04-20,HNXINDEX,392.69,393.56,380.04,380.04,87809600
2022-04-21,HNXINDEX,380.04,380.04,365.26,366.61,99524500
2022-04-22,HNXINDEX,366.61,372.32,356.61,359.12,113522300
2022-04-25,HNXINDEX,359.12,362.03,337.29,337.51,96001400
2022-04-26,HNXINDEX,337.51,345.17,324.52,345.17,83460500
2022-04-27,HNXINDEX,345.17,357.39,344.39,357.09,66426800
2022-04-28,HNXINDEX,357.09,363.16,357.09,360.2,69274000
2022-04-29,HNXINDEX,360.2,367.83,358.35,365.83,77703500
2022-05-04,HNXINDEX,365.83,366.89,360.81,360.97,72943300
2022-05-05,HNXINDEX,360.97,365.16,352.88,358.75,68198900
2022-05-06,HNXINDEX,358.75,358.75,343.46,343.46,61704300
2022-05-09,HNXINDEX,343.46,343.46,322.49,323.39,88614900
2022-05-10,HNXINDEX,323.39,330.02,312.23,330.02,74036400
2022-05-11,HNXINDEX,330.02,335.55,329.4,333.04,47267400
2022-05-12,HNXINDEX,333.04,333.56,315.29,315.52,71357900
2022-05-13,HNXINDEX,315.52,316.46,300.19,302.39,101540800
2022-05-16,HNXINDEX,302.39,314.98,300.86,307.05,74121800
2022-05-17,HNXINDEX,307.05,317.82,304.56,315.44,70427500
2022-05-18,HNXINDEX,315.44,317.55,309.83,309.84,78005600
2022-05-19,HNXINDEX,309.84,309.84,301.84,308.02,74499400
2022-05-20,HNXINDEX,308.02,310.88,305.27,307.02,70132100
2022-05-23,HNXINDEX,307.02,310.9,299.08,300.66,73275600
2022-05-24,HNXINDEX,300.66,305.96,296.4,305.96,76598600
2022-05-25,HNXINDEX,305.96,315.39,305.96,314.91,91111800
2022-05-26,HNXINDEX,314.91,315.89,311.17,313.29,81379500
2022-05-27,HNXINDEX,313.29,314.19,311.16,311.17,70080900
2022-05-30,HNXINDEX,311.17,315.62,309.38,312.77,81374300
2022-05-31,HNXINDEX,312.77,315.76,310.96,315.76,84062100
2022-06-01,HNXINDEX,315.76,316.57,311.48,315.37,69933200
2022-06-02,HNXINDEX,315.37,315.92,309.64,311.77,87847300
2022-06-03,HNXINDEX,311.77,312.85,306.31,310.48,65188900
2022-06-06,HNXINDEX,310.48,312.34,306.81,306.81,79236700
2022-06-07,HNXINDEX,306.81,306.85,298.7,304.15,99221800
2022-06-08,HNXINDEX,304.15,312.54,304.1,310.93,76470700
2022-06-09,HNXINDEX,310.93,313.45,310.69,312.74,51185200
2022-06-10,HNXINDEX,312.74,313.5,306.44,306.44,86921000
2022-06-13,HNXINDEX,306.44,306.44,288.2,288.37,98106800
2022-06-14,HNXINDEX,288.37,292.26,284.34,290.08,63160700
2022-06-15,HNXINDEX,290.08,292.85,280.54,283.25,69346800
2022-06-16,HNXINDEX,283.25,290.45,282.99,287.77,61790200
2022-06-17,HNXINDEX,287.77,289.85,279.16,280.06,80535100
2022-06-20,HNXINDEX,280.06,282.32,267.9,267.92,74941800
2022-06-21,HNXINDEX,267.92,269.42,263.39,264.62,75633400
2022-06-22,HNXINDEX,264.62,270.03,262.48,269.39,69461500
2022-06-23,HNXINDEX,269.39,277.18,268.53,277.18,49615100
2022-06-24,HNXINDEX,277.18,279.5,275.58,275.93,54941000
2022-06-27,HNXINDEX,275.93,281.56,275.93,280.42,49400800
2022-06-28,HNXINDEX,280.42,284.97,278.87,283.87,63123100
2022-06-29,HNXINDEX,283.87,285.56,279.84,282.35,50935500
2022-06-30,HNXINDEX,282.35,284.49,277.61,277.68,55644300
2022-07-01,HNXINDEX,277.68,280.1,269.21,278.88,73856400
2022-07-04,HNXINDEX,278.88,283.45,278.82,281.19,46889900
2022-07-05,HNXINDEX,281.19,282.33,277.37,277.94,56264700
2022-07-06,HNXINDEX,277.94,277.94,271.88,271.92,62460900
2022-07-07,HNXINDEX,271.92,272.66,268.21,271.86,40475700
2022-07-08,HNXINDEX,271.86,277.87,271.86,277.8,51719000
2022-07-11,HNXINDEX,277.8,278.85,274.23,276.93,56367900
2022-07-12,HNXINDEX,276.93,282.23,275.77,281.99,58322000
2022-07-13,HNXINDEX,281.99,284.24,280.5,281.36,57730900
2022-07-14,HNXINDEX,281.36,285.03,280.03,284.75,69327200
2022-07-15,HNXINDEX,284.75,287.74,284.4,284.4,64230000
2022-07-18,HNXINDEX,284.4,287.32,283.98,284.63,56958100
2022-07-19,HNXINDEX,284.63,286.84,280.1,284.43,60232300
2022-07-20,HNXINDEX,284.43,289.86,284.43,288.87,87335100
2022-07-21,HNXINDEX,288.87,289.61,287.44,288.09,62539100
2022-07-22,HNXINDEX,288.09,290.53,288.09,288.83,60104000
2022-07-25,HNXINDEX,288.83,288.89,284.0,285.38,58816600
2022-07-26,HNXINDEX,285.38,286.54,282.75,282.88,42009800
2022-07-27,HNXINDEX,282.88,284.57,280.72,284.52,45463700
2022-07-28,HNXINDEX,284.52,291.97,284.52,289.84,77987500
2022-07-29,HNXINDEX,289.84,291.82,288.37,288.61,62178300
2022-08-01,HNXINDEX,288.61,294.62,287.68,294.62,79721500
2022-08-02,HNXINDEX,294.62,297.62,293.99,295.84,106777400
2022-08-03,HNXINDEX,295.84,298.11,295.17,298.11,85229600
2022-08-04,HNXINDEX,298.11,300.28,296.89,297.73,91574200
2022-08-05,HNXINDEX,297.73,300.26,296.44,299.9,91268800
2022-08-08,HNXINDEX,299.9,302.48,299.79,301.33,93875800
2022-08-09,HNXINDEX,301.33,302.72,300.01,301.41,96901100
2022-08-10,HNXINDEX,301.41,304.22,300.5,303.54,92580500
2022-08-11,HNXINDEX,303.54,307.57,299.48,300.18,128180000
2022-08-12,HNXINDEX,300.18,303.51,299.81,303.42,68864900
2022-08-15,HNXINDEX,303.42,307.83,302.96,303.97,77793100
2022-08-16,HNXINDEX,303.97,304.53,302.4,303.02,73810400
2022-08-17,HNXINDEX,303.02,305.2,301.05,302.59,95037600
2022-08-18,HNXINDEX,302.59,302.71,299.26,301.19,71567800
2022-08-19,HNXINDEX,301.19,302.04,297.33,297.94,78593800
2022-08-22,HNXINDEX,297.94,297.94,292.73,294.73,102799300
2022-08-23,HNXINDEX,294.73,299.14,292.61,299.14,89539000
2022-08-24,HNXINDEX,299.14,301.32,298.83,301.3,73636200
2022-08-25,HNXINDEX,301.3,302.7,301.17,301.86,84010100
2022-08-26,HNXINDEX,301.86,302.99,298.13,299.5,91892000
2022-08-29,HNXINDEX,299.5,299.5,288.94,295.54,127274100
2022-08-30,HNXINDEX,295.54,297.88,293.52,293.86,66145700
2022-08-31,HNXINDEX,293.86,294.03,291.56,291.92,66216400
2022-09-05,HNXINDEX,291.92,294.55,290.26,292.82,62651100
2022-09-06,HNXINDEX,292.82,294.67,292.58,293.27,67405500
2022-09-07,HNXINDEX,293.27,293.29,284.05,284.05,100644800
2022-09-08,HNXINDEX,284.05,285.95,281.48,282.15,79739100
2022-09-09,HNXINDEX,282.15,284.7,278.2,284.63,68594800
2022-09-12,HNXINDEX,284.63,286.79,282.93,283.08,51305300
2022-09-13,HNXINDEX,283.08,284.5,279.57,281.59,54705700
2022-09-14,HNXINDEX,281.59,281.59,276.45,279.42,71129600
2022-09-15,HNXINDEX,279.42,281.18,277.94,279.69,50631100
2022-09-16,HNXINDEX,279.69,280.35,272.82,272.88,76417700
2022-09-19,HNXINDEX,272.88,275.06,263.09,264.25,84461500
2022-09-20,HNXINDEX,264.25,267.67,262.78,266.91,56344900
2022-09-21,HNXINDEX,266.91,266.98,263.48,265.09,41203400
2022-09-22,HNXINDEX,265.09,265.64,260.92,265.64,56744400
2022-09-23,HNXINDEX,265.64,268.13,264.34,264.44,56076800
2022-09-26,HNXINDEX,264.44,264.44,251.62,255.68,82317100
2022-09-27,HNXINDEX,255.68,257.0,253.88,255.52,45850300
2022-09-28,HNXINDEX,255.52,255.66,251.99,252.35,61473700
2022-09-29,HNXINDEX,252.35,255.92,249.25,249.41,50659400
2022-09-30,HNXINDEX,249.41,250.25,241.5,250.25,74088900
2022-10-03,HNXINDEX,250.25,250.25,238.16,238.17,60130700
2022-10-04,HNXINDEX,238.17,241.82,235.01,235.61,56098700
2022-10-05,HNXINDEX,235.61,242.58,234.35,242.12,48961200
2022-10-06,HNXINDEX,242.12,243.44,233.66,235.13,50755600
2022-10-07,HNXINDEX,235.13,235.25,222.92,226.09,83773900
2022-10-10,HNXINDEX,226.09,230.24,222.21,229.85,59483700
2022-10-11,HNXINDEX,229.85,230.19,218.74,218.78,73872500
2022-10-12,HNXINDEX,218.78,225.09,215.84,223.43,50728400
2022-10-13,HNXINDEX,223.43,224.94,222.91,224.74,32688700
2022-10-14,HNXINDEX,224.74,229.58,224.69,227.89,66725100
2022-10-17,HNXINDEX,227.89,228.01,223.84,226.46,43308600
2022-10-18,HNXINDEX,226.46,231.61,225.98,229.12,54943100
2022-10-19,HNXINDEX,229.12,230.61,227.2,227.9,37263900
2022-10-20,HNXINDEX,227.9,228.52,224.9,225.88,32304400
2022-10-21,HNXINDEX,225.88,226.02,216.34,217.41,88611400
2022-10-24,HNXINDEX,217.41,218.69,208.17,209.5,63697800
2022-10-25,HNXINDEX,209.5,211.24,203.44,208.02,73563900
2022-10-26,HNXINDEX,208.02,209.78,204.5,205.95,39379500
2022-10-27,HNXINDEX,205.95,213.63,201.94,213.63,55276700
2022-10-28,HNXINDEX,213.63,217.11,212.42,213.73,55702600
2022-10-31,HNXINDEX,213.73,215.12,208.29,210.43,50805500
2022-11-01,HNXINDEX,210.43,213.27,209.69,212.36,53691600
2022-11-02,HNXINDEX,212.36,213.94,211.27,211.66,47360700
2022-11-03,HNXINDEX,211.66,211.78,209.8,210.74,37225800
2022-11-04,HNXINDEX,210.74,210.84,203.25,204.56,73067300
2022-11-07,HNXINDEX,204.56,205.1,198.11,198.56,62797600
2022-11-08,HNXINDEX,198.56,199.78,195.43,199.77,51546000
2022-11-09,HNXINDEX,199.77,203.52,198.35,201.39,44350000
2022-11-10,HNXINDEX,201.39,201.39,191.89,192.39,59887900
2022-11-11,HNXINDEX,192.39,193.69,188.97,189.81,77909300
2022-11-14,HNXINDEX,189.81,189.81,182.4,183.45,65560700
2022-11-15,HNXINDEX,183.45,183.45,174.34,175.78,58218500
2022-11-16,HNXINDEX,175.78,183.5,168.16,183.45,101408100
2022-11-17,HNXINDEX,183.45,188.77,181.73,187.86,70441600
2022-11-18,HNXINDEX,187.86,190.88,183.43,190.87,97207400
2022-11-21,HNXINDEX,190.87,193.73,187.99,192.4,52052700
2022-11-22,HNXINDEX,192.4,197.98,190.95,194.66,99129200
2022-11-23,HNXINDEX,194.66,195.85,191.0,191.0,56024100
2022-11-24,HNXINDEX,191.0,191.81,188.48,191.22,58281900
2022-11-25,HNXINDEX,191.22,196.8,189.35,196.77,56228300
2022-11-28,HNXINDEX,196.77,204.1,196.48,204.06,77543100
2022-11-29,HNXINDEX,204.06,208.49,202.42,208.22,152083900
2022-11-30,HNXINDEX,208.22,210.89,204.41,208.79,88050200
2022-12-01,HNXINDEX,208.79,214.73,208.54,211.0,136716100
2022-12-02,HNXINDEX,211.0,216.04,208.19,215.96,135171000
2022-12-05,HNXINDEX,215.96,222.34,215.96,219.96,118915100
2022-12-06,HNXINDEX,219.96,221.84,212.8,212.8,186735100
2022-12-07,HNXINDEX,212.8,214.22,208.05,209.93,112941200
2022-12-08,HNXINDEX,209.93,216.69,208.78,215.37,100424000
2022-12-09,HNXINDEX,215.37,217.6,213.71,217.0,101112700
2022-12-12,HNXINDEX,217.0,219.48,210.53,210.53,114750100
2022-12-13,HNXINDEX,210.53,213.75,206.34,213.59,95483100
2022-12-14,HNXINDEX,213.59,217.23,211.93,213.21,85548200
2022-12-15,HNXINDEX,213.21,214.69,210.74,212.95,71507600
2022-12-16,HNXINDEX,212.95,215.25,211.35,212.99,101708600
2022-12-19,HNXINDEX,212.99,217.48,212.24,212.24,101624200
2022-12-20,HNXINDEX,212.24,213.69,204.17,207.53,117881400
2022-12-21,HNXINDEX,207.53,208.63,200.47,204.46,84037500
2022-12-22,HNXINDEX,204.46,206.79,201.33,205.79,55587100
2022-12-23,HNXINDEX,205.79,206.49,203.0,205.3,46248800
2022-12-26,HNXINDEX,205.3,205.81,197.95,198.5,80857300
2022-12-27,HNXINDEX,198.5,203.14,197.09,203.14,58869000
2022-12-28,HNXINDEX,203.14,206.3,202.79,206.04,43898000
2022-12-29,HNXINDEX,206.04,206.57,203.1,206.54,41261700
2022-12-30,HNXINDEX,206.54,207.66,204.69,205.31,35583400
2019-01-02,UPCOMINDEX,52.82,53.17,52.76,52.79,6064510
2019-01-03,UPCOMINDEX,52.77,52.82,52.01,52.17,8430657
2019-01-04,UPCOMINDEX,52.17,52.19,51.8,52.19,6629507
2019-01-07,UPCOMINDEX,52.21,52.52,52.2,52.42,5335950
2019-01-08,UPCOMINDEX,52.43,52.67,52.39,52.54,5245303
2019-01-09,UPCOMINDEX,52.56,53.03,52.51,53.01,6860258
2019-01-10,UPCOMINDEX,53.01,53.23,52.91,53.03,5681035
2019-01-11,UPCOMINDEX,53.04,53.23,52.98,53.18,8072688
2019-01-14,UPCOMINDEX,53.19,53.25,52.97,53.13,4998962
2019-01-15,UPCOMINDEX,53.15,53.3,52.98,53.11,5644649
2019-01-16,UPCOMINDEX,53.13,53.32,53.12,53.31,7167292
2019-01-17,UPCOMINDEX,53.33,53.61,53.17,53.3,5304817
2019-01-18,UPCOMINDEX,53.31,53.44,53.05,53.26,6047517
2019-01-21,UPCOMINDEX,53.12,53.37,52.95,53.37,10359426
2019-01-22,UPCOMINDEX,53.38,53.88,53.37,53.87,7041390
2019-01-23,UPCOMINDEX,53.82,53.97,53.64,53.89,6531644
2019-01-24,UPCOMINDEX,53.9,53.93,53.61,53.76,5478432
2019-01-25,UPCOMINDEX,53.78,53.87,53.57,53.72,5678455
2019-01-28,UPCOMINDEX,53.7,54.24,53.7,54.02,6836875
2019-01-29,UPCOMINDEX,54.03,54.13,53.85,54.06,13652097
2019-01-30,UPCOMINDEX,54.33,54.44,54.08,54.28,7648741
2019-01-31,UPCOMINDEX,54.38,54.82,54.34,54.68,13726892
2019-02-01,UPCOMINDEX,54.68,54.82,54.38,54.81,5655244
2019-02-11,UPCOMINDEX,54.82,55.61,54.81,55.61,5530159
2019-02-12,UPCOMINDEX,55.62,55.96,55.29,55.62,11560326
2019-02-13,UPCOMINDEX,55.64,55.91,55.48,55.8,10660722
2019-02-14,UPCOMINDEX,55.8,55.82,55.32,55.39,7169382
2019-02-15,UPCOMINDEX,55.39,55.55,55.1,55.24,7377213
2019-02-18,UPCOMINDEX,55.25,55.53,55.02,55.26,11052548
2019-02-19,UPCOMINDEX,55.28,55.56,55.12,55.24,14219990
2019-02-20,UPCOMINDEX,55.25,55.5,55.2,55.46,10256629
2019-02-21,UPCOMINDEX,55.45,55.61,55.32,55.54,9416195
2019-02-22,UPCOMINDEX,55.54,55.57,55.35,55.55,10570613
2019-02-25,UPCOMINDEX,55.56,55.72,55.29,55.59,9637007
2019-02-26,UPCOMINDEX,55.61,55.9,55.55,55.58,9510049
2019-02-27,UPCOMINDEX,55.63,55.73,55.44,55.59,9765274
2019-02-28,UPCOMINDEX,55.56,55.65,54.97,55.13,10678033
2019-03-01,UPCOMINDEX,55.12,55.79,55.1,55.68,11906270
2019-03-04,UPCOMINDEX,55.68,56.1,55.64,56.04,12605201
2019-03-05,UPCOMINDEX,56.04,56.11,55.9,55.98,14467311
2019-03-06,UPCOMINDEX,55.88,56.15,55.84,56.06,11473142
2019-03-07,UPCOMINDEX,56.11,56.35,56.05,56.25,20108547
2019-03-08,UPCOMINDEX,56.25,56.36,55.87,55.94,15784819
2019-03-11,UPCOMINDEX,55.94,56.13,55.87,56.04,11191804
2019-03-12,UPCOMINDEX,56.09,56.63,56.09,56.57,14445037
2019-03-13,UPCOMINDEX,56.55,56.86,56.54,56.77,15070847
2019-03-14,UPCOMINDEX,56.73,57.14,56.67,57.09,14474396
2019-03-15,UPCOMINDEX,57.09,57.25,56.94,57.25,16806969
2019-03-18,UPCOMINDEX,57.22,57.48,57.03,57.42,18375668
2019-03-19,UPCOMINDEX,57.44,57.48,56.98,57.1,18442023
2019-03-20,UPCOMINDEX,57.09,57.18,56.84,56.99,14255686
2019-03-21,UPCOMINDEX,57.03,57.39,56.83,56.89,19030219
2019-03-22,UPCOMINDEX,56.98,57.27,56.92,57.23,13892319
2019-03-25,UPCOMINDEX,57.22,57.22,56.55,56.77,16338265
2019-03-26,UPCOMINDEX,56.87,57.1,56.76,57.06,12868913
2019-03-27,UPCOMINDEX,57.06,57.3,57.06,57.15,12697215
2019-03-28,UPCOMINDEX,57.12,57.39,56.98,57.39,10446191
2019-03-29,UPCOMINDEX,57.32,57.51,57.29,57.5,16755743
2019-04-01,UPCOMINDEX,57.37,57.44,56.97,57.27,11997797
2019-04-02,UPCOMINDEX,57.26,57.46,56.96,57.11,11246307
2019-04-03,UPCOMINDEX,57.1,57.12,56.55,56.64,12489238
2019-04-04,UPCOMINDEX,56.61,56.9,56.57,56.86,10536020
2019-04-05,UPCOMINDEX,56.85,57.07,56.83,56.91,13004624
2019-04-08,UPCOMINDEX,56.92,57.0,56.75,56.76,13010763
2019-04-09,UPCOMINDEX,56.75,56.9,56.55,56.58,13630104
2019-04-10,UPCOMINDEX,56.61,56.68,56.35,56.56,10172968
2019-04-11,UPCOMINDEX,56.59,56.65,56.28,56.49,7874823
2019-04-12,UPCOMINDEX,56.46,56.66,56.27,56.64,10413233
2019-04-16,UPCOMINDEX,56.69,56.79,56.3,56.52,11053700
2019-04-17,UPCOMINDEX,56.55,56.66,56.34,56.37,9955028
2019-04-18,UPCOMINDEX,56.36,56.39,55.98,56.0,10389690
2019-04-19,UPCOMINDEX,55.91,56.18,55.91,56.05,8151429
2019-04-22,UPCOMINDEX,56.05,56.11,55.53,55.65,8681032
2019-04-23,UPCOMINDEX,55.62,55.73,55.49,55.68,7654824
2019-04-24,UPCOMINDEX,55.67,56.09,55.66,56.06,11362261
2019-04-25,UPCOMINDEX,55.94,56.08,55.85,56.08,10579652
2019-04-26,UPCOMINDEX,56.08,56.23,55.84,56.23,9295019
2019-05-02,UPCOMINDEX,56.23,56.23,55.8,55.91,7441989
2019-05-03,UPCOMINDEX,55.91,55.94,55.65,55.77,10007871
2019-05-06,UPCOMINDEX,55.77,55.77,55.26,55.28,11568388
2019-05-07,UPCOMINDEX,55.3,55.49,55.29,55.47,6700932
2019-05-08,UPCOMINDEX,55.47,55.47,54.92,55.1,9542167
2019-05-09,UPCOMINDEX,55.07,55.23,54.82,54.87,7256920
2019-05-10,UPCOMINDEX,54.84,55.17,54.83,55.15,9398594
2019-05-13,UPCOMINDEX,55.05,55.36,55.0,55.25,8897525
2019-05-14,UPCOMINDEX,55.23,55.29,55.0,55.15,12285641
2019-05-15,UPCOMINDEX,55.15,55.52,55.15,55.43,11519685
2019-05-16,UPCOMINDEX,55.48,55.57,55.35,55.48,7985098
2019-05-17,UPCOMINDEX,55.42,55.54,55.09,55.24,13403088
2019-05-20,UPCOMINDEX,55.23,55.34,55.13,55.3,10261800
2019-05-21,UPCOMINDEX,55.29,55.48,55.27,55.38,9924561
2019-05-22,UPCOMINDEX,55.39,55.54,55.28,55.39,9076286
2019-05-23,UPCOMINDEX,55.39,55.42,55.2,55.4,12148498
2019-05-24,UPCOMINDEX,55.39,55.46,55.13,55.27,13620472
2019-05-27,UPCOMINDEX,55.28,55.33,55.14,55.25,8065371
2019-05-28,UPCOMINDEX,55.25,55.35,55.04,55.13,13592753
2019-05-29,UPCOMINDEX,55.13,55.17,55.0,55.07,11477026
2019-05-30,UPCOMINDEX,54.98,55.05,54.89,55.05,7920789
2019-05-31,UPCOMINDEX,55.05,55.32,54.95,55.12,12278074
2019-06-03,UPCOMINDEX,55.09,55.09,54.67,54.8,10940888
2019-06-04,UPCOMINDEX,54.8,55.03,54.73,54.9,7506221
2019-06-05,UPCOMINDEX,54.86,54.95,54.41,54.54,6990971
2019-06-06,UPCOMINDEX,54.53,54.57,54.27,54.42,8448320
2019-06-07,UPCOMINDEX,54.46,54.67,54.44,54.61,18349812
2019-06-10,UPCOMINDEX,54.56,54.91,54.55,54.83,9115932
2019-06-11,UPCOMINDEX,54.84,55.14,54.82,55.13,10708715
2019-06-12,UPCOMINDEX,55.15,55.2,54.87,55.12,12636558
2019-06-13,UPCOMINDEX,55.12,55.19,54.83,54.97,11561487
2019-06-14,UPCOMINDEX,55.0,55.05,54.83,55.04,13720527
2019-06-17,UPCOMINDEX,55.06,55.16,54.81,54.97,8672740
2019-06-18,UPCOMINDEX,54.97,54.97,54.56,54.65,11195941
2019-06-19,UPCOMINDEX,54.67,54.97,54.65,54.86,8828873
2019-06-20,UPCOMINDEX,54.83,55.15,54.63,55.15,10888760
2019-06-21,UPCOMINDEX,55.15,55.37,54.98,55.12,10853798
2019-06-24,UPCOMINDEX,55.13,55.28,54.95,55.15,8970317
2019-06-25,UPCOMINDEX,55.16,55.45,55.12,55.2,8241192
2019-06-26,UPCOMINDEX,54.81,55.5,54.81,55.39,10973970
2019-06-27,UPCOMINDEX,55.39,55.53,54.8,55.11,12489701
2019-06-28,UPCOMINDEX,55.13,55.3,54.85,54.98,13145354
2019-07-01,UPCOMINDEX,55.16,55.42,55.09,55.17,8641305
2019-07-02,UPCOMINDEX,55.18,55.34,54.85,54.96,11385532
2019-07-03,UPCOMINDEX,54.94,55.3,54.87,55.29,8724824
2019-07-04,UPCOMINDEX,55.29,55.73,55.05,55.56,9754541
2019-07-05,UPCOMINDEX,55.55,56.44,55.43,56.38,13528749
2019-07-08,UPCOMINDEX,56.38,56.5,55.46,55.68,8356921
2019-07-09,UPCOMINDEX,55.68,56.21,55.51,55.88,11321641
2019-07-10,UPCOMINDEX,55.84,56.33,55.82,56.3,12444754
2019-07-11,UPCOMINDEX,56.3,56.92,56.17,56.78,12270581
2019-07-12,UPCOMINDEX,56.78,57.02,56.45,56.61,13414794
2019-07-15,UPCOMINDEX,56.48,56.72,56.29,56.55,12069207
2019-07-16,UPCOMINDEX,56.82,57.59,56.81,56.91,11073278
2019-07-17,UPCOMINDEX,56.61,57.38,56.61,57.05,10445115
2019-07-18,UPCOMINDEX,57.09,57.43,56.83,57.42,11360837
2019-07-19,UPCOMINDEX,57.37,57.77,57.2,57.54,18145259
2019-07-22,UPCOMINDEX,57.51,58.31,57.33,58.02,13765171
2019-07-23,UPCOMINDEX,58.01,58.57,57.83,58.46,20424867
2019-07-24,UPCOMINDEX,58.45,59.23,58.39,59.23,16697761
2019-07-25,UPCOMINDEX,59.22,59.7,58.9,59.34,16607328
2019-07-26,UPCOMINDEX,59.34,59.34,58.68,58.69,14471570
2019-07-29,UPCOMINDEX,58.67,59.23,58.65,59.18,10815671
2019-07-30,UPCOMINDEX,59.18,59.6,58.44,58.56,15723394
2019-07-31,UPCOMINDEX,58.38,58.98,57.71,58.89,13114120
2019-08-01,UPCOMINDEX,58.88,58.93,58.49,58.84,9516175
2019-08-02,UPCOMINDEX,58.78,58.79,58.18,58.59,18074418
2019-08-05,UPCOMINDEX,58.57,58.69,58.25,58.37,18548612
2019-08-06,UPCOMINDEX,58.52,58.52,58.01,58.31,20751939
2019-08-07,UPCOMINDEX,58.29,58.42,57.87,58.24,14653778
2019-08-08,UPCOMINDEX,58.21,58.43,58.1,58.36,14431759
2019-08-09,UPCOMINDEX,58.35,58.71,58.25,58.42,14172844
2019-08-12,UPCOMINDEX,58.41,58.57,57.87,57.93,12798929
2019-08-13,UPCOMINDEX,57.92,57.95,57.06,57.14,15801580
2019-08-14,UPCOMINDEX,57.14,57.33,56.95,57.14,9977618
2019-08-15,UPCOMINDEX,57.16,57.39,56.83,57.35,12901521
2019-08-16,UPCOMINDEX,57.34,57.81,57.23,57.55,15281752
2019-08-19,UPCOMINDEX,57.54,57.87,57.46,57.52,10522289
2019-08-20,UPCOMINDEX,57.7,57.79,57.54,57.68,17210755
2019-08-21,UPCOMINDEX,57.73,58.04,57.63,57.84,13202302
2019-08-22,UPCOMINDEX,57.84,58.08,57.75,57.93,13083185
2019-08-23,UPCOMINDEX,57.93,58.0,57.81,57.95,14409990
2019-08-26,UPCOMINDEX,57.94,57.94,57.52,57.53,13625720
2019-08-27,UPCOMINDEX,57.54,58.04,57.54,58.01,15618937
2019-08-28,UPCOMINDEX,57.98,58.15,57.91,57.97,14503883
2019-08-29,UPCOMINDEX,58.01,58.21,57.75,57.9,14866227
2019-08-30,UPCOMINDEX,57.88,58.15,57.7,57.78,17499363
2019-09-03,UPCOMINDEX,57.83,57.84,57.13,57.31,15276467
2019-09-04,UPCOMINDEX,57.25,57.26,56.76,57.1,13610880
2019-09-05,UPCOMINDEX,57.08,57.35,56.66,56.8,8171013
2019-09-06,UPCOMINDEX,56.78,56.97,56.65,56.76,11054585
2019-09-09,UPCOMINDEX,56.75,56.85,56.43,56.5,9292109
2019-09-10,UPCOMINDEX,56.48,56.58,55.37,56.15,13730694
2019-09-11,UPCOMINDEX,56.15,56.2,55.69,56.0,9114430
2019-09-12,UPCOMINDEX,55.85,56.47,55.85,56.4,6998383
2019-09-13,UPCOMINDEX,56.37,56.67,56.29,56.67,9959784
2019-09-16,UPCOMINDEX,56.72,56.74,56.31,56.54,11051937
2019-09-17,UPCOMINDEX,56.55,56.57,56.06,56.4,7739961
2019-09-18,UPCOMINDEX,56.41,56.86,56.36,56.41,13936940
2019-09-19,UPCOMINDEX,56.4,56.69,56.19,56.69,8137591
2019-09-20,UPCOMINDEX,56.69,56.96,56.37,56.95,10642112
2019-09-23,UPCOMINDEX,56.96,57.03,56.65,56.69,8740572
2019-09-24,UPCOMINDEX,56.69,56.87,56.46,56.87,9295872
2019-09-25,UPCOMINDEX,56.87,56.94,56.58,56.72,8207129
2019-09-26,UPCOMINDEX,56.72,57.22,56.69,57.22,10154464
2019-09-27,UPCOMINDEX,57.19,57.29,56.75,56.94,9734470
2019-09-30,UPCOMINDEX,56.95,57.08,56.56,56.74,12314948
2019-10-01,UPCOMINDEX,56.8,56.84,56.58,56.84,11193621
2019-10-02,UPCOMINDEX,56.8,56.86,56.52,56.85,11788357
2019-10-03,UPCOMINDEX,56.82,57.15,56.44,57.15,8604278
2019-10-04,UPCOMINDEX,57.15,57.17,56.67,56.93,9103799
2019-10-07,UPCOMINDEX,56.94,57.03,56.74,56.85,7730652
2019-10-08,UPCOMINDEX,56.88,56.99,56.66,56.82,10704602
2019-10-09,UPCOMINDEX,56.81,56.81,56.53,56.61,8527684
2019-10-10,UPCOMINDEX,56.6,56.78,56.38,56.6,7451369
2019-10-11,UPCOMINDEX,56.64,57.03,56.55,56.97,12564933
2019-10-14,UPCOMINDEX,56.97,57.11,56.52,56.78,10114430
2019-10-15,UPCOMINDEX,56.79,56.79,56.31,56.76,9818230
2019-10-16,UPCOMINDEX,56.77,56.85,56.42,56.47,17351563
2019-10-17,UPCOMINDEX,56.49,56.62,56.31,56.47,10382697
2019-10-18,UPCOMINDEX,56.47,56.66,56.4,56.46,7923882
2019-10-21,UPCOMINDEX,56.44,56.96,56.38,56.6,8566831
2019-10-22,UPCOMINDEX,56.62,56.86,56.55,56.78,10025057
2019-10-23,UPCOMINDEX,56.76,56.79,56.4,56.6,7624325
2019-10-24,UPCOMINDEX,56.6,56.71,56.32,56.71,10672678
2019-10-25,UPCOMINDEX,56.73,56.73,56.24,56.51,14151588
2019-10-28,UPCOMINDEX,56.49,56.76,55.97,56.4,6347960
2019-10-29,UPCOMINDEX,56.39,56.44,56.05,56.36,7361293
2019-10-30,UPCOMINDEX,56.36,56.37,56.11,56.26,8556612
2019-10-31,UPCOMINDEX,56.26,56.42,55.86,56.15,10357912
2019-11-01,UPCOMINDEX,56.15,56.37,56.07,56.22,9523517
2019-11-04,UPCOMINDEX,56.22,56.89,56.19,56.59,11051636
2019-11-05,UPCOMINDEX,56.6,56.64,56.49,56.61,7922493
2019-11-06,UPCOMINDEX,56.61,56.79,56.5,56.6,9887137
2019-11-07,UPCOMINDEX,56.58,56.9,56.58,56.83,7445391
2019-11-08,UPCOMINDEX,56.83,57.01,56.69,56.73,8503906
2019-11-11,UPCOMINDEX,56.68,56.96,56.67,56.72,6718450
2019-11-12,UPCOMINDEX,56.72,56.87,56.63,56.8,10219105
2019-11-13,UPCOMINDEX,56.72,56.85,56.63,56.82,8801664
2019-11-14,UPCOMINDEX,56.82,57.42,56.65,56.71,9578564
2019-11-15,UPCOMINDEX,56.71,57.08,56.7,57.0,11493955
2019-11-18,UPCOMINDEX,57.01,57.21,56.85,56.91,7460330
2019-11-19,UPCOMINDEX,56.86,57.02,56.58,57.02,7905522
2019-11-20,UPCOMINDEX,57.03,57.03,56.66,56.88,6474214
2019-11-21,UPCOMINDEX,56.88,56.88,56.48,56.57,7817728
2019-11-22,UPCOMINDEX,56.57,56.82,56.21,56.39,11440377
2019-11-25,UPCOMINDEX,56.41,57.09,55.71,56.05,6093407
2019-11-26,UPCOMINDEX,56.05,56.2,55.73,55.97,6746942
2019-11-27,UPCOMINDEX,56.05,56.21,55.88,56.02,7408494
2019-11-28,UPCOMINDEX,56.1,56.11,55.58,55.7,8620941
2019-11-29,UPCOMINDEX,55.81,55.85,55.41,55.66,8071411
2019-12-02,UPCOMINDEX,55.66,55.88,55.4,55.52,9004886
2019-12-03,UPCOMINDEX,55.7,55.7,55.39,55.53,8438354
2019-12-04,UPCOMINDEX,55.54,56.07,55.54,55.91,8940659
2019-12-05,UPCOMINDEX,55.91,56.3,55.68,55.85,8100928
2019-12-06,UPCOMINDEX,55.84,55.98,55.7,55.92,6286166
2019-12-09,UPCOMINDEX,55.88,56.07,55.66,55.79,4860880
2019-12-10,UPCOMINDEX,55.78,55.87,55.29,55.36,7552731
2019-12-11,UPCOMINDEX,55.34,55.53,55.34,55.4,7668784
2019-12-12,UPCOMINDEX,55.41,55.63,55.37,55.52,5797907
2019-12-13,UPCOMINDEX,55.51,55.76,55.47,55.73,9976465
2019-12-16,UPCOMINDEX,55.74,55.94,55.44,55.53,6773768
2019-12-17,UPCOMINDEX,55.55,55.72,55.21,55.33,8932269
2019-12-18,UPCOMINDEX,55.33,55.6,55.28,55.29,7324268
2019-12-19,UPCOMINDEX,55.38,55.63,55.36,55.44,6681095
2019-12-20,UPCOMINDEX,55.49,55.72,55.46,55.67,6877727
2019-12-23,UPCOMINDEX,55.64,55.78,55.44,55.48,9227951
2019-12-24,UPCOMINDEX,55.48,55.81,55.48,55.75,7698439
2019-12-25,UPCOMINDEX,55.74,55.74,55.44,55.6,6063888
2019-12-26,UPCOMINDEX,55.6,55.86,55.45,55.66,9082889
2019-12-27,UPCOMINDEX,55.67,55.99,55.58,55.81,11220969
2019-12-30,UPCOMINDEX,55.82,56.09,55.55,56.06,6226650
2019-12-31,UPCOMINDEX,56.08,56.6,56.08,56.45,6441433
2020-01-02,UPCOMINDEX,56.69,56.72,56.51,56.62,6201268
2020-01-03,UPCOMINDEX,56.67,56.68,56.51,56.67,9140727
2020-01-06,UPCOMINDEX,56.37,56.37,56.11,56.14,9199114
2020-01-07,UPCOMINDEX,55.81,55.99,55.81,55.99,2877812
2020-01-08,UPCOMINDEX,55.74,55.74,55.11,55.19,7418177
2020-01-09,UPCOMINDEX,55.24,55.33,55.01,55.18,7062370
2020-01-10,UPCOMINDEX,55.18,55.58,55.18,55.55,11981420
2020-01-13,UPCOMINDEX,55.56,55.76,55.47,55.64,8763015
2020-01-14,UPCOMINDEX,55.65,55.79,55.59,55.7,6890890
2020-01-15,UPCOMINDEX,55.7,55.73,55.25,55.36,5077487
2020-01-16,UPCOMINDEX,55.36,55.57,55.33,55.46,8122610
2020-01-17,UPCOMINDEX,55.46,55.59,55.3,55.41,9258390
2020-01-20,UPCOMINDEX,55.41,55.55,55.33,55.49,7113921
2020-01-21,UPCOMINDEX,55.51,55.98,55.5,55.96,16740655
2020-01-22,UPCOMINDEX,56.04,56.19,55.79,56.1,7044425
2020-01-30,UPCOMINDEX,56.2,56.2,55.44,55.73,8913665
2020-01-31,UPCOMINDEX,55.72,55.78,54.97,55.13,13484598
2020-02-03,UPCOMINDEX,55.16,55.16,53.76,54.38,16209691
2020-02-04,UPCOMINDEX,54.39,54.74,54.28,54.74,9545155
2020-02-05,UPCOMINDEX,54.86,55.4,54.85,55.21,9177011
2020-02-06,UPCOMINDEX,55.31,55.61,55.27,55.61,11773401
2020-02-07,UPCOMINDEX,55.61,55.78,55.49,55.76,9593074
2020-02-10,UPCOMINDEX,55.73,55.77,55.31,55.37,6769160
2020-02-11,UPCOMINDEX,55.37,55.69,55.34,55.67,7694563
2020-02-12,UPCOMINDEX,55.7,55.93,55.61,55.9,9496977
2020-02-13,UPCOMINDEX,55.87,56.29,55.87,56.17,13050302
2020-02-14,UPCOMINDEX,56.18,56.51,56.13,56.47,12157838
2020-02-17,UPCOMINDEX,56.47,56.69,56.24,56.25,9004691
2020-02-18,UPCOMINDEX,56.26,56.43,56.18,56.25,9817437
2020-02-19,UPCOMINDEX,56.27,56.51,56.22,56.4,9890782
2020-02-20,UPCOMINDEX,56.38,56.41,56.1,56.34,10739216
2020-02-21,UPCOMINDEX,56.32,56.69,56.16,56.33,16549256
2020-02-24,UPCOMINDEX,56.21,56.21,55.19,55.23,16477176
2020-02-25,UPCOMINDEX,55.23,55.55,54.75,55.53,11669122
2020-02-26,UPCOMINDEX,55.46,55.47,55.16,55.34,10659160
2020-02-27,UPCOMINDEX,55.34,55.6,55.27,55.52,9961469
2020-02-28,UPCOMINDEX,55.48,55.48,54.87,55.05,18516470
2020-03-02,UPCOMINDEX,55.08,55.26,54.89,55.17,23333363
2020-03-03,UPCOMINDEX,55.27,55.6,55.27,55.47,17033409
2020-03-04,UPCOMINDEX,55.73,55.93,55.37,55.54,18208464
2020-03-05,UPCOMINDEX,55.54,55.77,55.33,55.45,17002234
2020-03-06,UPCOMINDEX,55.43,55.43,55.06,55.42,14691406
2020-03-09,UPCOMINDEX,54.86,54.91,52.21,52.44,32251766
2020-03-10,UPCOMINDEX,52.24,53.55,52.23,53.41,15748246
2020-03-11,UPCOMINDEX,53.47,53.82,52.34,52.48,16724649
2020-03-12,UPCOMINDEX,52.29,52.29,50.66,50.92,22204618
2020-03-13,UPCOMINDEX,50.92,50.92,49.44,50.49,23058085
2020-03-16,UPCOMINDEX,50.44,50.56,49.96,50.15,11747025
2020-03-17,UPCOMINDEX,50.01,50.35,49.67,50.31,11583012
2020-03-18,UPCOMINDEX,50.33,50.63,50.26,50.37,15457401
2020-03-19,UPCOMINDEX,50.34,50.34,49.67,49.9,10580829
2020-03-20,UPCOMINDEX,49.91,50.05,49.6,49.85,16898585
2020-03-23,UPCOMINDEX,49.69,49.69,47.41,47.57,27813298
2020-03-24,UPCOMINDEX,47.57,48.54,47.57,48.51,11483679
2020-03-25,UPCOMINDEX,48.63,49.54,48.6,49.53,12572782
2020-03-26,UPCOMINDEX,49.54,49.58,48.89,49.0,10522828
2020-03-27,UPCOMINDEX,49.02,49.23,48.67,48.82,11121099
2020-03-30,UPCOMINDEX,48.81,48.81,47.5,47.63,12903768
2020-03-31,UPCOMINDEX,47.67,48.46,47.49,47.74,10107843
2020-04-01,UPCOMINDEX,47.74,48.64,47.56,48.63,10224938
2020-04-03,UPCOMINDEX,48.62,49.28,48.61,49.14,15411357
2020-04-06,UPCOMINDEX,49.13,50.34,49.13,50.33,17817924
2020-04-07,UPCOMINDEX,50.31,50.71,50.13,50.43,13991554
2020-04-08,UPCOMINDEX,50.42,50.63,50.04,50.31,10950079
2020-04-09,UPCOMINDEX,50.3,51.1,50.29,50.74,17550584
2020-04-10,UPCOMINDEX,50.8,50.8,50.38,50.63,19755524
2020-04-13,UPCOMINDEX,50.62,51.11,50.55,50.86,14438841
2020-04-14,UPCOMINDEX,50.86,51.12,50.37,50.78,17145048
2020-04-15,UPCOMINDEX,50.78,51.67,50.78,51.51,19404685
2020-04-16,UPCOMINDEX,51.55,51.56,51.22,51.54,16067498
2020-04-17,UPCOMINDEX,51.54,52.33,51.54,52.16,34870001
2020-04-20,UPCOMINDEX,52.17,52.85,52.17,52.64,28419087
2020-04-21,UPCOMINDEX,52.7,52.7,51.02,51.18,26460100
2020-04-22,UPCOMINDEX,51.05,51.58,50.73,51.48,9069989
2020-04-23,UPCOMINDEX,51.51,52.03,51.51,51.74,14684177
2020-04-24,UPCOMINDEX,51.74,51.86,51.48,51.66,17007414
2020-04-27,UPCOMINDEX,51.57,51.97,51.57,51.97,14100593
2020-04-28,UPCOMINDEX,51.93,52.13,51.8,52.11,11922319
2020-04-29,UPCOMINDEX,52.07,52.39,52.06,52.22,12134527
2020-05-04,UPCOMINDEX,52.24,52.29,51.79,51.91,11219742
2020-05-05,UPCOMINDEX,51.88,52.03,51.71,51.98,8319135
2020-05-06,UPCOMINDEX,51.98,52.34,51.87,52.34,15506218
2020-05-07,UPCOMINDEX,52.32,52.45,52.21,52.37,14613385
2020-05-08,UPCOMINDEX,52.37,53.13,52.29,52.91,31651876
2020-05-11,UPCOMINDEX,52.96,53.49,52.96,53.49,24341876
2020-05-12,UPCOMINDEX,53.46,53.63,53.02,53.63,19483075
2020-05-13,UPCOMINDEX,53.6,53.87,53.23,53.73,20136990
2020-05-14,UPCOMINDEX,53.67,53.7,53.44,53.48,22960179
2020-05-15,UPCOMINDEX,53.53,53.61,53.11,53.15,26799134
2020-05-18,UPCOMINDEX,53.15,53.31,53.01,53.29,14045023
2020-05-19,UPCOMINDEX,53.29,54.01,53.29,53.8,21927340
2020-05-20,UPCOMINDEX,53.79,54.14,53.79,54.01,16734191
2020-05-21,UPCOMINDEX,54.01,54.36,54.0,54.31,13608188
2020-05-22,UPCOMINDEX,54.32,54.48,54.07,54.24,24243651
2020-05-25,UPCOMINDEX,54.24,54.93,54.24,54.93,16388585
2020-05-26,UPCOMINDEX,54.93,55.33,54.89,55.33,19674005
2020-05-27,UPCOMINDEX,55.31,55.6,54.92,54.93,24857154
2020-05-28,UPCOMINDEX,54.92,55.15,54.9,55.01,12509084
2020-05-29,UPCOMINDEX,55.02,55.2,54.85,55.03,22450943
2020-06-01,UPCOMINDEX,55.04,55.66,55.02,55.59,26383384
2020-06-02,UPCOMINDEX,55.57,56.22,55.57,55.98,48605296
2020-06-03,UPCOMINDEX,55.98,56.33,55.84,56.33,35540796
2020-06-04,UPCOMINDEX,56.33,56.67,56.21,56.33,58429475
2020-06-05,UPCOMINDEX,56.33,56.51,55.99,56.43,49185795
2020-06-08,UPCOMINDEX,56.46,57.4,56.46,57.3,45241550
2020-06-09,UPCOMINDEX,57.3,57.52,57.02,57.29,37470264
2020-06-10,UPCOMINDEX,57.3,57.4,56.67,57.3,35765235
2020-06-11,UPCOMINDEX,57.33,57.48,55.7,55.94,57305311
2020-06-12,UPCOMINDEX,55.83,55.83,54.94,55.66,42964634
2020-06-15,UPCOMINDEX,55.92,56.27,55.35,55.54,33938426
2020-06-16,UPCOMINDEX,55.59,56.22,55.59,56.08,21277025
2020-06-17,UPCOMINDEX,56.08,56.56,55.64,55.88,20272610
2020-06-18,UPCOMINDEX,55.87,55.92,55.49,55.77,12931717
2020-06-19,UPCOMINDEX,55.76,56.42,55.76,56.34,49500726
2020-06-22,UPCOMINDEX,56.34,56.84,56.34,56.68,23712976
2020-06-23,UPCOMINDEX,56.69,56.9,56.33,56.64,20341380
2020-06-24,UPCOMINDEX,56.64,56.92,56.47,56.74,19199120
2020-06-25,UPCOMINDEX,56.71,56.71,56.3,56.63,15389352
2020-06-26,UPCOMINDEX,56.59,56.84,56.27,56.41,28594449
2020-06-29,UPCOMINDEX,56.41,56.41,56.41,56.41,0
2020-06-30,UPCOMINDEX,55.39,56.01,55.33,55.52,17777523
2020-07-01,UPCOMINDEX,55.4,56.05,55.31,56.05,12988142
2020-07-02,UPCOMINDEX,56.01,56.17,55.73,55.89,10561445
2020-07-03,UPCOMINDEX,55.88,56.41,55.68,56.26,18263754
2020-07-06,UPCOMINDEX,56.24,56.57,56.19,56.48,13212407
2020-07-07,UPCOMINDEX,56.51,56.67,56.2,56.35,12396111
2020-07-08,UPCOMINDEX,56.35,56.81,56.24,56.78,12161981
2020-07-09,UPCOMINDEX,56.77,57.18,56.69,57.16,22367776
2020-07-10,UPCOMINDEX,57.11,57.32,57.02,57.25,26858409
2020-07-13,UPCOMINDEX,57.25,57.64,57.2,57.28,12381673
2020-07-14,UPCOMINDEX,57.35,57.35,56.77,56.94,12835558
2020-07-15,UPCOMINDEX,56.96,57.16,56.81,56.98,15003165
2020-07-16,UPCOMINDEX,56.99,57.19,56.86,57.03,10932487
2020-07-17,UPCOMINDEX,57.02,57.57,56.94,57.57,29578820
2020-07-20,UPCOMINDEX,57.56,57.62,57.1,57.29,13276021
2020-07-21,UPCOMINDEX,57.3,57.41,56.98,57.36,16825788
2020-07-22,UPCOMINDEX,57.41,57.76,57.35,57.57,26442815
2020-07-23,UPCOMINDEX,57.57,57.69,56.98,57.32,12785541
2020-07-24,UPCOMINDEX,57.31,57.31,55.39,55.78,39374423
2020-07-27,UPCOMINDEX,55.62,55.62,53.47,53.65,42963024
2020-07-28,UPCOMINDEX,53.59,55.34,53.51,55.27,20282371
2020-07-29,UPCOMINDEX,55.27,55.27,53.59,54.17,20600811
2020-07-30,UPCOMINDEX,54.16,54.9,54.12,54.86,13496298
2020-07-31,UPCOMINDEX,54.86,55.11,54.53,54.8,24078518
2020-08-03,UPCOMINDEX,54.8,55.51,54.62,55.51,14825699
2020-08-04,UPCOMINDEX,55.58,56.04,55.57,55.89,14998056
2020-08-05,UPCOMINDEX,55.89,56.14,55.74,56.06,18177968
2020-08-06,UPCOMINDEX,56.85,56.85,55.97,56.12,16548633
2020-08-07,UPCOMINDEX,56.26,56.38,55.97,56.22,18051421
2020-08-10,UPCOMINDEX,56.08,56.39,56.02,56.3,14972456
2020-08-11,UPCOMINDEX,56.32,56.62,56.26,56.52,21332305
2020-08-12,UPCOMINDEX,56.44,56.86,56.44,56.78,18927726
2020-08-13,UPCOMINDEX,56.79,57.03,56.74,56.86,16985366
2020-08-14,UPCOMINDEX,56.86,57.02,56.6,56.74,28161935
2020-08-17,UPCOMINDEX,56.73,56.9,56.46,56.86,21188416
2020-08-18,UPCOMINDEX,56.87,57.13,56.78,57.09,19703160
2020-08-19,UPCOMINDEX,57.1,57.19,56.95,57.17,16718011
2020-08-20,UPCOMINDEX,57.17,57.28,57.04,57.24,17130385
2020-08-21,UPCOMINDEX,57.34,57.41,57.19,57.39,30321190
2020-08-24,UPCOMINDEX,57.4,58.45,57.37,57.98,27370092
2020-08-25,UPCOMINDEX,58.02,58.26,57.94,58.19,24780082
2020-08-26,UPCOMINDEX,58.19,58.61,58.16,58.52,25520090
2020-08-27,UPCOMINDEX,58.52,59.05,58.42,59.05,18868359
2020-08-28,UPCOMINDEX,59.06,59.41,59.0,59.33,32434585
2020-08-31,UPCOMINDEX,59.33,59.48,58.68,58.82,26683932
2020-09-01,UPCOMINDEX,58.79,58.88,58.55,58.8,17259680
2020-09-03,UPCOMINDEX,58.76,59.23,58.75,58.96,21502473
2020-09-04,UPCOMINDEX,58.94,58.95,58.46,58.89,36416707
2020-09-07,UPCOMINDEX,58.89,59.06,58.57,58.64,22019367
2020-09-08,UPCOMINDEX,58.65,58.87,58.5,58.82,16332591
2020-09-09,UPCOMINDEX,58.82,58.84,58.32,58.84,21756969
2020-09-10,UPCOMINDEX,58.83,59.11,58.81,59.03,18611169
2020-09-11,UPCOMINDEX,59.04,59.22,58.91,59.09,44185264
2020-09-14,UPCOMINDEX,59.09,59.5,59.09,59.41,33794576
2020-09-15,UPCOMINDEX,59.35,59.71,59.35,59.56,23950306
2020-09-16,UPCOMINDEX,59.58,59.8,59.56,59.76,30362165
2020-09-17,UPCOMINDEX,59.78,60.06,59.63,59.87,36765384
2020-09-18,UPCOMINDEX,59.87,60.6,59.77,60.59,49254404
2020-09-21,UPCOMINDEX,60.58,60.89,60.47,60.74,36860164
2020-09-22,UPCOMINDEX,60.7,60.73,60.35,60.66,31475948
2020-09-23,UPCOMINDEX,60.66,61.03,60.66,60.96,27279591
2020-09-24,UPCOMINDEX,60.96,61.22,60.8,61.0,26070238
2020-09-25,UPCOMINDEX,61.05,61.3,60.95,61.29,40719111
2020-09-28,UPCOMINDEX,61.29,61.78,61.25,61.78,30190024
2020-09-29,UPCOMINDEX,61.78,61.92,61.39,61.52,31704455
2020-09-30,UPCOMINDEX,61.53,61.78,61.34,61.73,26531684
2020-10-01,UPCOMINDEX,61.73,62.42,61.73,62.42,35914710
2020-10-02,UPCOMINDEX,62.43,62.77,61.63,62.35,57117741
2020-10-05,UPCOMINDEX,62.37,62.84,62.27,62.81,25164642
2020-10-06,UPCOMINDEX,62.85,63.91,62.85,63.91,32657860
2020-10-07,UPCOMINDEX,63.95,64.12,63.49,63.95,26283343
2020-10-08,UPCOMINDEX,64.03,64.04,62.95,63.53,28072466
2020-10-09,UPCOMINDEX,63.62,64.02,63.38,64.01,40600963
2020-10-12,UPCOMINDEX,64.01,64.31,63.25,63.47,27494476
2020-10-13,UPCOMINDEX,63.43,63.45,62.98,63.43,19865366
2020-10-14,UPCOMINDEX,63.42,63.42,62.67,63.13,35822648
2020-10-15,UPCOMINDEX,63.14,63.5,62.72,63.48,56064988
2020-10-16,UPCOMINDEX,63.48,64.01,63.41,63.85,35328827
2020-10-19,UPCOMINDEX,63.91,64.22,63.83,63.95,24702695
2020-10-20,UPCOMINDEX,63.89,63.92,63.32,63.71,35396903
2020-10-21,UPCOMINDEX,63.72,63.82,63.51,63.75,30546503
2020-10-22,UPCOMINDEX,63.77,63.77,63.39,63.64,20761733
2020-10-23,UPCOMINDEX,63.53,63.97,63.53,63.91,39734839
2020-10-26,UPCOMINDEX,63.91,63.99,63.32,63.57,18833440
2020-10-27,UPCOMINDEX,63.6,63.63,63.19,63.4,14581716
2020-10-28,UPCOMINDEX,63.41,63.42,62.44,62.73,21985330
2020-10-29,UPCOMINDEX,62.71,62.86,62.17,62.74,14569648
2020-10-30,UPCOMINDEX,62.74,62.98,62.46,62.85,20476958
2020-11-02,UPCOMINDEX,62.84,63.18,62.83,63.08,10549447
2020-11-03,UPCOMINDEX,63.13,64.01,62.93,63.14,10915737
2020-11-04,UPCOMINDEX,63.11,63.5,62.98,63.5,13105181
2020-11-05,UPCOMINDEX,63.5,63.55,63.24,63.31,13245878
2020-11-06,UPCOMINDEX,63.31,63.6,63.28,63.57,17524105
2020-11-09,UPCOMINDEX,63.57,64.05,63.38,64.02,13468805
2020-11-10,UPCOMINDEX,64.06,64.97,64.06,64.16,16533130
2020-11-11,UPCOMINDEX,64.22,65.11,64.11,65.03,13736795
2020-11-12,UPCOMINDEX,65.04,65.23,64.37,64.52,14312133
2020-11-13,UPCOMINDEX,64.52,64.81,64.48,64.7,24261203
2020-11-16,UPCOMINDEX,64.7,65.14,64.69,64.85,18653863
2020-11-17,UPCOMINDEX,64.83,66.15,64.83,66.15,23752474
2020-11-18,UPCOMINDEX,66.12,66.43,65.67,65.88,21390106
2020-11-19,UPCOMINDEX,65.85,66.07,65.84,66.05,21010190
2020-11-20,UPCOMINDEX,66.04,66.36,65.96,66.36,33212201
2020-11-23,UPCOMINDEX,66.43,66.73,66.42,66.69,30992867
2020-11-24,UPCOMINDEX,66.7,66.85,66.19,66.76,25128155
2020-11-25,UPCOMINDEX,66.77,67.05,66.46,66.6,29763583
2020-11-26,UPCOMINDEX,66.66,66.66,66.29,66.5,28072592
2020-11-27,UPCOMINDEX,66.48,66.86,66.41,66.79,32430997
2020-11-30,UPCOMINDEX,66.63,67.01,66.63,66.9,23480612
2020-12-01,UPCOMINDEX,66.89,67.81,66.56,67.81,29045346
2020-12-02,UPCOMINDEX,67.81,68.6,67.74,68.6,25245758
2020-12-03,UPCOMINDEX,68.6,69.04,68.6,69.02,34166759
2020-12-04,UPCOMINDEX,68.94,69.2,68.4,68.61,46802578
2020-12-07,UPCOMINDEX,68.61,68.7,68.34,68.7,31619294
2020-12-08,UPCOMINDEX,68.7,68.94,68.57,68.94,34348915
2020-12-09,UPCOMINDEX,68.94,69.54,68.86,69.26,46319817
2020-12-10,UPCOMINDEX,69.26,69.39,68.57,68.71,35719968
2020-12-11,UPCOMINDEX,68.71,68.79,68.33,68.72,45972376
2020-12-14,UPCOMINDEX,68.74,69.36,68.6,69.36,44560236
2020-12-15,UPCOMINDEX,69.68,69.84,69.49,69.62,39521462
2020-12-16,UPCOMINDEX,69.63,70.25,69.63,70.25,32753429
2020-12-17,UPCOMINDEX,70.24,70.68,70.01,70.29,46968539
2020-12-18,UPCOMINDEX,70.3,70.95,70.27,70.95,50812605
2020-12-21,UPCOMINDEX,70.94,71.7,70.94,71.64,57946670
2020-12-22,UPCOMINDEX,71.6,72.85,71.6,72.82,55037733
2020-12-23,UPCOMINDEX,72.83,73.59,72.42,73.59,59270362
2020-12-24,UPCOMINDEX,73.62,73.84,72.12,73.07,60061290
2020-12-25,UPCOMINDEX,73.26,73.33,72.09,72.94,67499084
2020-12-28,UPCOMINDEX,72.96,73.42,72.88,73.1,52826032
2020-12-29,UPCOMINDEX,73.1,73.93,72.92,73.83,53936651
2020-12-30,UPCOMINDEX,73.83,74.08,73.21,73.41,46649075
2020-12-31,UPCOMINDEX,73.35,74.45,73.33,74.45,40661473
2021-01-04,UPCOMINDEX,74.37,74.37,73.92,74.2,50949119
2021-01-05,UPCOMINDEX,74.15,74.47,74.01,74.43,46570926
2021-01-06,UPCOMINDEX,74.43,74.88,74.27,74.82,53834857
2021-01-07,UPCOMINDEX,74.81,75.41,74.66,75.38,55952396
2021-01-08,UPCOMINDEX,75.44,76.08,75.44,76.07,102175816
2021-01-11,UPCOMINDEX,76.07,76.95,76.07,76.95,55826425
2021-01-12,UPCOMINDEX,76.99,77.9,76.75,77.89,63161622
2021-01-13,UPCOMINDEX,77.88,78.32,77.67,77.93,60814612
2021-01-14,UPCOMINDEX,77.99,78.07,77.39,77.75,50679488
2021-01-15,UPCOMINDEX,77.75,78.67,77.75,78.64,93823029
2021-01-18,UPCOMINDEX,78.86,79.06,78.36,78.55,62800948
2021-01-19,UPCOMINDEX,78.54,78.85,74.69,76.15,91428865
2021-01-20,UPCOMINDEX,76.15,76.3,74.03,76.18,53854642
2021-01-21,UPCOMINDEX,76.23,77.46,76.12,77.46,51595737
2021-01-22,UPCOMINDEX,77.49,78.05,77.46,77.6,90270414
2021-01-25,UPCOMINDEX,77.59,77.66,77.34,77.42,52771354
2021-01-26,UPCOMINDEX,77.41,77.61,75.62,76.42,64756437
2021-01-27,UPCOMINDEX,76.35,76.62,74.16,74.46,55972936
2021-01-28,UPCOMINDEX,74.03,74.1,68.35,69.12,59166099
2021-01-29,UPCOMINDEX,69.09,72.11,67.76,72.08,104664671
2021-02-01,UPCOMINDEX,72.06,72.53,70.62,71.08,33117992
2021-02-02,UPCOMINDEX,71.08,71.72,70.53,71.66,27740622
2021-02-03,UPCOMINDEX,71.65,73.55,71.61,73.3,40215424
2021-02-04,UPCOMINDEX,73.35,74.07,73.19,74.06,36976095
2021-02-05,UPCOMINDEX,74.07,74.48,73.43,73.89,61872493
2021-02-08,UPCOMINDEX,73.89,73.98,72.41,72.65,48036685
2021-02-09,UPCOMINDEX,72.66,73.81,72.55,73.81,30858367
2021-02-17,UPCOMINDEX,73.82,75.81,73.82,75.74,46937986
2021-02-18,UPCOMINDEX,75.74,76.35,75.19,75.35,57515990
2021-02-19,UPCOMINDEX,75.34,76.22,75.34,76.11,72246665
2021-02-22,UPCOMINDEX,76.19,76.73,76.15,76.56,38100259
2021-02-23,UPCOMINDEX,76.62,76.76,76.25,76.47,42307047
2021-02-24,UPCOMINDEX,76.53,76.7,75.99,76.22,55102798
2021-02-25,UPCOMINDEX,76.31,76.64,76.08,76.48,36380635
2021-02-26,UPCOMINDEX,76.48,76.65,75.66,76.64,67241137
2021-03-01,UPCOMINDEX,76.65,77.2,76.65,77.15,70887650
2021-03-02,UPCOMINDEX,77.18,77.82,77.18,77.46,51313679
2021-03-03,UPCOMINDEX,77.51,78.29,77.44,78.1,58457500
2021-03-04,UPCOMINDEX,78.11,78.5,77.3,77.96,108826670
2021-03-05,UPCOMINDEX,77.99,78.57,77.41,78.56,117897792
2021-03-08,UPCOMINDEX,78.48,79.64,78.48,79.42,80891020
2021-03-09,UPCOMINDEX,79.42,79.77,78.91,79.54,89469255
2021-03-10,UPCOMINDEX,79.53,80.24,79.52,80.24,57515775
2021-03-11,UPCOMINDEX,80.25,80.7,80.01,80.34,55887470
2021-03-12,UPCOMINDEX,80.36,80.68,80.01,80.27,82870350
2021-03-15,UPCOMINDEX,80.33,80.88,80.28,80.82,51439911
2021-03-16,UPCOMINDEX,80.79,81.18,80.52,80.93,71981660
2021-03-17,UPCOMINDEX,80.93,81.71,80.76,81.71,81637201
2021-03-18,UPCOMINDEX,81.61,82.14,81.39,81.69,50601749
2021-03-19,UPCOMINDEX,81.57,81.6,81.04,81.48,113198236
2021-03-22,UPCOMINDEX,81.23,81.54,80.99,81.28,60562296
2021-03-23,UPCOMINDEX,81.35,81.68,80.56,81.14,58920987
2021-03-24,UPCOMINDEX,81.08,81.12,79.5,80.5,74290382
2021-03-25,UPCOMINDEX,80.49,80.92,79.96,80.38,51064019
2021-03-26,UPCOMINDEX,80.32,80.35,79.97,79.85,26461248
2021-03-29,UPCOMINDEX,79.79,80.54,79.77,80.52,56531715
2021-03-30,UPCOMINDEX,80.54,80.8,80.07,80.63,53723258
2021-03-31,UPCOMINDEX,80.62,81.43,80.61,81.41,88912969
2021-04-01,UPCOMINDEX,81.41,81.89,81.2,81.71,74371686
2021-04-02,UPCOMINDEX,81.71,82.51,81.71,82.27,113619406
2021-04-05,UPCOMINDEX,82.29,83.01,82.29,82.84,85729780
2021-04-06,UPCOMINDEX,82.84,82.86,82.24,82.6,81851697
2021-04-07,UPCOMINDEX,82.62,82.72,82.25,82.56,77246566
2021-04-08,UPCOMINDEX,82.82,83.25,82.31,83.07,91256591
2021-04-09,UPCOMINDEX,83.3,83.3,82.66,83.01,107622800
2021-04-12,UPCOMINDEX,83.08,84.13,83.08,84.1,79804091
2021-04-13,UPCOMINDEX,84.13,84.3,82.96,83.13,117135171
2021-04-14,UPCOMINDEX,83.19,83.4,82.38,83.4,75799898
2021-04-15,UPCOMINDEX,83.28,83.61,82.47,82.7,73288247
2021-04-16,UPCOMINDEX,82.72,82.9,81.05,81.79,129582833
2021-04-19,UPCOMINDEX,81.44,82.04,81.1,81.99,54229500
2021-04-20,UPCOMINDEX,81.99,82.38,81.5,81.73,64273600
2021-04-22,UPCOMINDEX,81.73,82.0,79.58,79.75,62209900
2021-04-23,UPCOMINDEX,79.75,80.48,78.88,80.4,109452100
2021-04-26,UPCOMINDEX,80.4,80.85,79.26,79.42,48615300
2021-04-27,UPCOMINDEX,79.42,79.96,79.24,79.41,38099300
2021-04-28,UPCOMINDEX,79.41,80.13,79.28,80.12,28938300
2021-04-29,UPCOMINDEX,80.12,80.83,80.04,80.68,40374400
2021-05-04,UPCOMINDEX,80.68,80.7,79.26,79.86,38944500
2021-05-05,UPCOMINDEX,79.86,80.76,79.8,80.66,50854300
2021-05-06,UPCOMINDEX,80.66,81.41,80.54,81.18,52172600
2021-05-07,UPCOMINDEX,81.18,81.33,80.07,80.85,97046900
2021-05-10,UPCOMINDEX,80.85,80.87,80.34,80.84,51821900
2021-05-11,UPCOMINDEX,80.84,81.13,80.63,81.07,45485600
2021-05-12,UPCOMINDEX,81.07,81.48,80.87,81.47,47850200
2021-05-13,UPCOMINDEX,81.47,81.67,81.04,81.17,51247000
2021-05-14,UPCOMINDEX,81.17,81.55,80.84,81.0,84217600
2021-05-17,UPCOMINDEX,81.0,81.14,80.12,80.42,45113700
2021-05-18,UPCOMINDEX,80.42,80.51,79.92,80.06,57654900
2021-05-19,UPCOMINDEX,80.06,80.28,79.62,79.81,37908600
2021-05-20,UPCOMINDEX,79.81,80.0,79.43,79.75,60379400
2021-05-21,UPCOMINDEX,79.75,81.8,79.53,81.63,115856700
2021-05-24,UPCOMINDEX,81.63,82.79,81.59,82.63,48479100
2021-05-25,UPCOMINDEX,82.63,83.18,82.58,82.91,57792800
2021-05-26,UPCOMINDEX,82.91,83.23,82.81,83.06,55916800
2021-05-27,UPCOMINDEX,83.06,84.41,83.06,84.08,70117100
2021-05-28,UPCOMINDEX,84.08,86.37,84.08,86.11,124340300
2021-05-31,UPCOMINDEX,86.11,88.79,86.02,88.77,107065300
2021-06-01,UPCOMINDEX,88.77,90.68,88.35,88.87,95212400
2021-06-02,UPCOMINDEX,88.87,89.81,87.81,89.39,109893200
2021-06-03,UPCOMINDEX,89.39,91.02,89.27,90.67,115090400
2021-06-04,UPCOMINDEX,90.67,91.1,89.88,90.59,166848400
2021-06-07,UPCOMINDEX,90.59,90.73,87.8,89.06,108632400
2021-06-08,UPCOMINDEX,89.06,89.32,86.0,86.4,103915800
2021-06-09,UPCOMINDEX,86.4,87.99,85.06,87.25,83514000
2021-06-10,UPCOMINDEX,87.25,87.87,86.84,87.17,74995600
2021-06-11,UPCOMINDEX,87.17,89.14,87.17,88.93,114962700
2021-06-14,UPCOMINDEX,88.93,89.3,88.34,88.83,88926400
2021-06-15,UPCOMINDEX,88.83,89.38,88.54,88.87,71166000
2021-06-16,UPCOMINDEX,88.87,89.32,88.45,88.82,79875700
2021-06-17,UPCOMINDEX,88.82,89.56,88.41,89.55,68029900
2021-06-18,UPCOMINDEX,89.55,90.23,89.52,90.22,129573600
2021-06-21,UPCOMINDEX,90.22,90.38,89.47,89.71,75717300
2021-06-22,UPCOMINDEX,89.71,90.29,89.7,90.1,74436800
2021-06-23,UPCOMINDEX,90.1,90.51,89.66,90.04,87877200
2021-06-24,UPCOMINDEX,90.04,90.43,89.44,89.68,48400900
2021-06-25,UPCOMINDEX,89.68,90.1,88.97,89.48,92581800
2021-06-28,UPCOMINDEX,89.48,89.99,89.17,89.8,66835200
2021-06-29,UPCOMINDEX,89.8,91.08,89.8,90.3,67689200
2021-06-30,UPCOMINDEX,90.3,90.61,89.99,90.25,52381300
2021-07-01,UPCOMINDEX,90.25,90.55,89.75,90.44,79368400
2021-07-02,UPCOMINDEX,90.44,90.95,90.23,90.64,101329100
2021-07-05,UPCOMINDEX,90.64,91.19,90.0,90.47,77719500
2021-07-06,UPCOMINDEX,90.47,91.47,88.99,89.07,85140800
2021-07-07,UPCOMINDEX,89.07,89.59,88.25,89.14,73415500
2021-07-08,UPCOMINDEX,89.14,89.25,88.17,88.49,46236600
2021-07-09,UPCOMINDEX,88.49,88.78,86.7,87.08,114060300
2021-07-12,UPCOMINDEX,87.08,87.74,82.52,83.89,85073100
2021-07-13,UPCOMINDEX,83.89,85.69,83.47,85.36,47995500
2021-07-14,UPCOMINDEX,85.36,85.39,83.77,84.56,40474300
2021-07-15,UPCOMINDEX,84.56,85.0,83.91,84.98,34214300
2021-07-16,UPCOMINDEX,84.98,85.54,84.98,85.33,65061900
2021-07-19,UPCOMINDEX,85.33,85.33,82.45,82.59,61736500
2021-07-20,UPCOMINDEX,82.59,83.71,82.27,83.69,44193600
2021-07-21,UPCOMINDEX,83.69,84.58,83.56,84.3,31345300
2021-07-22,UPCOMINDEX,84.3,85.71,84.3,85.57,43358400
2021-07-23,UPCOMINDEX,85.57,85.57,84.21,84.37,71776000
2021-07-26,UPCOMINDEX,84.37,84.4,83.06,83.87,35107200
2021-07-27,UPCOMINDEX,83.87,84.88,83.45,84.77,55791300
2021-07-28,UPCOMINDEX,84.77,85.17,84.75,84.96,36070100
2021-07-29,UPCOMINDEX,84.96,86.14,84.96,86.14,41680400
2021-07-30,UPCOMINDEX,86.14,86.94,85.97,86.93,82311800
2021-08-02,UPCOMINDEX,86.93,87.57,86.89,87.35,57266400
2021-08-03,UPCOMINDEX,87.35,87.71,86.92,87.59,61164300
2021-08-04,UPCOMINDEX,87.59,87.91,87.16,87.52,60950500
2021-08-05,UPCOMINDEX,87.52,87.95,87.29,87.93,53650300
2021-08-06,UPCOMINDEX,87.93,88.67,87.77,88.28,101849500
2021-08-09,UPCOMINDEX,88.28,89.4,88.1,89.38,72673500
2021-08-10,UPCOMINDEX,89.38,90.54,89.29,90.53,88448500
2021-08-11,UPCOMINDEX,90.53,92.36,90.52,92.01,76909900
2021-08-12,UPCOMINDEX,92.01,92.71,91.89,91.98,84699000
2021-08-13,UPCOMINDEX,91.98,92.3,90.89,92.17,143092700
2021-08-16,UPCOMINDEX,92.17,94.04,92.08,94.04,96236600
2021-08-17,UPCOMINDEX,94.04,94.98,93.72,94.2,78242300
2021-08-18,UPCOMINDEX,94.2,95.02,94.2,94.48,69276900
2021-08-19,UPCOMINDEX,94.48,94.72,94.17,94.71,96705200
2021-08-20,UPCOMINDEX,94.71,94.87,91.36,92.73,220414100
2021-08-23,UPCOMINDEX,92.7,92.78,91.09,91.46,100903200
2021-08-24,UPCOMINDEX,91.46,91.73,90.3,91.13,87779400
2021-08-25,UPCOMINDEX,91.13,91.55,90.54,91.53,60340100
2021-08-26,UPCOMINDEX,91.53,92.01,91.26,91.55,61950700
2021-08-27,UPCOMINDEX,91.55,92.15,90.74,92.13,118548300
2021-08-30,UPCOMINDEX,92.13,93.31,92.08,93.22,88505200
2021-08-31,UPCOMINDEX,93.22,93.97,93.09,93.77,100035000
2021-09-01,UPCOMINDEX,93.77,94.01,93.26,94.01,96286400
2021-09-06,UPCOMINDEX,94.01,94.66,93.91,94.66,121257200
2021-09-07,UPCOMINDEX,94.66,95.18,94.22,94.7,124942900
2021-09-08,UPCOMINDEX,94.7,95.04,94.1,94.36,75444000
2021-09-09,UPCOMINDEX,94.36,94.83,94.17,94.83,73884500
2021-09-10,UPCOMINDEX,94.83,95.41,94.78,95.41,139877400
2021-09-13,UPCOMINDEX,95.41,95.81,94.83,95.26,108616400
2021-09-14,UPCOMINDEX,95.26,95.55,94.85,95.01,90734800
2021-09-15,UPCOMINDEX,95.01,95.86,94.72,95.81,127443000
2021-09-16,UPCOMINDEX,95.81,96.3,95.61,96.25,104958700
2021-09-17,UPCOMINDEX,96.25,97.4,96.22,97.4,165863500
2021-09-20,UPCOMINDEX,97.4,98.59,97.13,97.45,135701200
2021-09-21,UPCOMINDEX,97.45,97.49,95.83,96.77,113003300
2021-09-22,UPCOMINDEX,96.77,97.66,96.38,97.65,113657600
2021-09-23,UPCOMINDEX,97.65,98.56,97.46,98.37,136317500
2021-09-24,UPCOMINDEX,98.37,98.81,97.56,98.07,163289200
2021-09-27,UPCOMINDEX,98.07,98.2,95.65,95.76,103280900
2021-09-28,UPCOMINDEX,95.76,96.04,94.56,96.01,108325400
2021-09-29,UPCOMINDEX,96.01,96.07,95.17,95.94,61875800
2021-09-30,UPCOMINDEX,95.94,96.56,95.67,96.56,60009200
2021-10-01,UPCOMINDEX,96.56,96.62,95.67,95.98,145777900
2021-10-04,UPCOMINDEX,95.98,96.18,95.39,96.18,109276900
2021-10-05,UPCOMINDEX,96.18,96.91,95.92,96.9,80472800
2021-10-06,UPCOMINDEX,96.9,97.4,96.84,97.38,88383300
2021-10-07,UPCOMINDEX,97.38,98.25,97.24,97.96,93465300
2021-10-08,UPCOMINDEX,97.96,98.39,97.7,98.3,123204800
2021-10-11,UPCOMINDEX,98.3,98.89,97.97,98.8,82093100
2021-10-12,UPCOMINDEX,98.8,99.07,98.39,98.81,96968200
2021-10-13,UPCOMINDEX,98.81,99.28,98.37,98.78,70300300
2021-10-14,UPCOMINDEX,98.78,99.35,98.48,99.28,78278900
2021-10-15,UPCOMINDEX,99.28,99.61,99.01,99.44,155366400
2021-10-18,UPCOMINDEX,99.44,99.8,99.1,99.37,113540800
2021-10-19,UPCOMINDEX,99.37,99.62,98.89,99.6,82374400
2021-10-20,UPCOMINDEX,99.6,100.01,98.98,99.68,105886300
2021-10-21,UPCOMINDEX,99.68,99.98,99.36,99.77,83733100
2021-10-22,UPCOMINDEX,99.77,100.58,99.7,100.36,168449100
2021-10-25,UPCOMINDEX,100.36,101.24,100.31,100.92,98705100
2021-10-26,UPCOMINDEX,100.92,101.88,100.71,101.88,79871400
2021-10-27,UPCOMINDEX,101.88,102.75,101.58,102.67,111795500
2021-10-28,UPCOMINDEX,102.67,104.41,102.39,104.38,118764700
2021-10-29,UPCOMINDEX,104.38,105.39,103.63,105.38,143979400
2021-11-01,UPCOMINDEX,105.38,106.25,105.14,105.95,133142800
2021-11-02,UPCOMINDEX,105.95,106.96,105.38,106.93,125750600
2021-11-03,UPCOMINDEX,106.93,108.01,106.25,106.98,168507000
2021-11-04,UPCOMINDEX,106.98,107.41,106.27,107.38,103834600
2021-11-05,UPCOMINDEX,107.38,108.24,106.58,108.2,167658700
2021-11-08,UPCOMINDEX,108.2,109.35,108.07,109.03,123548200
2021-11-09,UPCOMINDEX,109.03,109.43,108.6,109.18,128847400
2021-11-10,UPCOMINDEX,109.18,109.71,108.7,109.66,114611600
2021-11-11,UPCOMINDEX,109.66,110.14,108.45,109.21,136677400
2021-11-12,UPCOMINDEX,109.21,110.68,108.98,110.66,193447200
2021-11-15,UPCOMINDEX,110.66,111.94,110.29,111.74,161192600
2021-11-16,UPCOMINDEX,111.74,112.01,110.53,111.48,124034300
2021-11-17,UPCOMINDEX,111.48,112.22,111.16,112.21,115059200
2021-11-18,UPCOMINDEX,112.21,113.52,111.96,113.52,143459900
2021-11-19,UPCOMINDEX,113.52,115.03,111.31,113.24,317210900
2021-11-22,UPCOMINDEX,113.24,114.52,111.52,111.96,147134600
2021-11-23,UPCOMINDEX,111.96,113.08,110.82,113.03,86088000
2021-11-24,UPCOMINDEX,113.03,114.64,112.9,114.64,98268200
2021-11-25,UPCOMINDEX,114.64,115.12,113.82,114.61,87029800
2021-11-26,UPCOMINDEX,114.61,115.27,113.46,114.34,202885000
2021-11-29,UPCOMINDEX,114.34,114.34,112.35,114.06,103267700
2021-11-30,UPCOMINDEX,114.06,115.36,113.62,114.1,118602800
2021-12-01,UPCOMINDEX,114.1,114.62,113.66,114.58,95814800
2021-12-02,UPCOMINDEX,114.58,115.23,114.37,114.55,100070700
2021-12-03,UPCOMINDEX,114.55,115.35,111.87,112.11,189498500
2021-12-06,UPCOMINDEX,112.11,112.4,108.21,109.19,96741500
2021-12-07,UPCOMINDEX,109.19,110.85,108.97,110.85,75096300
2021-12-08,UPCOMINDEX,110.85,111.47,110.59,111.29,59758500
2021-12-09,UPCOMINDEX,111.29,111.92,110.6,111.91,63112200
2021-12-10,UPCOMINDEX,111.91,112.53,111.17,111.81,189350700
2021-12-13,UPCOMINDEX,111.81,112.38,111.73,112.3,74559000
2021-12-14,UPCOMINDEX,112.3,112.61,111.68,112.09,83038600
2021-12-15,UPCOMINDEX,112.09,112.3,111.42,111.72,70098300
2021-12-16,UPCOMINDEX,111.72,111.86,111.36,111.73,63901900
2021-12-17,UPCOMINDEX,111.73,111.91,111.5,111.6,184488600
2021-12-20,UPCOMINDEX,111.6,111.93,110.68,111.02,79026200
2021-12-21,UPCOMINDEX,111.02,111.39,110.61,111.37,70674600
2021-12-22,UPCOMINDEX,111.37,111.68,110.65,110.93,94221900
2021-12-23,UPCOMINDEX,110.93,111.34,108.81,109.53,126031000
2021-12-24,UPCOMINDEX,109.53,110.2,109.25,110.2,143381900
2021-12-27,UPCOMINDEX,110.2,111.06,109.98,110.37,82054900
2021-12-28,UPCOMINDEX,110.37,111.04,109.94,110.44,105223600
2021-12-29,UPCOMINDEX,110.44,111.11,110.33,110.76,81427900
2021-12-30,UPCOMINDEX,110.76,111.93,110.67,111.56,84489000
2021-12-31,UPCOMINDEX,111.56,112.68,111.55,112.68,169137300
2022-01-04,UPCOMINDEX,112.68,113.75,112.66,113.72,111490700
2022-01-05,UPCOMINDEX,113.72,114.29,113.6,114.26,116015900
2022-01-06,UPCOMINDEX,114.26,114.73,113.96,114.39,112090400
2022-01-07,UPCOMINDEX,114.39,115.68,114.39,115.6,169133400
2022-01-10,UPCOMINDEX,115.6,115.98,114.27,114.3,141509500
2022-01-11,UPCOMINDEX,114.3,115.03,114.07,114.54,94813100
2022-01-12,UPCOMINDEX,114.54,114.73,112.52,114.19,108050600
2022-01-13,UPCOMINDEX,114.19,114.67,112.29,112.67,85772000
2022-01-14,UPCOMINDEX,112.67,112.79,110.93,112.22,149490900
2022-01-17,UPCOMINDEX,112.22,112.48,108.99,109.36,93847000
2022-01-18,UPCOMINDEX,109.36,109.45,106.91,107.47,70976100
2022-01-19,UPCOMINDEX,107.47,108.42,107.15,107.84,54794400
2022-01-20,UPCOMINDEX,107.84,109.71,107.84,109.67,55830900
2022-01-21,UPCOMINDEX,109.67,110.44,109.5,109.68,131603100
2022-01-24,UPCOMINDEX,109.68,109.93,106.55,106.71,55604600
2022-01-25,UPCOMINDEX,106.71,108.03,106.61,108.03,48310100
2022-01-26,UPCOMINDEX,108.03,109.32,107.98,109.05,51185600
2022-01-27,UPCOMINDEX,109.05,109.86,108.56,108.73,39706100
2022-01-28,UPCOMINDEX,108.73,109.75,108.18,109.69,114748300
2022-02-07,UPCOMINDEX,109.69,111.13,109.69,110.75,51009400
2022-02-08,UPCOMINDEX,110.75,111.62,110.72,111.52,47734000
2022-02-09,UPCOMINDEX,111.52,112.0,111.28,112.0,60108900
2022-02-10,UPCOMINDEX,112.0,112.64,112.0,112.64,64323800
2022-02-11,UPCOMINDEX,112.64,112.78,112.05,112.54,94722500
2022-02-14,UPCOMINDEX,112.54,112.58,110.73,110.85,71342900
2022-02-15,UPCOMINDEX,110.85,111.28,110.48,111.22,45612900
2022-02-16,UPCOMINDEX,111.22,111.83,111.14,111.8,60224000
2022-02-17,UPCOMINDEX,111.8,112.43,111.57,112.42,59843500
2022-02-18,UPCOMINDEX,112.42,112.73,112.12,112.72,107964700
2022-02-21,UPCOMINDEX,112.72,113.72,112.61,113.67,80854500
2022-02-22,UPCOMINDEX,113.67,113.75,112.23,113.01,80556200
2022-02-23,UPCOMINDEX,113.01,113.75,112.99,113.51,87670900
2022-02-24,UPCOMINDEX,113.51,113.72,110.39,112.32,115390900
2022-02-25,UPCOMINDEX,112.32,112.98,112.29,112.66,115970000
2022-02-28,UPCOMINDEX,112.66,112.83,112.05,112.2,67142300
2022-03-01,UPCOMINDEX,112.2,112.58,111.97,112.38,69447200
2022-03-02,UPCOMINDEX,112.38,112.39,111.37,111.8,74632000
2022-03-03,UPCOMINDEX,111.8,113.31,111.68,113.19,104421500
2022-03-04,UPCOMINDEX,113.19,113.74,113.19,113.29,128989500
2022-03-07,UPCOMINDEX,113.29,113.58,112.99,113.22,111987100
2022-03-08,UPCOMINDEX,113.22,113.25,112.48,112.61,105469000
2022-03-09,UPCOMINDEX,112.61,113.97,112.51,113.37,94514700
2022-03-10,UPCOMINDEX,113.37,115.34,113.2,115.29,91656900
2022-03-11,UPCOMINDEX,115.29,116.4,114.93,115.37,157555000
2022-03-14,UPCOMINDEX,115.37,115.75,114.49,115.05,88949000
2022-03-15,UPCOMINDEX,115.05,115.65,113.77,115.56,66905700
2022-03-16,UPCOMINDEX,115.56,116.73,115.54,116.04,45376400
2022-03-17,UPCOMINDEX,116.04,116.56,115.87,115.94,55885500
2022-03-18,UPCOMINDEX,115.94,116.46,115.75,116.04,100975000
2022-03-21,UPCOMINDEX,116.04,116.47,115.6,116.18,73174600
2022-03-22,UPCOMINDEX,116.18,116.8,115.83,116.8,64095700
2022-03-23,UPCOMINDEX,116.8,116.91,116.09,116.58,63432100
2022-03-24,UPCOMINDEX,116.58,117.28,116.23,117.27,60014300
2022-03-25,UPCOMINDEX,117.27,117.39,116.38,117.0,117017700
2022-03-28,UPCOMINDEX,117.0,117.03,115.42,116.01,86817700
2022-03-29,UPCOMINDEX,116.01,117.37,115.98,117.37,66687300
2022-03-30,UPCOMINDEX,117.37,117.78,116.4,116.88,90970700
2022-03-31,UPCOMINDEX,116.88,117.49,116.53,117.04,60525000
2022-04-01,UPCOMINDEX,117.04,117.19,115.54,117.19,114504800
2022-04-04,UPCOMINDEX,117.19,117.86,116.99,117.67,72068900
2022-04-05,UPCOMINDEX,117.67,117.75,117.1,117.7,50059000
2022-04-06,UPCOMINDEX,117.7,117.77,116.39,116.84,50595600
2022-04-07,UPCOMINDEX,116.84,116.89,115.58,115.81,48367800
2022-04-08,UPCOMINDEX,115.81,115.88,113.67,113.84,98720300
2022-04-12,UPCOMINDEX,113.84,114.42,112.39,112.53,57212600
2022-04-13,UPCOMINDEX,112.53,113.32,111.54,113.3,42253200
2022-04-14,UPCOMINDEX,113.3,113.68,112.88,113.41,31727400
2022-04-15,UPCOMINDEX,113.41,113.53,112.09,112.36,76930900
2022-04-18,UPCOMINDEX,112.36,112.75,109.37,110.21,60636600
2022-04-19,UPCOMINDEX,110.21,111.07,108.0,108.32,50438900
2022-04-20,UPCOMINDEX,108.32,108.55,105.61,106.4,56146000
2022-04-21,UPCOMINDEX,106.4,106.42,102.35,104.89,74536900
2022-04-22,UPCOMINDEX,104.89,105.54,102.35,104.15,88139000
2022-04-25,UPCOMINDEX,104.15,104.37,98.35,99.54,53006100
2022-04-26,UPCOMINDEX,99.54,101.2,96.5,101.15,51501100
2022-04-27,UPCOMINDEX,101.15,101.8,100.31,101.37,34818300
2022-04-28,UPCOMINDEX,101.37,102.85,101.32,102.69,33754700
2022-04-29,UPCOMINDEX,102.69,104.56,102.6,104.31,70323300
2022-05-04,UPCOMINDEX,104.31,104.87,103.68,104.02,34221500
2022-05-05,UPCOMINDEX,104.02,104.9,103.1,103.82,35459600
2022-05-06,UPCOMINDEX,103.82,103.82,101.36,101.88,58265300
2022-05-09,UPCOMINDEX,101.88,101.88,96.04,96.5,46810300
2022-05-10,UPCOMINDEX,96.5,99.08,95.19,99.06,34570900
2022-05-11,UPCOMINDEX,99.06,99.39,97.64,98.79,21846900
2022-05-12,UPCOMINDEX,98.79,100.02,95.45,96.44,30345500
2022-05-13,UPCOMINDEX,96.44,97.03,91.76,93.61,73909600
2022-05-16,UPCOMINDEX,93.61,95.62,92.58,93.2,27808400
2022-05-17,UPCOMINDEX,93.2,95.89,92.56,95.89,41066000
2022-05-18,UPCOMINDEX,95.89,96.27,94.43,94.73,31151800
2022-05-19,UPCOMINDEX,94.73,94.78,93.44,94.58,33301600
2022-05-20,UPCOMINDEX,94.58,94.99,93.89,94.11,54926400
2022-05-23,UPCOMINDEX,94.11,95.02,93.1,93.63,35571900
2022-05-24,UPCOMINDEX,93.63,94.85,92.0,93.12,36803900
2022-05-25,UPCOMINDEX,93.12,94.79,93.12,94.78,45405300
2022-05-26,UPCOMINDEX,94.78,95.67,94.47,94.95,43776900
2022-05-27,UPCOMINDEX,94.95,95.48,94.86,95.29,57423300
2022-05-30,UPCOMINDEX,95.29,95.71,95.07,95.71,44969500
2022-05-31,UPCOMINDEX,95.71,96.24,94.95,95.45,56722000
2022-06-01,UPCOMINDEX,95.45,95.67,94.39,95.1,42029200
2022-06-02,UPCOMINDEX,95.1,95.43,94.11,94.32,48848700
2022-06-03,UPCOMINDEX,94.32,94.44,93.63,94.17,62060400
2022-06-06,UPCOMINDEX,94.17,94.62,93.66,93.9,71712000
2022-06-07,UPCOMINDEX,93.9,94.01,92.83,93.69,65310400
2022-06-08,UPCOMINDEX,93.69,95.06,93.69,95.0,49307000
2022-06-09,UPCOMINDEX,95.0,95.39,94.66,94.89,44488000
2022-06-10,UPCOMINDEX,94.89,95.06,93.59,93.72,86247400
2022-06-13,UPCOMINDEX,93.72,93.72,90.36,90.53,70973000
2022-06-14,UPCOMINDEX,90.53,91.12,89.51,90.62,52497900
2022-06-15,UPCOMINDEX,90.62,91.15,87.92,88.65,55395500
2022-06-16,UPCOMINDEX,88.65,89.75,88.37,89.25,48919600
2022-06-17,UPCOMINDEX,89.25,89.28,86.1,87.1,71575000
2022-06-20,UPCOMINDEX,87.1,87.51,84.79,85.44,59808600
2022-06-21,UPCOMINDEX,85.44,85.66,84.63,85.03,52379200
2022-06-22,UPCOMINDEX,85.03,85.94,84.97,85.63,51546200
2022-06-23,UPCOMINDEX,85.63,86.7,85.46,86.7,33946900
2022-06-24,UPCOMINDEX,86.7,87.33,86.66,87.1,52353900
2022-06-27,UPCOMINDEX,87.1,88.14,86.94,88.14,32821200
2022-06-28,UPCOMINDEX,88.14,89.02,87.88,89.01,39399200
2022-06-29,UPCOMINDEX,89.01,89.39,88.53,88.88,35955800
2022-06-30,UPCOMINDEX,88.88,89.13,87.52,88.58,32619400
2022-07-01,UPCOMINDEX,88.58,88.66,86.57,88.18,64750700
2022-07-04,UPCOMINDEX,88.18,88.59,87.73,87.9,23310200
2022-07-05,UPCOMINDEX,87.9,88.07,86.61,87.19,35048700
2022-07-06,UPCOMINDEX,87.19,87.31,85.85,86.22,55311500
2022-07-07,UPCOMINDEX,86.22,86.39,85.43,86.38,26510400
2022-07-08,UPCOMINDEX,86.38,86.97,86.25,86.96,42447500
2022-07-11,UPCOMINDEX,86.96,86.98,85.65,86.25,26306000
2022-07-12,UPCOMINDEX,86.25,86.78,86.19,86.78,33142900
2022-07-13,UPCOMINDEX,86.78,87.11,86.42,87.09,40387400
2022-07-14,UPCOMINDEX,87.09,87.4,86.82,87.19,30165600
2022-07-15,UPCOMINDEX,87.19,87.82,86.89,87.32,58807900
2022-07-18,UPCOMINDEX,87.32,87.56,87.05,87.46,35843400
2022-07-19,UPCOMINDEX,87.46,87.89,87.03,87.89,37135200
2022-07-20,UPCOMINDEX,87.89,88.88,87.89,88.88,41973500
2022-07-21,UPCOMINDEX,88.88,89.31,88.78,89.12,35128300
2022-07-22,UPCOMINDEX,89.12,89.29,88.59,88.84,59231500
2022-07-25,UPCOMINDEX,88.84,89.1,88.17,88.35,30031500
2022-07-26,UPCOMINDEX,88.35,88.7,88.15,88.41,34764600
2022-07-27,UPCOMINDEX,88.41,88.88,88.06,88.87,22791500
2022-07-28,UPCOMINDEX,88.87,89.69,88.84,89.5,35217700
2022-07-29,UPCOMINDEX,89.5,89.91,88.9,89.61,54009200
2022-08-01,UPCOMINDEX,89.61,89.94,89.0,89.91,46873800
2022-08-02,UPCOMINDEX,89.91,90.29,89.8,90.13,48138200
2022-08-03,UPCOMINDEX,90.13,90.38,89.84,90.32,43190800
2022-08-04,UPCOMINDEX,90.32,90.89,89.71,90.86,42223900
2022-08-05,UPCOMINDEX,90.86,91.33,90.71,91.32,77463200
2022-08-08,UPCOMINDEX,91.32,92.32,91.29,92.32,47160100
2022-08-09,UPCOMINDEX,92.32,92.93,92.22,92.86,46339200
2022-08-10,UPCOMINDEX,92.86,93.3,92.76,93.11,40597200
2022-08-11,UPCOMINDEX,93.11,93.62,92.24,92.72,62159300
2022-08-12,UPCOMINDEX,92.72,92.99,92.57,92.84,73798800
2022-08-15,UPCOMINDEX,92.84,93.34,92.48,92.64,33209900
2022-08-16,UPCOMINDEX,92.64,93.15,92.44,92.84,42474400
2022-08-17,UPCOMINDEX,92.84,93.23,92.75,93.07,41116500
2022-08-18,UPCOMINDEX,93.07,93.24,92.51,92.85,28303700
2022-08-19,UPCOMINDEX,92.85,93.15,92.21,92.77,73883400
2022-08-22,UPCOMINDEX,92.77,92.83,92.0,92.22,33162400
2022-08-23,UPCOMINDEX,92.22,92.78,91.81,92.78,51163000
2022-08-24,UPCOMINDEX,92.78,93.3,92.71,93.3,44387000
2022-08-25,UPCOMINDEX,93.3,93.91,93.18,93.59,40251700
2022-08-26,UPCOMINDEX,93.59,93.86,92.52,92.88,58858700
2022-08-29,UPCOMINDEX,92.88,92.88,90.59,91.57,58609900
2022-08-30,UPCOMINDEX,91.57,92.45,91.57,92.39,37952500
2022-08-31,UPCOMINDEX,92.39,92.52,91.71,92.44,31731200
2022-09-05,UPCOMINDEX,92.44,92.49,91.59,91.78,30042700
2022-09-06,UPCOMINDEX,91.78,92.14,91.55,91.64,31605900
2022-09-07,UPCOMINDEX,91.64,91.86,90.18,90.38,52102700
2022-09-08,UPCOMINDEX,90.38,90.91,89.97,90.31,37407300
2022-09-09,UPCOMINDEX,90.31,90.83,89.52,90.64,50181100
2022-09-12,UPCOMINDEX,90.64,90.92,90.14,90.25,23142800
2022-09-13,UPCOMINDEX,90.25,90.71,90.17,90.4,24584900
2022-09-14,UPCOMINDEX,90.4,90.42,89.49,90.16,33271500
2022-09-15,UPCOMINDEX,90.16,90.51,90.11,90.27,21649900
2022-09-16,UPCOMINDEX,90.27,90.38,89.33,89.46,47863100
2022-09-19,UPCOMINDEX,89.46,89.63,88.03,88.34,38174800
2022-09-20,UPCOMINDEX,88.34,88.71,87.72,88.51,31008100
2022-09-21,UPCOMINDEX,88.51,88.55,88.01,88.23,28805100
2022-09-22,UPCOMINDEX,88.23,88.55,87.64,88.55,32897600
2022-09-23,UPCOMINDEX,88.55,88.75,88.28,88.59,49871600
2022-09-26,UPCOMINDEX,88.59,88.62,85.98,86.68,39642700
2022-09-27,UPCOMINDEX,86.68,87.06,86.52,86.71,25250700
2022-09-28,UPCOMINDEX,86.71,86.84,85.34,85.84,34515200
2022-09-29,UPCOMINDEX,85.84,86.32,85.01,85.22,25938500
2022-09-30,UPCOMINDEX,85.22,85.36,83.26,84.96,52027000
2022-10-03,UPCOMINDEX,84.96,84.98,82.17,82.76,26648600
2022-10-04,UPCOMINDEX,82.76,83.59,82.23,82.38,27848200
2022-10-05,UPCOMINDEX,82.38,83.79,82.38,83.79,23349000
2022-10-06,UPCOMINDEX,83.79,83.92,81.98,82.41,26782300
2022-10-07,UPCOMINDEX,82.41,82.52,78.99,79.98,48812400
2022-10-10,UPCOMINDEX,79.98,80.14,78.84,80.14,25932100
2022-10-11,UPCOMINDEX,80.14,80.49,77.51,77.95,29042200
2022-10-12,UPCOMINDEX,77.95,79.3,77.72,78.94,22947300
2022-10-13,UPCOMINDEX,78.94,79.43,78.5,78.97,17976500
2022-10-14,UPCOMINDEX,78.97,80.3,78.96,80.16,45072600
2022-10-17,UPCOMINDEX,80.16,80.41,79.43,80.01,19670700
2022-10-18,UPCOMINDEX,80.01,80.64,80.01,80.32,21581600
2022-10-19,UPCOMINDEX,80.32,80.99,80.29,80.67,24958800
2022-10-20,UPCOMINDEX,80.67,81.17,80.09,80.78,16649100
2022-10-21,UPCOMINDEX,80.78,81.01,77.87,78.57,53547200
2022-10-24,UPCOMINDEX,78.57,78.88,75.76,76.45,32346500
2022-10-25,UPCOMINDEX,76.45,76.87,74.41,76.25,33335900
2022-10-26,UPCOMINDEX,76.25,76.6,75.35,75.85,16239200
2022-10-27,UPCOMINDEX,75.85,77.29,75.26,77.28,25879200
2022-10-28,UPCOMINDEX,77.28,77.51,75.79,76.09,36434400
2022-10-31,UPCOMINDEX,76.09,76.76,75.01,76.29,17006400
2022-11-01,UPCOMINDEX,76.29,76.6,76.02,76.49,18375100
2022-11-02,UPCOMINDEX,76.49,76.86,75.68,76.01,16766200
2022-11-03,UPCOMINDEX,76.01,76.22,75.32,75.66,13677800
2022-11-04,UPCOMINDEX,75.66,75.99,73.68,74.26,39350500
2022-11-07,UPCOMINDEX,74.26,74.61,72.08,72.25,21412700
2022-11-08,UPCOMINDEX,72.25,72.78,71.71,72.28,19550600
2022-11-09,UPCOMINDEX,72.28,72.61,71.74,72.2,14398200
2022-11-10,UPCOMINDEX,72.2,72.37,68.04,68.8,32713200
2022-11-11,UPCOMINDEX,68.8,69.6,68.35,68.62,34167900
2022-11-14,UPCOMINDEX,68.62,68.86,65.82,66.81,31290600
2022-11-15,UPCOMINDEX,66.81,66.82,61.93,63.3,38872600
2022-11-16,UPCOMINDEX,63.3,65.45,61.4,65.32,58021300
2022-11-17,UPCOMINDEX,65.32,66.54,65.15,66.54,28307700
2022-11-18,UPCOMINDEX,66.54,67.15,65.72,67.15,64946600
2022-11-21,UPCOMINDEX,67.15,67.68,66.87,67.64,28818100
2022-11-22,UPCOMINDEX,67.64,68.96,67.64,68.41,42020700
2022-11-23,UPCOMINDEX,68.41,68.99,67.47,67.65,25570000
2022-11-24,UPCOMINDEX,67.65,67.93,66.86,67.51,26010600
2022-11-25,UPCOMINDEX,67.51,68.44,67.43,68.41,47641300
2022-11-28,UPCOMINDEX,68.41,70.06,68.41,70.03,36284600
2022-11-29,UPCOMINDEX,70.03,70.67,69.4,70.38,48509700
2022-11-30,UPCOMINDEX,70.38,70.88,70.1,70.87,37696700
2022-12-01,UPCOMINDEX,70.87,71.95,70.87,71.41,58498200
2022-12-02,UPCOMINDEX,71.41,72.23,70.88,72.21,86099400
2022-12-05,UPCOMINDEX,72.21,73.34,72.21,73.24,40989900
2022-12-06,UPCOMINDEX,73.24,73.84,70.84,71.02,67774000
2022-12-07,UPCOMINDEX,71.02,71.7,70.09,70.45,47015200
2022-12-08,UPCOMINDEX,70.45,71.83,70.45,71.62,36890600
2022-12-09,UPCOMINDEX,71.62,72.07,71.34,71.6,49831000
2022-12-12,UPCOMINDEX,71.6,72.48,71.41,71.5,36687000
2022-12-13,UPCOMINDEX,71.5,71.85,70.99,71.84,27860200
2022-12-14,UPCOMINDEX,71.84,72.33,71.78,72.11,30290300
2022-12-15,UPCOMINDEX,72.11,72.71,72.08,72.59,26410100
2022-12-16,UPCOMINDEX,72.59,72.76,71.95,72.19,47998000
2022-12-19,UPCOMINDEX,72.19,72.79,71.69,72.12,31073900
2022-12-20,UPCOMINDEX,72.12,72.33,70.12,71.03,39417700
2022-12-21,UPCOMINDEX,71.03,71.42,69.64,70.7,29034400
2022-12-22,UPCOMINDEX,70.7,71.35,70.27,70.83,18789600
2022-12-23,UPCOMINDEX,70.83,71.14,70.7,71.01,32219000
2022-12-26,UPCOMINDEX,71.01,71.57,69.55,69.71,26700100
2022-12-27,UPCOMINDEX,69.71,70.52,69.58,70.52,20907900
2022-12-28,UPCOMINDEX,70.52,70.91,70.04,70.44,14294000
2022-12-29,UPCOMINDEX,70.44,71.12,70.44,70.89,17145400
2022-12-30,UPCOMINDEX,70.89,71.65,70.72,71.65,27813700
2019-01-02,VN30,854.99,864.64,852.79,855.66,34100240
2019-01-03,VN30,855.66,856.21,834.81,838.79,50053420
2019-01-04,VN30,838.79,842.05,821.83,840.17,37439840
2019-01-07,VN30,840.17,858.69,843.95,851.41,30671600
2019-01-08,VN30,851.2,852.92,841.86,845.43,27923540
2019-01-09,VN30,845.53,856.87,845.25,855.51,37200330
2019-01-10,VN30,855.39,859.93,852.96,857.95,32827000
2019-01-11,VN30,857.84,862.88,857.67,860.3,34662900
2019-01-14,VN30,860.4,860.4,854.71,859.42,32413030
2019-01-15,VN30,859.42,865.26,856.04,865.1,33588140
2019-01-16,VN30,865.0,868.41,861.18,864.29,33032340
2019-01-17,VN30,864.15,864.15,853.34,853.34,31743610
2019-01-18,VN30,853.34,859.95,853.5,854.79,28302650
2019-01-21,VN30,855.0,865.59,855.0,864.1,46174530
2019-01-22,VN30,864.1,865.92,859.09,859.17,36096510
2019-01-23,VN30,859.26,864.83,856.77,861.73,35615120
2019-01-24,VN30,861.63,866.49,861.04,865.52,35100380
2019-01-25,VN30,865.44,869.53,865.44,867.7,34851070
2019-01-28,VN30,867.6,871.56,865.9,868.76,24718870
2019-01-29,VN30,868.81,872.03,863.22,872.03,30044560
2019-01-30,VN30,872.01,872.01,867.92,869.16,33258320
2019-01-31,VN30,869.38,874.09,863.85,866.06,46946380
2019-02-01,VN30,866.01,868.15,859.38,859.81,41898560
2019-02-11,VN30,862.2,878.67,862.2,878.67,39935410
2019-02-12,VN30,878.69,890.16,878.68,888.33,62154530
2019-02-13,VN30,888.33,897.42,887.6,897.42,65644140
2019-02-14,VN30,897.42,904.11,897.3,900.12,50274750
2019-02-15,VN30,900.14,903.11,895.13,897.74,50970670
2019-02-18,VN30,899.75,904.93,899.74,904.93,51220040
2019-02-19,VN30,905.09,915.31,905.09,907.82,78092810
2019-02-20,VN30,907.82,913.51,906.64,911.8,53104240
2019-02-21,VN30,912.83,926.09,911.38,926.09,63245360
2019-02-22,VN30,926.3,934.65,920.78,930.16,68392120
2019-02-25,VN30,929.57,944.01,929.5,939.47,68474130
2019-02-26,VN30,939.56,941.45,922.93,929.51,58439700
2019-02-27,VN30,929.51,935.76,928.59,930.54,54958520
2019-02-28,VN30,930.37,930.81,904.98,904.98,71562220
2019-03-01,VN30,904.96,915.99,904.96,915.32,39636310
2019-03-04,VN30,915.39,929.28,915.39,928.42,51481790
2019-03-05,VN30,928.25,931.23,922.05,923.66,56228360
2019-03-06,VN30,923.66,926.32,916.89,923.58,36434210
2019-03-07,VN30,923.77,930.79,922.29,922.29,51391120
2019-03-08,VN30,922.16,922.16,913.39,914.74,41836570
2019-03-11,VN30,915.0,918.73,911.88,916.24,32014260
2019-03-12,VN30,919.21,929.86,919.21,929.86,59909910
2019-03-13,VN30,929.86,939.17,929.93,935.41,72240930
2019-03-14,VN30,935.41,937.82,931.33,934.42,51531570
2019-03-15,VN30,934.87,934.87,924.45,927.06,72931340
2019-03-18,VN30,927.16,935.16,926.85,932.75,61794930
2019-03-19,VN30,933.56,935.67,924.91,927.56,56478250
2019-03-20,VN30,927.54,927.54,914.77,924.12,59408870
2019-03-21,VN30,924.22,928.32,907.87,907.87,53919570
2019-03-22,VN30,907.94,914.69,906.64,912.27,46663850
2019-03-25,VN30,912.1,912.1,889.17,893.4,53507330
2019-03-26,VN30,893.78,901.81,892.47,894.58,38004810
2019-03-27,VN30,895.71,903.35,895.71,901.76,32702110
2019-03-28,VN30,901.51,903.88,898.17,901.65,31095800
2019-03-29,VN30,901.65,906.84,900.13,900.13,45013980
2019-04-01,VN30,900.17,905.94,900.17,905.87,40144870
2019-04-02,VN30,907.18,912.94,902.43,903.59,35223770
2019-04-03,VN30,903.59,903.05,897.47,901.5,34513830
2019-04-04,VN30,901.5,906.29,900.97,904.33,32078960
2019-04-05,VN30,904.33,905.76,902.77,904.69,30171520
2019-04-08,VN30,904.92,907.2,900.97,906.55,33275430
2019-04-09,VN30,906.46,908.94,898.8,900.07,42510820
2019-04-10,VN30,899.91,900.07,887.75,893.19,34637240
2019-04-11,VN30,893.6,896.68,892.62,896.04,24748350
2019-04-12,VN30,895.95,896.04,891.71,893.1,27813000
2019-04-16,VN30,890.81,893.1,877.38,887.76,36537920
2019-04-17,VN30,886.65,891.78,885.64,885.66,34638940
2019-04-18,VN30,884.29,887.48,876.2,877.02,39355710
2019-04-19,VN30,877.07,884.77,877.02,880.52,26150620
2019-04-22,VN30,880.9,880.9,873.55,878.23,34285820
2019-04-23,VN30,878.38,881.67,875.05,878.29,37895280
2019-04-24,VN30,877.97,889.02,877.97,888.65,35004620
2019-04-25,VN30,888.57,888.91,883.72,885.65,29184040
2019-04-26,VN30,885.47,890.69,882.58,890.55,34567810
2019-05-02,VN30,890.6,893.89,889.61,893.87,36439930
2019-05-03,VN30,893.8,895.7,889.2,895.42,47857200
2019-05-06,VN30,893.83,895.42,875.71,878.8,41223290
2019-05-07,VN30,880.06,885.23,876.18,877.02,36430910
2019-05-08,VN30,872.22,877.02,867.18,872.78,38545850
2019-05-09,VN30,872.71,875.89,868.73,871.5,39316830
2019-05-10,VN30,871.28,877.59,871.28,876.45,34857290
2019-05-13,VN30,876.16,879.64,874.68,879.64,37914590
2019-05-14,VN30,879.14,882.67,871.96,882.67,43976340
2019-05-15,VN30,882.99,893.68,882.67,893.22,46181060
2019-05-16,VN30,893.7,896.34,891.93,891.93,39252920
2019-05-17,VN30,892.93,893.44,888.56,890.53,40028260
2019-05-20,VN30,890.16,901.06,888.12,901.06,42542890
2019-05-21,VN30,901.79,907.64,900.97,901.36,43008810
2019-05-22,VN30,901.49,906.99,897.27,897.66,43386130
2019-05-23,VN30,897.66,899.02,892.08,895.07,30514000
2019-05-24,VN30,894.22,898.24,884.48,884.48,44872700
2019-05-27,VN30,884.29,889.45,883.95,889.2,29654840
2019-05-28,VN30,888.8,891.61,883.53,885.27,30927150
2019-05-29,VN30,886.12,886.98,882.0,883.52,33829930
2019-05-30,VN30,883.51,888.68,879.58,883.37,29873700
2019-05-31,VN30,883.39,884.75,875.77,876.29,34297640
2019-06-03,VN30,875.64,876.29,858.64,864.08,51473370
2019-06-04,VN30,864.27,868.67,857.94,864.35,32528920
2019-06-05,VN30,866.79,871.91,863.69,863.69,27109050
2019-06-06,VN30,863.81,865.16,851.47,861.31,38238280
2019-06-07,VN30,860.64,869.56,860.64,869.56,33454350
2019-06-10,VN30,869.68,877.45,866.79,872.49,44465190
2019-06-11,VN30,872.49,874.32,870.0,870.91,29455250
2019-06-12,VN30,870.48,871.64,865.42,865.42,32449060
2019-06-13,VN30,865.29,865.42,857.72,859.68,32318410
2019-06-14,VN30,859.53,864.29,859.08,861.65,34401390
2019-06-17,VN30,861.37,862.36,851.14,852.99,40074050
2019-06-18,VN30,852.62,853.95,845.4,848.17,42999880
2019-06-19,VN30,850.34,854.81,848.17,854.34,39852300
2019-06-20,VN30,854.9,867.91,853.96,864.59,53355700
2019-06-21,VN30,864.59,870.35,864.44,866.53,72303640
2019-06-24,VN30,866.63,873.33,866.53,868.94,40701190
2019-06-25,VN30,867.73,870.37,866.25,868.5,38482520
2019-06-26,VN30,868.16,870.52,865.67,866.81,41570560
2019-06-27,VN30,866.84,867.08,854.41,854.41,44966190
2019-06-28,VN30,854.49,864.24,847.77,864.24,43760910
2019-07-01,VN30,864.24,876.39,864.24,876.26,49225200
2019-07-02,VN30,876.27,877.08,870.71,872.92,38741880
2019-07-03,VN30,872.92,872.92,865.59,869.58,42594210
2019-07-04,VN30,869.58,879.72,869.58,879.72,49311640
2019-07-05,VN30,879.49,882.19,876.28,880.23,41267320
2019-07-08,VN30,878.96,880.23,867.35,870.92,44396550
2019-07-09,VN30,871.19,872.52,866.32,872.21,41064380
2019-07-10,VN30,872.21,878.32,872.2,876.12,41858640
2019-07-11,VN30,876.12,880.88,876.12,879.1,39213260
2019-07-12,VN30,880.06,883.15,874.56,874.99,46827980
2019-07-15,VN30,875.28,876.82,870.84,873.71,42053110
2019-07-16,VN30,873.74,880.91,873.71,880.91,48665170
2019-07-17,VN30,880.69,882.85,877.59,879.75,59853640
2019-07-18,VN30,879.66,879.75,870.81,870.81,44968100
2019-07-19,VN30,870.97,881.16,870.81,880.79,63926250
2019-07-22,VN30,880.49,885.42,878.39,879.62,48837900
2019-07-23,VN30,879.42,889.04,878.36,888.26,48223670
2019-07-24,VN30,888.63,892.81,885.66,887.39,46413440
2019-07-25,VN30,887.43,892.31,885.19,890.41,54563440
2019-07-26,VN30,890.44,891.9,886.09,889.36,37156150
2019-07-29,VN30,887.96,889.97,881.53,885.61,34474430
2019-07-30,VN30,888.7,892.38,877.92,877.92,44932360
2019-07-31,VN30,877.8,885.86,874.39,883.19,43400530
2019-08-01,VN30,884.29,887.39,881.52,887.39,41754860
2019-08-02,VN30,887.06,887.39,877.76,885.29,54739360
2019-08-05,VN30,883.34,885.29,872.39,872.39,53465930
2019-08-06,VN30,870.82,872.39,858.02,866.13,52907240
2019-08-07,VN30,866.13,872.05,863.57,868.27,40017410
2019-08-08,VN30,868.2,877.32,866.69,875.81,58877170
2019-08-09,VN30,875.81,880.29,874.51,878.62,46667200
2019-08-12,VN30,878.56,883.41,877.33,882.23,44745840
2019-08-13,VN30,882.23,882.23,875.32,877.97,59070490
2019-08-14,VN30,880.04,886.8,877.97,880.51,44297320
2019-08-15,VN30,874.42,890.78,867.95,890.78,50395380
2019-08-16,VN30,890.39,900.31,886.87,892.44,70252830
2019-08-19,VN30,892.32,897.03,889.34,891.78,39311010
2019-08-20,VN30,891.73,894.86,890.96,894.45,41244380
2019-08-21,VN30,894.45,901.25,892.05,900.54,56164360
2019-08-22,VN30,901.28,904.41,899.58,901.29,46933460
2019-08-23,VN30,901.53,902.5,896.87,900.53,49584900
2019-08-26,VN30,899.1,900.53,887.05,892.48,65313090
2019-08-27,VN30,892.48,899.29,886.91,886.91,59291850
2019-08-28,VN30,886.82,890.58,885.23,886.08,41622640
2019-08-29,VN30,886.04,889.13,882.14,889.13,42613720
2019-08-30,VN30,888.94,893.57,888.83,892.51,40839960
2019-09-03,VN30,892.83,894.11,886.02,888.97,45768490
2019-09-04,VN30,888.95,890.31,883.91,887.12,41234740
2019-09-05,VN30,887.21,891.43,886.1,886.1,42074670
2019-09-06,VN30,885.93,889.49,884.9,885.95,40543850
2019-09-09,VN30,885.95,887.01,883.43,885.61,37164220
2019-09-10,VN30,885.84,888.57,881.04,883.04,46274080
2019-09-11,VN30,882.9,886.12,881.34,885.52,34851830
2019-09-12,VN30,886.12,894.32,885.52,894.32,48192160
2019-09-13,VN30,894.21,905.31,893.8,905.05,67622020
2019-09-16,VN30,905.0,909.7,902.94,908.6,52499530
2019-09-17,VN30,908.6,912.89,904.36,912.38,49773900
2019-09-18,VN30,912.42,915.09,911.08,913.48,64916030
2019-09-19,VN30,913.4,918.88,909.88,918.88,57544160
2019-09-20,VN30,918.88,920.77,914.55,915.16,72085600
2019-09-23,VN30,914.73,918.42,909.98,909.98,63685170
2019-09-24,VN30,909.98,914.02,908.03,910.76,50415610
2019-09-25,VN30,910.57,913.33,906.6,912.42,51189520
2019-09-26,VN30,912.91,918.1,911.57,918.1,61815870
2019-09-27,VN30,918.1,925.58,917.72,924.83,64121740
2019-09-30,VN30,924.83,930.88,922.62,922.89,63284690
2019-10-01,VN30,922.87,926.31,921.69,926.31,59813890
2019-10-02,VN30,926.44,927.43,917.68,919.73,69144140
2019-10-03,VN30,919.63,921.7,911.6,921.7,63663830
2019-10-04,VN30,921.7,924.36,915.16,915.16,62008430
2019-10-07,VN30,915.62,917.36,907.5,907.5,60836700
2019-10-08,VN30,907.06,915.34,906.88,915.27,65243600
2019-10-09,VN30,915.38,917.9,912.48,914.54,62566710
2019-10-10,VN30,914.59,917.08,912.2,913.05,54842380
2019-10-11,VN30,913.05,917.14,912.94,916.68,61846270
2019-10-14,VN30,916.81,924.69,916.68,921.91,81662930
2019-10-15,VN30,921.95,924.79,920.63,923.27,55003840
2019-10-16,VN30,923.26,927.91,923.26,924.64,55092660
2019-10-17,VN30,924.53,924.79,919.1,919.1,65013550
2019-10-18,VN30,919.92,922.62,916.87,919.13,57605110
2019-10-21,VN30,918.02,919.13,913.94,914.0,63505800
2019-10-22,VN30,914.04,917.61,912.7,916.81,59083710
2019-10-23,VN30,916.81,919.61,915.87,919.61,55202580
2019-10-24,VN30,919.54,925.25,919.17,925.25,59252900
2019-10-25,VN30,925.49,927.05,923.56,927.05,56303260
2019-10-28,VN30,927.96,929.93,925.8,925.97,60005810
2019-10-29,VN30,925.67,928.38,923.97,923.97,59000930
2019-10-30,VN30,923.98,928.85,922.67,925.07,56666560
2019-10-31,VN30,925.02,928.88,922.06,922.68,63154480
2019-11-01,VN30,922.46,934.21,922.46,933.55,76837110
2019-11-04,VN30,933.96,941.46,932.31,940.25,87334540
2019-11-05,VN30,940.53,944.62,938.73,942.34,71492500
2019-11-06,VN30,942.4,945.43,940.76,942.38,75016380
2019-11-07,VN30,942.38,945.26,940.23,944.25,76226210
2019-11-08,VN30,944.28,948.37,942.19,944.7,74207740
2019-11-11,VN30,944.72,946.55,938.78,939.72,80097000
2019-11-12,VN30,939.72,942.55,937.95,939.82,66245180
2019-11-13,VN30,939.82,941.13,930.84,932.6,76758480
2019-11-14,VN30,932.45,935.72,927.14,928.44,78620440
2019-11-15,VN30,928.82,930.84,922.59,927.36,66130230
2019-11-18,VN30,927.49,929.18,920.52,920.95,69835800
2019-11-19,VN30,921.0,926.07,919.95,926.07,63691480
2019-11-20,VN30,925.94,926.67,917.0,917.0,72569190
2019-11-21,VN30,917.0,917.06,898.23,898.23,83040690
2019-11-22,VN30,898.93,906.93,885.83,892.31,82099050
2019-11-25,VN30,892.31,896.43,887.72,894.8,63815430
2019-11-26,VN30,895.36,900.72,894.8,897.5,68546970
2019-11-27,VN30,898.58,901.1,894.8,895.06,58427250
2019-11-28,VN30,894.45,895.42,883.16,885.7,69367550
2019-11-29,VN30,885.9,888.41,882.68,887.47,60328840
2019-12-02,VN30,887.47,889.47,875.1,875.1,76462740
2019-12-03,VN30,874.9,877.96,865.74,868.68,77467050
2019-12-04,VN30,868.79,883.56,865.31,883.56,74534040
2019-12-05,VN30,883.33,884.66,878.39,879.32,61676770
2019-12-06,VN30,878.28,882.59,875.99,880.43,60752790
2019-12-09,VN30,880.39,882.58,876.01,879.94,64151210
2019-12-10,VN30,879.95,880.22,870.25,873.16,72499410
2019-12-11,VN30,873.38,878.27,869.15,878.27,66716030
2019-12-12,VN30,878.27,885.73,878.27,884.8,57447090
2019-12-13,VN30,884.98,888.53,880.55,880.55,65816420
2019-12-16,VN30,880.55,880.55,874.06,876.65,67010160
2019-12-17,VN30,876.5,877.63,867.13,867.44,72408090
2019-12-18,VN30,866.61,867.69,861.05,863.16,69570980
2019-12-19,VN30,863.16,867.25,858.76,862.23,68010500
2019-12-20,VN30,862.23,869.52,862.23,868.37,69391620
2019-12-23,VN30,868.37,872.75,867.92,868.2,72189520
2019-12-24,VN30,868.14,869.9,864.86,869.88,57924660
2019-12-25,VN30,869.93,874.93,869.22,873.18,53692380
2019-12-26,VN30,873.17,874.87,869.57,872.07,40379950
2019-12-27,VN30,872.11,876.38,867.95,876.38,26809950
2019-12-30,VN30,876.61,881.27,876.13,880.29,33522140
2019-12-31,VN30,880.42,881.98,876.66,879.06,44433790
2020-01-02,VN30,879.02,886.88,876.87,886.88,50389450
2020-01-03,VN30,887.11,890.38,883.18,883.28,43220590
2020-01-06,VN30,882.51,883.28,872.34,872.34,36868840
2020-01-07,VN30,872.32,877.34,870.49,876.7,40277740
2020-01-08,VN30,876.64,876.7,861.51,865.18,53101180
2020-01-09,VN30,867.27,878.43,865.18,877.76,45705720
2020-01-10,VN30,877.85,888.09,877.76,885.52,72856040
2020-01-13,VN30,885.52,885.52,881.35,881.79,32553390
2020-01-14,VN30,881.77,886.83,880.58,884.77,50679260
2020-01-15,VN30,884.95,886.33,882.79,885.36,35671150
2020-01-16,VN30,885.36,892.2,883.83,891.96,63476010
2020-01-17,VN30,891.66,897.63,891.36,894.84,48879990
2020-01-20,VN30,894.6,897.4,891.75,897.4,39722470
2020-01-21,VN30,897.97,907.51,897.4,906.52,57331520
2020-01-22,VN30,906.52,909.41,903.27,909.09,51710960
2020-01-30,VN30,908.2,909.09,870.53,875.82,80136320
2020-01-31,VN30,875.43,876.59,848.63,848.63,83267610
2020-02-03,VN30,848.42,848.63,803.73,842.67,91769740
2020-02-04,VN30,842.79,849.8,833.93,845.52,73132220
2020-02-05,VN30,845.65,854.72,840.41,845.31,63586260
2020-02-06,VN30,845.38,862.86,842.68,862.86,97615310
2020-02-07,VN30,862.71,865.91,858.02,863.49,72831920
2020-02-10,VN30,863.28,863.49,848.21,852.87,46861970
2020-02-11,VN30,853.09,859.38,852.87,856.39,70070560
2020-02-12,VN30,856.64,870.1,856.39,863.23,80775330
2020-02-13,VN30,862.72,864.79,858.46,864.16,58430270
2020-02-14,VN30,865.03,868.84,863.14,865.86,74645390
2020-02-17,VN30,865.83,867.45,862.75,866.27,58437180
2020-02-18,VN30,866.06,866.61,858.61,861.71,60234370
2020-02-19,VN30,860.23,865.4,859.65,863.84,52573160
2020-02-20,VN30,864.0,872.86,863.84,871.4,59013520
2020-02-21,VN30,871.49,877.52,868.59,868.89,66759070
2020-02-24,VN30,867.56,868.89,837.4,837.4,95170340
2020-02-25,VN30,836.54,849.58,827.81,849.58,69289070
2020-02-26,VN30,849.56,849.58,837.52,841.68,54642970
2020-02-27,VN30,841.19,849.18,836.56,848.34,55423910
2020-02-28,VN30,844.02,848.34,823.09,831.97,69885780
2020-03-02,VN30,831.25,837.99,827.23,835.42,69305330
2020-03-03,VN30,835.14,846.21,835.14,837.99,64175180
2020-03-04,VN30,838.02,839.26,831.2,837.99,52991210
2020-03-05,VN30,838.93,846.58,836.32,839.12,67022900
2020-03-06,VN30,838.77,839.12,827.12,835.97,53908060
2020-03-09,VN30,835.65,835.97,781.12,782.85,107131850
2020-03-10,VN30,782.85,794.88,762.34,789.51,90062880
2020-03-11,VN30,789.75,795.98,746.83,758.16,99250550
2020-03-12,VN30,757.9,758.16,710.33,719.21,113236020
2020-03-13,VN30,715.34,722.3,674.36,716.65,113472590
2020-03-16,VN30,716.65,716.65,688.8,698.18,74029820
2020-03-17,VN30,698.0,702.36,673.21,699.73,80439940
2020-03-18,VN30,699.73,705.3,695.42,700.65,77434820
2020-03-19,VN30,699.35,700.65,669.04,679.55,73193700
2020-03-20,VN30,679.78,683.55,668.9,673.7,81174090
2020-03-23,VN30,671.05,673.7,628.46,632.86,81061380
2020-03-24,VN30,632.63,633.97,619.07,625.43,85901840
2020-03-25,VN30,625.83,652.31,625.43,652.31,86267230
2020-03-26,VN30,651.94,655.06,639.02,646.7,74094650
2020-03-27,VN30,646.61,649.17,633.41,642.23,102644660
2020-03-30,VN30,641.92,642.23,605.0,611.79,75428990
2020-03-31,VN30,613.33,629.08,598.6,610.76,77472420
2020-04-01,VN30,609.35,631.6,606.03,628.79,73251500
2020-04-03,VN30,630.37,649.15,628.79,649.15,84127900
2020-04-06,VN30,649.15,682.65,649.15,682.65,127163130
2020-04-07,VN30,682.65,695.45,677.03,693.61,117080630
2020-04-08,VN30,693.66,693.66,675.26,691.17,76666570
2020-04-09,VN30,691.17,704.18,691.17,697.85,111266900
2020-04-10,VN30,697.9,701.77,687.18,695.74,146864700
2020-04-13,VN30,695.84,714.58,695.74,706.37,82299370
2020-04-14,VN30,706.37,713.81,699.03,713.81,94916160
2020-04-15,VN30,714.39,723.77,713.81,722.8,91992100
2020-04-16,VN30,721.73,726.71,714.52,726.57,72703140
2020-04-17,VN30,727.51,736.17,726.57,734.98,100568910
2020-04-20,VN30,736.1,742.27,729.52,736.31,99010230
2020-04-21,VN30,734.14,736.31,702.61,706.65,128951820
2020-04-22,VN30,706.54,718.62,692.03,714.42,86106800
2020-04-23,VN30,715.62,729.99,714.42,717.49,63426140
2020-04-24,VN30,717.49,725.52,711.14,725.05,64551610
2020-04-27,VN30,724.76,735.28,719.66,719.66,81802970
2020-04-28,VN30,719.45,721.73,711.84,715.74,64778960
2020-04-29,VN30,715.74,719.18,713.62,715.33,69755970
2020-05-04,VN30,714.9,716.05,706.47,709.35,65868010
2020-05-05,VN30,710.22,714.59,707.49,711.01,48703130
2020-05-06,VN30,711.34,725.94,709.77,725.94,77213190
2020-05-07,VN30,726.17,739.98,725.94,739.98,82601000
2020-05-08,VN30,740.14,773.22,739.98,760.15,146260040
2020-05-11,VN30,760.86,777.13,760.15,777.13,107514590
2020-05-12,VN30,777.35,783.77,766.7,782.45,104564430
2020-05-13,VN30,781.85,788.06,760.2,783.69,122448880
2020-05-14,VN30,783.69,785.1,773.62,780.73,86237430
2020-05-15,VN30,780.73,785.26,771.25,773.95,80443320
2020-05-18,VN30,773.95,787.27,770.61,787.27,81990780
2020-05-19,VN30,787.53,808.17,787.27,799.31,119339160
2020-05-20,VN30,799.28,803.35,793.75,803.32,97443060
2020-05-21,VN30,803.57,815.55,802.49,815.55,134973200
2020-05-22,VN30,815.51,815.55,802.82,803.14,95158480
2020-05-25,VN30,803.35,809.12,799.23,807.25,81739940
2020-05-26,VN30,807.55,815.96,807.25,815.01,101929820
2020-05-27,VN30,816.04,821.36,801.36,801.36,119115010
2020-05-28,VN30,801.38,810.43,800.16,804.06,91471520
2020-05-29,VN30,804.0,808.83,801.46,806.23,76808710
2020-06-01,VN30,806.44,821.47,806.23,821.47,176781350
2020-06-02,VN30,821.89,827.11,818.12,818.7,147384620
2020-06-03,VN30,819.02,824.54,818.33,824.29,89255290
2020-06-04,VN30,824.3,831.49,823.77,823.77,135464800
2020-06-05,VN30,823.46,826.47,818.33,826.47,147686540
2020-06-08,VN30,826.79,845.63,826.47,838.52,155914950
2020-06-09,VN30,839.19,843.58,836.13,837.02,152484730
2020-06-10,VN30,836.8,842.21,827.6,839.11,164035740
2020-06-11,VN30,839.11,842.76,806.64,806.87,191851870
2020-06-12,VN30,803.11,807.76,782.7,807.76,183055290
2020-06-15,VN30,808.58,813.59,778.71,778.71,141902860
2020-06-16,VN30,779.8,801.42,778.71,798.82,84854820
2020-06-17,VN30,798.82,802.06,793.2,796.43,76200410
2020-06-18,VN30,795.84,800.03,788.72,797.08,58891460
2020-06-19,VN30,797.21,808.28,797.03,808.28,81044560
2020-06-22,VN30,808.58,812.99,805.24,809.97,68483440
2020-06-23,VN30,809.53,812.24,803.96,807.61,95807000
2020-06-24,VN30,807.9,813.47,799.35,801.62,74689590
2020-06-25,VN30,801.29,801.62,791.38,796.51,74549190
2020-06-26,VN30,796.7,803.88,793.08,795.53,53642210
2020-06-29,VN30,795.11,795.53,768.99,774.81,97111120
2020-06-30,VN30,774.84,784.44,765.62,770.53,74258230
2020-07-01,VN30,770.23,787.38,770.02,786.82,56962280
2020-07-02,VN30,786.82,788.88,781.45,785.59,54056700
2020-07-03,VN30,785.81,790.3,785.59,789.87,43303010
2020-07-06,VN30,790.08,803.76,789.87,803.46,74204520
2020-07-07,VN30,803.61,812.48,803.46,805.68,87361600
2020-07-08,VN30,805.67,807.09,801.57,805.06,52132960
2020-07-09,VN30,805.12,819.45,805.06,817.08,81034330
2020-07-10,VN30,816.76,817.67,806.67,809.02,71215730
2020-07-13,VN30,809.02,814.35,802.5,806.17,65612220
2020-07-14,VN30,806.17,806.17,798.21,805.37,60124200
2020-07-15,VN30,805.37,815.09,805.37,810.16,53466480
2020-07-16,VN30,810.16,819.83,809.41,819.83,64520530
2020-07-17,VN30,819.83,819.83,812.61,814.16,65439170
2020-07-20,VN30,814.16,814.16,803.36,803.36,69313020
2020-07-21,VN30,803.36,806.34,799.98,804.7,62634380
2020-07-22,VN30,804.7,806.93,797.82,797.85,65223560
2020-07-23,VN30,797.85,800.29,794.59,800.29,73617580
2020-07-24,VN30,800.29,800.29,760.56,772.29,142231570
2020-07-27,VN30,772.29,772.29,726.02,729.93,127324950
2020-07-28,VN30,729.93,757.5,729.93,756.17,106762410
2020-07-29,VN30,756.17,756.17,722.85,735.16,95374560
2020-07-30,VN30,735.16,746.74,735.16,746.02,51151920
2020-07-31,VN30,746.02,747.56,731.14,740.73,58079130
2020-08-03,VN30,740.73,758.3,738.64,757.86,75712850
2020-08-04,VN30,757.86,768.46,757.86,768.22,62080110
2020-08-05,VN30,768.22,782.09,761.26,780.71,84975870
2020-08-06,VN30,780.71,787.27,776.04,781.6,64066590
2020-08-07,VN30,781.6,785.99,778.45,782.15,68194780
2020-08-10,VN30,782.15,791.67,782.15,784.3,79376100
2020-08-11,VN30,784.3,788.92,781.04,784.57,60223460
2020-08-12,VN30,784.57,790.01,784.23,788.42,71949730
2020-08-13,VN30,788.42,795.69,788.42,795.09,62104890
2020-08-14,VN30,795.09,801.61,789.12,791.98,85640670
2020-08-17,VN30,791.98,793.61,782.52,791.54,57165820
2020-08-18,VN30,791.54,792.13,784.93,786.95,41657400
2020-08-19,VN30,786.95,791.85,786.01,789.41,51465360
2020-08-20,VN30,789.41,793.35,783.57,786.11,65866250
2020-08-21,VN30,786.11,795.05,786.11,793.6,78118940
2020-08-24,VN30,793.6,810.17,793.46,809.69,102484240
2020-08-25,VN30,809.69,818.94,809.34,815.18,107201730
2020-08-26,VN30,815.18,816.68,811.45,812.36,89049860
2020-08-27,VN30,812.36,814.64,810.68,814.55,72352280
2020-08-28,VN30,814.55,828.88,814.55,821.93,102827430
2020-08-31,VN30,821.93,831.76,820.66,823.93,82419120
2020-09-01,VN30,823.93,832.87,821.74,832.03,78823790
2020-09-03,VN30,832.03,844.27,832.03,843.64,104709690
2020-09-04,VN30,843.64,843.64,833.54,840.54,103338380
2020-09-07,VN30,840.54,843.8,824.36,824.36,98247460
2020-09-08,VN30,824.36,829.22,819.02,827.57,81334060
2020-09-09,VN30,827.5,828.38,816.51,824.42,82985570
2020-09-10,VN30,824.42,832.61,824.42,825.85,67659910
2020-09-11,VN30,825.85,827.83,821.97,825.56,64103290
2020-09-14,VN30,825.56,833.09,825.56,832.24,65500510
2020-09-15,VN30,832.24,835.42,831.13,833.33,87508060
2020-09-16,VN30,833.33,834.52,831.33,834.5,54112550
2020-09-17,VN30,834.5,837.76,829.08,831.84,96606620
2020-09-18,VN30,831.84,842.1,831.84,841.26,94168740
2020-09-21,VN30,841.26,852.65,841.26,851.54,106118340
2020-09-22,VN30,851.54,854.69,846.03,852.72,130393430
2020-09-23,VN30,852.72,860.34,852.72,858.3,111915820
2020-09-24,VN30,858.3,858.89,852.29,853.21,90213290
2020-09-25,VN30,853.21,856.79,850.1,854.71,105360670
2020-09-28,VN30,854.71,863.98,854.71,863.31,134681820
2020-09-29,VN30,863.31,871.99,856.2,856.2,135082450
2020-09-30,VN30,856.2,860.1,852.54,858.54,104923280
2020-10-01,VN30,858.54,868.3,858.54,867.58,106515880
2020-10-02,VN30,867.58,870.8,850.61,861.51,164531140
2020-10-05,VN30,861.51,869.09,861.51,867.7,115090400
2020-10-06,VN30,867.7,872.39,866.12,871.37,148279580
2020-10-07,VN30,871.37,876.31,867.06,870.85,157151510
2020-10-08,VN30,870.85,873.13,864.55,869.82,139809540
2020-10-09,VN30,869.82,875.52,868.36,874.53,115723800
2020-10-12,VN30,874.53,882.84,871.58,874.9,130255360
2020-10-13,VN30,874.9,879.25,872.36,878.35,103915810
2020-10-14,VN30,878.35,892.25,878.35,892.15,176566350
2020-10-15,VN30,896.5,901.71,893.94,899.2,167589220
2020-10-16,VN30,899.2,906.17,892.7,901.59,157348820
2020-10-19,VN30,901.59,906.16,899.61,903.51,142169620
2020-10-20,VN30,903.51,909.49,899.42,909.49,179990420
2020-10-21,VN30,909.49,918.14,905.08,906.1,152206540
2020-10-22,VN30,906.1,918.3,901.96,918.3,133646710
2020-10-23,VN30,918.3,930.59,918.3,930.3,163038710
2020-10-26,VN30,930.3,942.72,919.56,919.56,167434310
2020-10-27,VN30,919.56,926.52,914.72,915.46,189908440
2020-10-28,VN30,913.31,916.0,888.88,888.88,183439080
2020-10-29,VN30,888.88,894.19,879.74,886.68,151632600
2020-10-30,VN30,886.68,893.42,875.84,892.55,130033580
2020-11-02,VN30,892.55,900.03,889.83,899.27,83556370
2020-11-03,VN30,899.27,904.78,897.3,902.14,110878290
2020-11-04,VN30,902.14,910.59,900.74,905.48,112218650
2020-11-05,VN30,905.48,913.2,903.64,903.64,97631160
2020-11-06,VN30,903.64,907.67,899.51,902.91,79120200
2020-11-09,VN30,902.91,917.42,902.91,917.42,108928030
2020-11-10,VN30,917.42,929.66,916.5,916.5,137867540
2020-11-11,VN30,916.5,919.95,910.39,916.68,114386310
2020-11-12,VN30,916.68,923.0,916.21,923.0,85346880
2020-11-13,VN30,923.0,931.2,923.0,931.2,122988700
2020-11-16,VN30,931.2,939.1,915.23,915.97,173012830
2020-11-17,VN30,915.97,934.65,915.97,934.65,129177640
2020-11-18,VN30,934.65,939.62,931.18,937.67,153573720
2020-11-19,VN30,937.67,945.06,936.32,944.92,166086320
2020-11-20,VN30,944.92,950.89,942.28,950.89,125700510
2020-11-23,VN30,950.89,961.35,946.14,960.03,164653110
2020-11-24,VN30,960.03,964.53,948.67,959.61,184868340
2020-11-25,VN30,959.61,963.81,957.09,960.63,175122450
2020-11-26,VN30,960.63,964.16,953.46,964.16,156138260
2020-11-27,VN30,964.16,971.11,963.69,971.11,142656350
2020-11-30,VN30,971.11,975.46,965.89,965.89,168722120
2020-12-01,VN30,965.89,976.44,951.92,976.35,213408260
2020-12-02,VN30,976.35,981.28,973.58,979.95,187854660
2020-12-03,VN30,979.95,986.4,978.16,985.44,183517840
2020-12-04,VN30,985.44,988.68,983.03,984.34,182020670
2020-12-07,VN30,984.34,992.59,984.07,992.01,148301050
2020-12-08,VN30,992.01,996.64,988.71,993.61,153446320
2020-12-09,VN30,993.61,1004.61,993.61,1004.03,180899680
2020-12-10,VN30,1004.03,1008.6,994.28,994.28,173563520
2020-12-11,VN30,994.28,1008.65,994.28,1008.65,127663730
2020-12-14,VN30,1008.65,1024.28,1008.65,1024.28,160378000
2020-12-15,VN30,1024.28,1025.34,1009.8,1013.02,173336680
2020-12-16,VN30,1013.02,1029.72,1013.02,1029.72,178525030
2020-12-17,VN30,1029.72,1029.72,1015.86,1016.95,226638630
2020-12-18,VN30,1016.95,1037.98,1016.95,1036.65,183606010
2020-12-21,VN30,1036.65,1052.85,1036.65,1049.71,187655270
2020-12-22,VN30,1049.71,1053.81,1043.8,1052.23,204617490
2020-12-23,VN30,1052.23,1058.91,1043.88,1045.7,203334040
2020-12-24,VN30,1045.7,1051.56,1013.9,1033.95,212709620
2020-12-25,VN30,1033.95,1052.16,1026.05,1052.13,161859380
2020-12-28,VN30,1052.13,1063.09,1047.45,1054.23,190250810
2020-12-29,VN30,1054.23,1062.61,1050.05,1058.39,153419410
2020-12-30,VN30,1058.39,1069.5,1055.25,1059.16,173017710
2020-12-31,VN30,1059.16,1074.02,1058.9,1070.77,136030310
2021-01-04,VN30,1070.77,1097.61,1070.77,1091.87,233730100
2021-01-05,VN30,1091.87,1104.78,1086.07,1104.3,191641100
2021-01-06,VN30,1104.3,1125.63,1104.3,1113.72,225226500
2021-01-07,VN30,1113.72,1130.59,1113.72,1130.59,215401400
2021-01-08,VN30,1130.59,1156.38,1130.59,1147.86,220086200
2021-01-11,VN30,1147.86,1165.99,1147.86,1163.4,222792000
2021-01-12,VN30,1163.4,1169.27,1155.9,1169.03,202517400
2021-01-13,VN30,1169.03,1178.44,1161.87,1164.57,187356100
2021-01-14,VN30,1164.57,1169.97,1156.58,1168.99,229616000
2021-01-15,VN30,1168.99,1185.46,1168.99,1182.2,211717400
2021-01-18,VN30,1182.2,1188.53,1171.96,1173.34,199288900
2021-01-19,VN30,1173.34,1173.61,1098.47,1107.32,324705300
2021-01-20,VN30,1107.32,1121.97,1073.13,1116.21,262600200
2021-01-21,VN30,1116.21,1152.9,1114.26,1151.3,204600400
2021-01-22,VN30,1151.3,1164.45,1147.88,1156.58,210394400
2021-01-25,VN30,1156.58,1164.7,1149.26,1154.29,198478400
2021-01-26,VN30,1154.29,1155.32,1107.54,1125.09,236714100
2021-01-27,VN30,1125.09,1125.25,1073.74,1083.63,241013700
2021-01-28,VN30,1083.63,1083.63,1008.53,1010.75,282129400
2021-01-29,VN30,1010.75,1070.05,978.85,1048.31,242653600
2021-02-01,VN30,1048.31,1068.93,1029.21,1029.86,175342500
2021-02-02,VN30,1029.86,1079.87,1025.18,1079.7,162837100
2021-02-03,VN30,1079.7,1122.04,1079.7,1117.98,204897000
2021-02-04,VN30,1117.98,1126.64,1103.11,1117.74,155634900
2021-02-05,VN30,1117.74,1135.5,1117.74,1135.5,139783900
2021-02-08,VN30,1135.5,1136.38,1077.4,1092.59,228472200
2021-02-09,VN30,1092.59,1129.49,1089.85,1129.49,173192200
2021-02-17,VN30,1129.49,1169.88,1129.49,1174.91,155280800
2021-02-18,VN30,1174.91,1187.94,1162.48,1187.94,183246200
2021-02-19,VN30,1187.94,1188.61,1168.18,1180.59,166179400
2021-02-22,VN30,1180.59,1190.48,1172.71,1180.55,175256400
2021-02-23,VN30,1180.55,1191.74,1174.18,1182.47,195049200
2021-02-24,VN30,1182.47,1192.04,1161.13,1167.18,178724400
2021-02-25,VN30,1167.18,1175.19,1158.06,1169.82,158378900
2021-02-26,VN30,1169.82,1175.4,1153.41,1173.6,178992100
2021-03-01,VN30,1173.6,1192.85,1173.6,1191.83,191028700
2021-03-02,VN30,1191.83,1203.84,1188.01,1194.71,169421200
2021-03-03,VN30,1194.71,1198.36,1189.14,1195.6,154440900
2021-03-04,VN30,1195.6,1200.42,1164.76,1174.29,183128200
2021-03-05,VN30,1174.29,1174.8,1157.45,1173.83,205207500
2021-03-08,VN30,1173.83,1186.29,1164.78,1170.0,164933700
2021-03-09,VN30,1170.0,1170.0,1150.18,1163.0,159976000
2021-03-10,VN30,1163.0,1173.58,1154.29,1172.26,156010800
2021-03-11,VN30,1172.26,1190.47,1172.26,1188.71,167311800
2021-03-12,VN30,1188.71,1193.97,1184.64,1187.81,147251900
2021-03-15,VN30,1187.81,1194.29,1184.32,1190.86,149674500
2021-03-16,VN30,1190.86,1192.15,1177.05,1187.84,163858900
2021-03-17,VN30,1187.84,1193.45,1183.83,1193.45,193596700
2021-03-18,VN30,1193.45,1211.54,1193.45,1211.54,155167300
2021-03-19,VN30,1211.54,1211.54,1201.17,1203.36,171417400
2021-03-22,VN30,1203.36,1207.28,1194.79,1198.54,161297800
2021-03-23,VN30,1198.54,1198.54,1182.22,1186.98,155689000
2021-03-24,VN30,1186.98,1186.98,1157.69,1165.61,190246400
2021-03-25,VN30,1165.61,1175.86,1159.25,1164.64,165895200
2021-03-26,VN30,1164.64,1170.75,1143.08,1167.19,172710300
2021-03-29,VN30,1167.19,1182.06,1167.19,1180.07,145667400
2021-03-30,VN30,1180.07,1192.9,1175.9,1190.86,217511900
2021-03-31,VN30,1190.86,1203.18,1189.47,1196.24,171904000
2021-04-01,VN30,1196.24,1227.56,1196.24,1226.16,222239500
2021-04-02,VN30,1226.16,1243.67,1226.16,1238.03,199249300
2021-04-05,VN30,1238.03,1256.12,1238.03,1249.9,219162300
2021-04-06,VN30,1249.9,1260.35,1245.16,1255.36,222982600
2021-04-07,VN30,1255.36,1257.77,1248.15,1257.77,213314200
2021-04-08,VN30,1257.77,1263.03,1249.45,1251.81,161341700
2021-04-09,VN30,1251.81,1256.06,1245.26,1253.26,173791500
2021-04-12,VN30,1253.26,1279.52,1253.26,1278.19,267960600
2021-04-13,VN30,1278.19,1298.78,1276.74,1277.35,255773400
2021-04-14,VN30,1277.35,1290.77,1263.89,1290.77,207521100
2021-04-15,VN30,1290.77,1300.84,1283.98,1284.2,236678100
2021-04-16,VN30,1284.2,1291.37,1262.52,1276.87,247667200
2021-04-19,VN30,1276.87,1306.22,1271.52,1306.22,210596900
2021-04-20,VN30,1306.22,1331.56,1303.68,1312.68,244920500
2021-04-22,VN30,1312.68,1317.5,1271.53,1271.53,232535000
2021-04-23,VN30,1271.53,1301.39,1262.89,1301.39,245629900
2021-04-26,VN30,1301.39,1305.73,1269.78,1275.04,216946500
2021-04-27,VN30,1275.04,1283.95,1264.57,1283.81,171780800
2021-04-28,VN30,1283.81,1296.48,1280.54,1294.06,206895500
2021-04-29,VN30,1294.06,1312.62,1294.06,1312.28,242336900
2021-05-04,VN30,1312.28,1329.18,1285.9,1328.03,274202700
2021-05-05,VN30,1328.03,1360.76,1328.03,1346.89,274663200
2021-05-06,VN30,1346.89,1352.57,1337.28,1344.64,226859700
2021-05-07,VN30,1344.64,1347.8,1329.51,1340.73,291435700
2021-05-10,VN30,1340.73,1371.51,1335.39,1370.66,302727000
2021-05-11,VN30,1370.66,1382.06,1359.19,1359.19,262049600
2021-05-12,VN30,1359.19,1380.23,1350.8,1380.17,264230000
2021-05-13,VN30,1380.17,1385.72,1370.18,1370.18,271897300
2021-05-14,VN30,1370.18,1386.09,1370.14,1380.02,251133900
2021-05-17,VN30,1380.02,1391.89,1371.22,1371.36,254610700
2021-05-18,VN30,1371.36,1381.36,1367.85,1378.59,252829000
2021-05-19,VN30,1378.59,1402.45,1378.43,1401.71,279667100
2021-05-20,VN30,1401.71,1424.92,1396.23,1424.92,270201500
2021-05-21,VN30,1424.92,1433.01,1412.78,1425.04,267790400
2021-05-24,VN30,1425.04,1433.59,1421.17,1430.48,256209400
2021-05-25,VN30,1430.48,1445.6,1427.56,1444.01,209778800
2021-05-26,VN30,1444.01,1456.55,1440.6,1455.11,233969200
2021-05-27,VN30,1455.11,1457.46,1433.76,1437.38,264785900
2021-05-28,VN30,1437.38,1460.68,1433.55,1458.78,300175000
2021-05-31,VN30,1458.78,1475.09,1449.66,1474.78,293022200
2021-06-01,VN30,1474.78,1496.55,1473.28,1482.92,255910200
2021-06-02,VN30,1482.92,1488.93,1469.49,1478.85,277182000
2021-06-03,VN30,1478.85,1506.27,1478.85,1504.37,318348000
2021-06-04,VN30,1504.37,1509.38,1496.36,1508.35,336486800
2021-06-07,VN30,1508.35,1508.65,1472.1,1484.1,309807000
2021-06-08,VN30,1484.1,1493.36,1436.72,1438.97,328466400
2021-06-09,VN30,1438.97,1465.93,1426.04,1457.76,279949900
2021-06-10,VN30,1457.76,1464.4,1443.74,1451.18,253444200
2021-06-11,VN30,1451.18,1489.95,1448.46,1487.61,264960500
2021-06-14,VN30,1487.61,1504.32,1483.82,1495.51,249571500
2021-06-15,VN30,1495.51,1498.75,1481.03,1487.04,239018700
2021-06-16,VN30,1487.04,1487.68,1462.99,1465.58,241627200
2021-06-17,VN30,1463.98,1469.44,1445.39,1461.91,211574000
2021-06-18,VN30,1461.91,1484.89,1461.91,1481.3,198662900
2021-06-21,VN30,1481.3,1486.12,1473.11,1478.29,205148100
2021-06-22,VN30,1478.29,1498.12,1478.29,1489.24,211641600
2021-06-23,VN30,1489.24,1502.79,1485.13,1489.53,197836400
2021-06-24,VN30,1489.53,1497.92,1482.38,1486.96,175257700
2021-06-25,VN30,1486.96,1500.94,1480.64,1500.3,180213400
2021-06-28,VN30,1500.3,1523.58,1500.3,1521.41,215306300
2021-06-29,VN30,1521.41,1536.96,1521.41,1529.97,203545700
2021-06-30,VN30,1529.97,1540.9,1528.1,1529.0,192676300
2021-07-01,VN30,1529.09,1545.14,1525.24,1545.14,253521100
2021-07-02,VN30,1546.54,1558.45,1546.54,1554.59,242776200
2021-07-05,VN30,1559.94,1560.44,1533.18,1557.41,309397900
2021-07-06,VN30,1557.92,1565.29,1488.42,1488.42,306239683
2021-07-07,VN30,1501.44,1538.77,1472.81,1538.77,306583400
2021-07-08,VN30,1530.4,1536.51,1509.9,1521.21,218880200
2021-07-09,VN30,1510.0,1526.35,1480.6,1494.43,287668400
2021-07-12,VN30,1488.29,1495.92,1406.14,1443.1,412553600
2021-07-13,VN30,1454.56,1457.05,1419.09,1440.87,174503600
2021-07-14,VN30,1442.2,1446.13,1395.16,1410.3,215228900
2021-07-15,VN30,1402.36,1441.57,1402.36,1430.29,189776500
2021-07-16,VN30,1439.96,1446.36,1433.16,1438.05,152452100
2021-07-19,VN30,1403.96,1412.7,1367.61,1374.15,268708600
2021-07-20,VN30,1379.41,1411.02,1357.31,1411.02,221511500
2021-07-21,VN30,1415.71,1422.8,1402.42,1406.54,149343500
2021-07-22,VN30,1404.49,1432.43,1400.2,1428.48,162697100
2021-07-23,VN30,1422.07,1430.43,1401.53,1401.53,235469400
2021-07-26,VN30,1397.01,1409.94,1384.87,1403.96,152848200
2021-07-27,VN30,1415.5,1423.3,1408.8,1409.85,190307000
2021-07-28,VN30,1406.25,1415.39,1402.6,1407.5,120700100
2021-07-29,VN30,1419.55,1427.55,1413.59,1427.55,166489800
2021-07-30,VN30,1430.48,1451.45,1428.85,1447.23,224343000
2021-08-02,VN30,1443.6,1457.89,1438.35,1448.21,198500500
2021-08-03,VN30,1449.97,1469.87,1449.33,1469.87,225709900
2021-08-04,VN30,1476.82,1480.28,1465.66,1472.2,218545200
2021-08-05,VN30,1469.13,1488.79,1465.1,1486.46,193618800
2021-08-06,VN30,1488.11,1491.52,1476.79,1476.79,211700400
2021-08-09,VN30,1472.78,1499.9,1467.32,1497.83,206115700
2021-08-10,VN30,1506.5,1508.92,1490.0,1494.41,185390800
2021-08-11,VN30,1497.13,1506.8,1487.91,1487.91,245343900
2021-08-12,VN30,1487.1,1493.69,1477.06,1477.06,184219700
2021-08-13,VN30,1477.72,1484.67,1463.48,1484.25,207219000
2021-08-16,VN30,1490.7,1504.03,1487.52,1500.77,258600300
2021-08-17,VN30,1508.41,1512.27,1488.74,1494.12,217175800
2021-08-18,VN30,1493.12,1500.17,1484.26,1489.54,192677500
2021-08-19,VN30,1489.74,1505.01,1479.6,1505.01,206497700
2021-08-20,VN30,1495.67,1497.03,1436.24,1450.45,348767300
2021-08-23,VN30,1443.67,1446.73,1412.0,1412.0,250637200
2021-08-24,VN30,1415.71,1423.46,1406.94,1418.26,203685300
2021-08-25,VN30,1420.74,1430.58,1411.07,1428.51,153263700
2021-08-26,VN30,1432.37,1433.67,1408.08,1412.45,152194200
2021-08-27,VN30,1403.99,1418.57,1391.88,1418.57,202511100
2021-08-30,VN30,1427.48,1434.25,1420.77,1431.05,154142100
2021-08-31,VN30,1435.52,1437.38,1425.71,1428.66,152484200
2021-09-01,VN30,1425.35,1434.35,1423.08,1426.94,176638100
2021-09-06,VN30,1433.03,1441.92,1429.55,1441.54,208734600
2021-09-07,VN30,1446.0,1454.82,1441.69,1444.1,205271300
2021-09-08,VN30,1447.43,1447.85,1431.38,1433.71,152206200
2021-09-09,VN30,1432.84,1449.16,1431.55,1447.28,166188800
2021-09-10,VN30,1451.78,1453.81,1447.44,1448.33,139146600
2021-09-13,VN30,1450.0,1454.72,1444.71,1444.99,162870500
2021-09-14,VN30,1444.24,1448.71,1436.98,1438.16,148168200
2021-09-15,VN30,1433.17,1447.64,1432.76,1444.85,130108600
2021-09-16,VN30,1452.89,1454.23,1442.77,1448.98,134634300
2021-09-17,VN30,1452.31,1459.94,1451.38,1455.59,188921000
2021-09-20,VN30,1468.11,1474.66,1454.95,1458.66,180834700
2021-09-21,VN30,1444.75,1455.71,1433.77,1446.22,167219900
2021-09-22,VN30,1449.44,1454.19,1440.02,1453.22,122875100
2021-09-23,VN30,1456.46,1466.0,1453.02,1458.23,138284900
2021-09-24,VN30,1460.63,1464.12,1456.89,1459.94,141119100
2021-09-27,VN30,1462.86,1464.5,1439.2,1439.2,148690000
2021-09-28,VN30,1433.7,1454.79,1430.89,1451.12,141163200
2021-09-29,VN30,1450.73,1453.66,1440.55,1450.52,169808300
2021-09-30,VN30,1452.76,1461.94,1452.55,1453.76,118787000
2021-10-01,VN30,1450.9,1453.24,1438.52,1441.83,188812300
2021-10-04,VN30,1442.87,1446.78,1434.72,1443.61,220195000
2021-10-05,VN30,1446.77,1456.37,1444.49,1456.21,152940400
2021-10-06,VN30,1461.98,1461.98,1453.78,1461.72,157608000
2021-10-07,VN30,1467.95,1469.02,1460.87,1462.74,142851700
2021-10-08,VN30,1466.78,1476.54,1463.07,1476.54,137767900
2021-10-11,VN30,1481.29,1511.21,1480.31,1510.27,211043700
2021-10-12,VN30,1514.78,1517.21,1504.24,1509.57,162655700
2021-10-13,VN30,1512.73,1519.11,1502.19,1505.55,137277800
2021-10-14,VN30,1504.85,1511.14,1498.21,1503.38,159952700
2021-10-15,VN30,1508.37,1512.61,1499.7,1504.84,151731800
2021-10-18,VN30,1508.88,1517.7,1505.39,1510.49,167733700
2021-10-19,VN30,1512.1,1513.83,1503.89,1507.19,142509300
2021-10-20,VN30,1510.38,1516.74,1486.26,1505.03,182022000
2021-10-21,VN30,1509.05,1510.2,1489.26,1489.26,166371200
2021-10-22,VN30,1495.32,1498.25,1486.57,1488.71,127282900
2021-10-25,VN30,1492.35,1492.35,1476.97,1476.97,202649000
2021-10-26,VN30,1474.36,1483.65,1467.02,1482.62,143685900
2021-10-27,VN30,1487.45,1516.46,1485.12,1516.46,201353000
2021-10-28,VN30,1522.11,1530.77,1513.12,1529.26,190779100
2021-10-29,VN30,1529.42,1533.86,1525.73,1532.35,197579000
2021-11-01,VN30,1534.17,1534.88,1513.98,1516.75,252416300
2021-11-02,VN30,1514.91,1522.9,1514.75,1521.35,186412200
2021-11-03,VN30,1526.38,1537.59,1521.94,1530.65,324556200
2021-11-04,VN30,1531.92,1535.9,1524.54,1528.21,173097200
2021-11-05,VN30,1531.06,1535.43,1523.16,1531.76,156544900
2021-11-08,VN30,1535.12,1541.83,1528.71,1535.66,219015500
2021-11-09,VN30,1539.25,1542.75,1524.36,1527.13,210505900
2021-11-10,VN30,1530.69,1531.7,1518.89,1523.79,204461200
2021-11-11,VN30,1524.73,1526.72,1503.77,1514.36,258427300
2021-11-12,VN30,1514.96,1529.03,1504.52,1527.94,152556600
2021-11-15,VN30,1534.16,1534.44,1521.94,1528.68,232161500
2021-11-16,VN30,1527.11,1530.32,1513.5,1517.22,214948000
2021-11-17,VN30,1517.67,1522.5,1513.65,1519.58,165538300
2021-11-18,VN30,1522.39,1523.19,1503.42,1503.42,256828300
2021-11-19,VN30,1507.45,1521.63,1487.12,1500.05,319994900
2021-11-22,VN30,1506.38,1530.43,1502.25,1517.04,274789700
2021-11-23,VN30,1518.39,1533.12,1513.23,1533.12,173026700
2021-11-24,VN30,1534.87,1567.77,1530.61,1565.29,371792500
2021-11-25,VN30,1573.29,1579.56,1567.67,1572.46,255689400
2021-11-26,VN30,1576.52,1587.0,1564.39,1566.55,286506800
2021-11-29,VN30,1541.22,1558.86,1541.22,1553.04,270835200
2021-11-30,VN30,1567.44,1568.09,1531.82,1537.59,254246000
2021-12-01,VN30,1536.67,1549.81,1531.2,1549.81,183018700
2021-12-02,VN30,1553.21,1555.49,1540.88,1540.88,155692100
2021-12-03,VN30,1550.81,1551.97,1503.98,1503.98,237844400
2021-12-06,VN30,1507.45,1515.47,1464.91,1480.92,264304900
2021-12-07,VN30,1493.07,1512.62,1488.13,1512.62,167560600
2021-12-08,VN30,1515.59,1523.95,1508.69,1516.16,176054000
2021-12-09,VN30,1509.4,1529.61,1509.4,1529.61,141320100
2021-12-10,VN30,1528.17,1533.23,1517.59,1519.46,172565800
2021-12-13,VN30,1523.74,1526.53,1517.98,1520.8,166213200
2021-12-14,VN30,1518.39,1529.93,1513.14,1516.44,170665700
2021-12-15,VN30,1516.91,1525.14,1512.05,1519.42,150689400
2021-12-16,VN30,1526.63,1526.75,1501.41,1510.17,187576000
2021-12-17,VN30,1513.36,1520.97,1511.19,1513.56,220350000
2021-12-20,VN30,1519.69,1521.62,1509.54,1513.6,180132400
2021-12-21,VN30,1512.01,1517.69,1507.89,1511.48,175784000
2021-12-22,VN30,1514.98,1519.74,1498.96,1504.12,220183200
2021-12-23,VN30,1504.61,1506.43,1470.94,1477.37,241493800
2021-12-24,VN30,1484.51,1507.48,1481.37,1506.67,197961200
2021-12-27,VN30,1516.73,1517.45,1500.31,1514.55,134565900
2021-12-28,VN30,1520.34,1523.54,1509.58,1523.54,189418700
2021-12-29,VN30,1525.82,1528.9,1515.94,1515.94,154782700
2021-12-30,VN30,1515.75,1526.2,1515.75,1519.62,145697200
2021-12-31,VN30,1523.58,1537.32,1523.41,1535.71,183408500
2022-01-04,VN30,1536.45,1562.54,1536.45,1558.87,207489800
2022-01-05,VN30,1559.33,1562.93,1546.01,1546.01,222221200
2022-01-06,VN30,1542.34,1554.97,1541.19,1544.95,231961100
2022-01-07,VN30,1548.77,1550.47,1532.24,1532.24,200626600
2022-01-10,VN30,1531.13,1537.71,1514.7,1514.7,200034100
2022-01-11,VN30,1516.74,1519.84,1497.78,1499.74,187023400
2022-01-12,VN30,1498.63,1530.04,1484.93,1530.04,282093000
2022-01-13,VN30,1533.38,1548.49,1524.66,1526.43,308816900
2022-01-14,VN30,1523.96,1530.2,1513.17,1523.57,135949400
2022-01-17,VN30,1523.17,1529.28,1478.61,1478.61,290137800
2022-01-18,VN30,1473.04,1489.13,1464.41,1477.06,214017600
2022-01-19,VN30,1479.74,1491.0,1475.06,1482.55,142261000
2022-01-20,VN30,1479.81,1499.47,1474.67,1492.81,163721300
2022-01-21,VN30,1497.61,1508.65,1492.5,1502.16,218982600
2022-01-24,VN30,1496.36,1499.22,1465.76,1471.31,243478300
2022-01-25,VN30,1471.56,1516.16,1466.07,1516.16,191549000
2022-01-26,VN30,1519.9,1533.61,1516.96,1525.31,236863500
2022-01-27,VN30,1517.69,1528.67,1508.77,1516.57,121639400
2022-01-28,VN30,1516.4,1535.57,1515.85,1532.24,194567300
2022-02-07,VN30,1548.38,1555.01,1541.25,1541.25,182867100
2022-02-08,VN30,1539.49,1555.01,1537.16,1550.46,218959100
2022-02-09,VN30,1554.59,1570.32,1552.44,1552.44,230550700
2022-02-10,VN30,1554.98,1557.89,1536.02,1548.95,225002900
2022-02-11,VN30,1544.76,1549.37,1540.5,1545.92,167675800
2022-02-14,VN30,1530.5,1536.77,1505.07,1505.07,254064100
2022-02-15,VN30,1508.25,1530.04,1507.87,1527.36,180952200
2022-02-16,VN30,1534.39,1534.5,1517.52,1521.47,122057100
2022-02-17,VN30,1521.37,1540.51,1521.37,1540.51,146568200
2022-02-18,VN30,1525.21,1533.53,1523.88,1531.47,155104600
2022-02-21,VN30,1530.65,1537.56,1522.48,1533.4,163183400
2022-02-22,VN30,1532.07,1532.36,1510.07,1532.36,223625500
2022-02-23,VN30,1536.6,1547.19,1534.19,1538.83,158142200
2022-02-24,VN30,1537.5,1540.13,1503.22,1522.04,275311400
2022-02-25,VN30,1531.97,1540.13,1526.5,1526.5,198105100
2022-02-28,VN30,1525.58,1533.32,1512.45,1517.18,193571200
2022-03-01,VN30,1521.44,1525.0,1515.49,1520.12,187030700
2022-03-02,VN30,1516.31,1517.49,1495.16,1498.61,291452900
2022-03-03,VN30,1507.53,1522.49,1502.41,1522.49,244078000
2022-03-04,VN30,1525.23,1529.93,1519.97,1525.34,220071600
2022-03-07,VN30,1514.76,1518.32,1505.79,1509.12,222534800
2022-03-08,VN30,1500.07,1506.65,1486.68,1490.17,222308000
2022-03-09,VN30,1493.96,1497.75,1485.15,1489.25,190158600
2022-03-10,VN30,1491.9,1505.5,1490.24,1490.24,148748300
2022-03-11,VN30,1487.92,1490.83,1469.22,1477.14,178186800
2022-03-14,VN30,1471.44,1473.98,1454.34,1461.1,177210100
2022-03-15,VN30,1461.4,1469.52,1455.16,1468.89,136415100
2022-03-16,VN30,1475.17,1478.42,1467.95,1472.69,106836400
2022-03-17,VN30,1480.32,1480.86,1469.92,1469.92,109378100
2022-03-18,VN30,1474.02,1482.96,1474.02,1476.94,148418800
2022-03-21,VN30,1480.29,1502.67,1480.29,1502.67,124702300
2022-03-22,VN30,1507.38,1516.7,1506.1,1513.4,155225300
2022-03-23,VN30,1514.61,1519.58,1505.59,1505.59,132331300
2022-03-24,VN30,1506.49,1506.79,1496.96,1497.44,115640400
2022-03-25,VN30,1499.34,1503.18,1494.28,1498.36,109442400
2022-03-28,VN30,1493.12,1497.06,1477.72,1484.16,177240800
2022-03-29,VN30,1484.95,1501.05,1484.95,1500.57,110331000
2022-03-30,VN30,1497.98,1513.91,1496.59,1500.23,163897200
2022-03-31,VN30,1502.38,1512.47,1500.67,1508.53,121691400
2022-04-01,VN30,1509.01,1542.47,1506.11,1542.47,195611900
2022-04-04,VN30,1558.21,1558.98,1546.46,1548.04,160184300
2022-04-05,VN30,1544.34,1549.77,1539.2,1539.2,125174200
2022-04-06,VN30,1534.23,1558.41,1529.23,1557.11,203573500
2022-04-07,VN30,1561.14,1566.09,1541.96,1541.96,198966000
2022-04-08,VN30,1541.78,1547.6,1524.31,1524.31,156336400
2022-04-12,VN30,1530.3,1532.03,1506.41,1507.2,152481700
2022-04-13,VN30,1512.37,1526.44,1506.45,1525.39,143871600
2022-04-14,VN30,1526.49,1534.28,1517.07,1518.01,119609300
2022-04-15,VN30,1514.89,1518.85,1491.26,1493.74,181765300
2022-04-18,VN30,1493.17,1493.24,1466.73,1468.25,194441900
2022-04-19,VN30,1471.63,1478.5,1440.61,1440.61,156620100
2022-04-20,VN30,1440.9,1453.81,1434.87,1435.5,150221600
2022-04-21,VN30,1434.77,1452.41,1422.7,1426.87,172358900
2022-04-22,VN30,1439.32,1455.15,1419.05,1444.32,150755100
2022-04-25,VN30,1444.79,1445.62,1356.36,1366.39,202426300
2022-04-26,VN30,1347.83,1397.43,1318.5,1396.9,181776700
2022-04-27,VN30,1394.85,1407.7,1362.87,1402.03,108117400
2022-04-28,VN30,1400.6,1407.82,1392.24,1400.88,91674500
2022-04-29,VN30,1400.88,1417.31,1394.17,1417.31,128034900
2022-05-04,VN30,1415.43,1415.45,1389.59,1389.59,114189600
2022-05-05,VN30,1402.6,1405.43,1373.42,1404.88,122134200
2022-05-06,VN30,1399.54,1399.54,1371.0,1373.21,129906600
2022-05-09,VN30,1358.56,1360.64,1308.34,1314.04,200878800
2022-05-10,VN30,1312.1,1345.46,1285.67,1345.46,157234400
2022-05-11,VN30,1344.14,1355.11,1324.2,1349.82,94773600
2022-05-12,VN30,1337.01,1339.25,1279.48,1279.76,163224300
2022-05-13,VN30,1281.28,1284.94,1219.52,1223.76,237555200
2022-05-16,VN30,1254.88,1258.25,1214.29,1215.08,172770300
2022-05-17,VN30,1211.88,1279.55,1203.51,1279.55,161817400
2022-05-18,VN30,1289.5,1298.69,1268.13,1286.41,159937700
2022-05-19,VN30,1259.59,1291.49,1255.63,1283.55,130077200
2022-05-20,VN30,1284.89,1296.0,1273.4,1282.51,110100400
2022-05-23,VN30,1287.49,1287.65,1245.41,1255.35,139331100
2022-05-24,VN30,1255.77,1272.71,1242.36,1272.71,146366400
2022-05-25,VN30,1277.54,1311.32,1273.29,1310.7,172697800
2022-05-26,VN30,1312.56,1319.21,1304.59,1309.5,127930000
2022-05-27,VN30,1311.78,1336.99,1310.64,1335.68,139406400
2022-05-30,VN30,1337.39,1342.87,1329.38,1342.87,121531100
2022-05-31,VN30,1342.08,1342.08,1324.46,1332.59,127915900
2022-06-01,VN30,1329.02,1341.47,1323.07,1335.49,127582100
2022-06-02,VN30,1339.12,1342.47,1319.85,1325.49,133902700
2022-06-03,VN30,1325.49,1329.9,1313.4,1327.4,100179800
2022-06-06,VN30,1328.73,1336.96,1320.97,1327.04,132834400
2022-06-07,VN30,1323.19,1324.37,1297.98,1324.37,153980900
2022-06-08,VN30,1328.95,1348.4,1325.65,1342.03,163072000
2022-06-09,VN30,1344.56,1346.13,1335.28,1342.92,126600400
2022-06-10,VN30,1332.93,1344.85,1325.69,1325.69,136585200
2022-06-13,VN30,1295.26,1300.45,1260.85,1260.85,199019600
2022-06-14,VN30,1247.39,1271.28,1245.26,1261.16,145640500
2022-06-15,VN30,1263.96,1268.33,1231.12,1253.09,167431200
2022-06-16,VN30,1266.87,1292.02,1263.56,1280.37,156455300
2022-06-17,VN30,1254.05,1259.39,1229.74,1258.03,187300200
2022-06-20,VN30,1258.3,1262.83,1223.03,1225.56,168768300
2022-06-21,VN30,1220.76,1240.8,1212.69,1224.54,172801800
2022-06-22,VN30,1233.28,1242.06,1222.86,1227.18,142695000
2022-06-23,VN30,1227.18,1240.58,1219.08,1240.58,105240000
2022-06-24,VN30,1239.54,1246.22,1234.72,1235.47,90437000
2022-06-27,VN30,1238.23,1256.67,1237.79,1256.67,110597100
2022-06-28,VN30,1254.35,1276.21,1249.57,1273.41,151571400
2022-06-29,VN30,1259.83,1274.73,1259.41,1273.4,113295900
2022-06-30,VN30,1273.99,1276.23,1248.92,1248.92,118013500
2022-07-01,VN30,1247.7,1255.67,1225.64,1252.24,118891000
2022-07-04,VN30,1256.2,1260.72,1244.5,1248.37,112840000
2022-07-05,VN30,1252.48,1256.47,1239.8,1242.05,162030600
2022-07-06,VN30,1241.19,1241.19,1211.94,1211.94,131179800
2022-07-07,VN30,1212.36,1229.23,1209.97,1229.23,98638500
2022-07-08,VN30,1235.65,1236.85,1225.04,1231.54,115987500
2022-07-11,VN30,1224.2,1224.2,1200.15,1209.02,131002300
2022-07-12,VN30,1208.06,1219.44,1204.84,1219.44,88675600
2022-07-13,VN30,1216.83,1225.85,1213.41,1216.94,117179900
2022-07-14,VN30,1213.73,1224.01,1211.14,1221.94,106757900
2022-07-15,VN30,1224.15,1228.48,1217.21,1220.14,147665700
2022-07-18,VN30,1225.4,1225.69,1213.28,1214.28,104038500
2022-07-19,VN30,1213.55,1213.64,1204.61,1211.7,100592900
2022-07-20,VN30,1220.25,1229.62,1217.45,1225.62,123377500
2022-07-21,VN30,1227.31,1240.91,1226.88,1235.25,127715400
2022-07-22,VN30,1238.46,1241.65,1228.84,1228.84,106142000
2022-07-25,VN30,1228.11,1231.84,1219.61,1222.6,94341400
2022-07-26,VN30,1221.43,1227.1,1218.11,1218.49,93438000
2022-07-27,VN30,1218.13,1219.43,1211.42,1219.43,95584100
2022-07-28,VN30,1228.73,1240.65,1226.95,1236.14,180062100
2022-07-29,VN30,1243.17,1243.17,1232.0,1232.0,142294000
2022-08-01,VN30,1233.85,1256.25,1233.64,1256.25,175842500
2022-08-02,VN30,1256.32,1266.14,1248.97,1265.97,172175300
2022-08-03,VN30,1259.26,1271.39,1256.39,1269.83,184352300
2022-08-04,VN30,1273.71,1281.46,1270.66,1277.73,164088200
2022-08-05,VN30,1274.48,1276.19,1265.93,1272.06,172672400
2022-08-08,VN30,1270.27,1280.13,1270.13,1276.7,141948100
2022-08-09,VN30,1281.38,1285.52,1275.12,1281.44,161794800
2022-08-10,VN30,1279.58,1283.06,1276.07,1277.15,117050500
2022-08-11,VN30,1282.09,1289.29,1267.04,1272.33,175275100
2022-08-12,VN30,1271.39,1280.96,1267.14,1280.96,113933600
2022-08-15,VN30,1287.13,1294.11,1285.52,1293.79,149048700
2022-08-16,VN30,1293.72,1297.38,1290.52,1295.1,155261200
2022-08-17,VN30,1297.25,1304.49,1296.58,1300.4,146611100
2022-08-18,VN30,1299.09,1311.73,1295.54,1299.93,162054000
2022-08-19,VN30,1297.97,1303.73,1289.57,1294.93,154225000
2022-08-22,VN30,1294.78,1295.69,1281.96,1285.45,128864900
2022-08-23,VN30,1276.09,1292.0,1275.57,1292.0,130485700
2022-08-24,VN30,1295.07,1300.4,1291.96,1296.41,113650300
2022-08-25,VN30,1299.26,1311.55,1299.26,1311.55,127468800
2022-08-26,VN30,1314.73,1320.16,1304.68,1306.81,152914600
2022-08-29,VN30,1296.03,1296.03,1275.4,1293.25,174325400
2022-08-30,VN30,1293.41,1307.12,1293.41,1298.14,112858600
2022-08-31,VN30,1295.71,1306.45,1294.34,1301.44,103562800
2022-09-05,VN30,1300.5,1305.62,1294.44,1298.15,110009200
2022-09-06,VN30,1298.74,1305.9,1296.58,1299.06,121911600
2022-09-07,VN30,1297.31,1298.17,1268.95,1268.95,187243100
2022-09-08,VN30,1277.63,1279.34,1265.57,1265.57,124239300
2022-09-09,VN30,1273.37,1275.64,1259.35,1275.64,161748700
2022-09-12,VN30,1283.41,1285.17,1275.45,1275.6,100037700
2022-09-13,VN30,1277.48,1279.55,1271.22,1272.48,94065400
2022-09-14,VN30,1254.44,1262.8,1250.98,1260.88,142289600
2022-09-15,VN30,1267.24,1269.54,1260.51,1262.82,101057100
2022-09-16,VN30,1259.9,1263.97,1248.13,1252.78,155329900
2022-09-19,VN30,1251.43,1253.45,1225.18,1229.88,152498300
2022-09-20,VN30,1235.93,1241.07,1224.96,1241.07,94432100
2022-09-21,VN30,1235.84,1236.05,1223.02,1228.2,76490900
2022-09-22,VN30,1217.63,1229.26,1210.65,1228.94,98659200
2022-09-23,VN30,1227.34,1230.72,1213.74,1215.41,88494000
2022-09-26,VN30,1199.39,1201.89,1172.37,1187.22,175236400
2022-09-27,VN30,1190.46,1193.79,1181.43,1182.46,85342600
2022-09-28,VN30,1173.82,1177.58,1160.66,1160.66,92268300
2022-09-29,VN30,1166.59,1177.21,1147.44,1147.44,88046900
2022-09-30,VN30,1140.18,1158.2,1128.57,1152.01,154777200
2022-10-03,VN30,1141.87,1144.95,1094.49,1102.0,159888000
2022-10-04,VN30,1113.8,1117.87,1088.41,1097.72,147867000
2022-10-05,VN30,1114.6,1128.94,1112.26,1117.38,114403700
2022-10-06,VN30,1117.7,1119.76,1079.75,1081.36,141259300
2022-10-07,VN30,1064.72,1067.03,1027.64,1039.54,261705900
2022-10-10,VN30,1025.48,1052.24,1011.44,1038.93,178313500
2022-10-11,VN30,1031.12,1031.12,987.27,1001.68,200927800
2022-10-12,VN30,1004.53,1039.33,999.0,1034.93,150966500
2022-10-13,VN30,1034.2,1051.24,1020.97,1051.24,127128600
2022-10-14,VN30,1068.63,1070.3,1054.82,1061.39,148450300
2022-10-17,VN30,1051.23,1051.42,1028.34,1047.2,117602900
2022-10-18,VN30,1061.06,1068.9,1051.85,1059.06,120839700
2022-10-19,VN30,1061.12,1062.27,1044.69,1053.65,102622000
2022-10-20,VN30,1049.96,1060.79,1041.08,1053.26,113705500
2022-10-21,VN30,1055.34,1055.34,1002.09,1010.57,193757000
2022-10-24,VN30,1011.54,1013.24,961.79,973.88,170993600
2022-10-25,VN30,971.29,1006.69,950.19,991.52,183292900
2022-10-26,VN30,995.73,999.59,979.4,990.41,77220600
2022-10-27,VN30,992.95,1028.5,986.54,1028.5,159809500
2022-10-28,VN30,1036.94,1046.04,1024.74,1029.49,147687400
2022-10-31,VN30,1027.57,1031.66,999.47,1026.84,188840700
2022-11-01,VN30,1028.23,1049.77,1028.23,1038.09,243894300
2022-11-02,VN30,1037.47,1039.42,1020.48,1025.18,167911600
2022-11-03,VN30,1012.9,1029.53,1010.57,1023.8,120449100
2022-11-04,VN30,1006.52,1009.0,971.72,997.92,256472300
2022-11-07,VN30,992.4,999.43,968.84,972.85,179097800
2022-11-08,VN30,957.88,981.51,950.81,980.09,185773700
2022-11-09,VN30,980.92,993.28,969.19,979.68,166478600
2022-11-10,VN30,969.79,969.79,925.02,936.8,252587000
2022-11-11,VN30,946.68,963.55,941.84,948.86,213492300
2022-11-14,VN30,945.97,945.97,913.5,936.31,211967900
2022-11-15,VN30,923.2,927.37,893.49,904.77,218103000
2022-11-16,VN30,878.24,942.56,863.31,940.29,249949000
2022-11-17,VN30,941.77,975.42,941.77,971.04,184689400
2022-11-18,VN30,967.82,977.19,941.18,971.2,264087200
2022-11-21,VN30,970.64,972.15,951.62,956.89,132087900
2022-11-22,VN30,956.31,985.18,941.85,945.54,368681000
2022-11-23,VN30,939.08,951.86,933.26,938.73,154603600
2022-11-24,VN30,932.69,941.69,925.55,940.76,136323900
2022-11-25,VN30,948.66,967.49,947.56,967.49,170888500
2022-11-28,VN30,974.42,1006.06,974.23,1004.34,398075900
2022-11-29,VN30,1007.58,1029.04,995.12,1029.04,366388700
2022-11-30,VN30,1034.78,1049.21,1018.59,1049.21,264696800
2022-12-01,VN30,1059.8,1073.32,1040.95,1042.64,434444200
2022-12-02,VN30,1038.11,1092.99,1037.08,1092.99,331170900
2022-12-05,VN30,1094.39,1120.56,1094.39,1110.94,375073300
2022-12-06,VN30,1109.5,1109.5,1054.06,1054.06,405650300
2022-12-07,VN30,1051.55,1064.73,1037.15,1047.58,242093400
2022-12-08,VN30,1061.99,1093.64,1055.63,1062.73,304556000
2022-12-09,VN30,1069.38,1076.67,1051.62,1065.08,236860100
2022-12-12,VN30,1071.27,1073.44,1037.42,1037.42,219916600
2022-12-13,VN30,1038.63,1056.43,1028.37,1056.43,241921600
2022-12-14,VN30,1056.76,1071.02,1052.25,1056.17,192525100
2022-12-15,VN30,1055.8,1076.03,1055.49,1068.08,248619400
2022-12-16,VN30,1061.58,1077.27,1058.88,1064.07,249610500
2022-12-19,VN30,1063.72,1081.55,1050.22,1050.22,258388700
2022-12-20,VN30,1048.17,1049.39,1015.66,1029.79,283476500
2022-12-21,VN30,1041.05,1041.65,1011.9,1033.1,212814200
2022-12-22,VN30,1033.72,1048.84,1031.29,1038.34,188500800
2022-12-23,VN30,1037.91,1041.37,1022.51,1034.13,129851000
2022-12-26,VN30,1032.42,1033.17,987.77,987.77,175227100
2022-12-27,VN30,988.87,1015.01,985.67,1007.36,153659700
2022-12-28,VN30,1009.19,1023.24,997.12,1013.95,123259200
2022-12-29,VN30,1013.95,1022.15,1008.3,1008.3,121025100
2022-12-30,VN30,1016.71,1017.45,1005.19,1005.19,95618200
2019-01-02,VNINDEX,900.1,900.1,891.1,891.75,91857070
2019-01-03,VNINDEX,889.78,892.21,872.12,878.22,135125060
2019-01-04,VNINDEX,872.69,881.48,861.85,880.9,117664070
2019-01-07,VNINDEX,890.47,896.63,885.3,889.64,87417130
2019-01-08,VNINDEX,891.37,891.87,883.67,887.44,92128530
2019-01-09,VNINDEX,890.26,897.25,888.61,896.99,121796320
2019-01-10,VNINDEX,897.85,899.47,895.17,898.3,102404440
2019-01-11,VNINDEX,899.1,904.37,899.1,902.71,107782500
2019-01-14,VNINDEX,903.83,903.83,897.18,901.8,102797710
2019-01-15,VNINDEX,901.21,909.68,898.92,909.68,106149230
2019-01-16,VNINDEX,911.32,912.48,906.39,908.7,107555090
2019-01-17,VNINDEX,908.48,909.06,901.89,901.89,117379940
2019-01-18,VNINDEX,902.7,906.35,900.64,902.3,98216800
2019-01-21,VNINDEX,905.25,911.74,903.09,911.05,119012350
2019-01-22,VNINDEX,912.73,913.37,906.55,906.55,122327990
2019-01-23,VNINDEX,905.73,910.12,905.12,908.18,104593270
2019-01-24,VNINDEX,908.56,910.59,906.59,908.79,93576170
2019-01-25,VNINDEX,908.86,911.59,907.96,908.88,94869510
2019-01-28,VNINDEX,912.53,913.43,908.9,912.18,105335970
2019-01-29,VNINDEX,913.67,915.93,907.09,915.93,97050250
2019-01-30,VNINDEX,914.08,917.8,913.48,915.84,101720060
2019-01-31,VNINDEX,919.12,920.36,910.38,910.65,110220270
2019-02-01,VNINDEX,911.98,912.81,907.52,908.67,101242400
2019-02-11,VNINDEX,916.98,926.1,915.86,926.1,105483580
2019-02-12,VNINDEX,930.37,938.64,926.98,937.54,172197210
2019-02-13,VNINDEX,937.61,945.25,937.34,945.25,176159810
2019-02-14,VNINDEX,946.54,953.66,945.99,952.34,156655320
2019-02-15,VNINDEX,951.9,955.4,948.26,950.89,145322500
2019-02-18,VNINDEX,954.85,961.3,953.32,961.3,169171360
2019-02-19,VNINDEX,962.84,971.92,962.81,964.35,195093270
2019-02-20,VNINDEX,963.29,972.75,963.29,970.58,145267490
2019-02-21,VNINDEX,972.82,987.57,970.31,987.57,162918220
2019-02-22,VNINDEX,983.99,993.16,982.86,988.91,199234030
2019-02-25,VNINDEX,996.06,999.9,992.72,994.43,192681550
2019-02-26,VNINDEX,991.63,996.44,979.24,987.06,209790990
2019-02-27,VNINDEX,989.61,994.46,988.09,990.27,204616980
2019-02-28,VNINDEX,989.84,990.25,965.47,965.47,197428310
2019-03-01,VNINDEX,971.05,980.82,970.54,979.63,147716480
2019-03-04,VNINDEX,983.5,994.46,983.33,993.99,209754090
2019-03-05,VNINDEX,990.08,1000.25,987.92,992.45,243416220
2019-03-06,VNINDEX,993.01,994.49,985.51,994.49,189551540
2019-03-07,VNINDEX,995.65,1004.55,994.03,994.03,187770040
2019-03-08,VNINDEX,987.89,991.98,984.48,985.25,176347260
2019-03-11,VNINDEX,982.94,987.11,981.34,984.6,142651930
2019-03-12,VNINDEX,991.14,1001.32,990.46,1001.32,179893460
2019-03-13,VNINDEX,1003.75,1009.77,1003.01,1005.41,197620220
2019-03-14,VNINDEX,1006.37,1011.39,1002.09,1008.44,182827760
2019-03-15,VNINDEX,1008.22,1008.22,1001.1,1004.12,207003710
2019-03-18,VNINDEX,1007.92,1013.29,1007.92,1011.86,188364570
2019-03-19,VNINDEX,1013.75,1014.51,1004.22,1006.59,198984160
2019-03-20,VNINDEX,1002.86,1003.25,992.02,1002.3,180045630
2019-03-21,VNINDEX,1005.12,1006.37,981.78,981.78,182708030
2019-03-22,VNINDEX,984.9,990.07,981.3,988.71,151811080
2019-03-25,VNINDEX,976.53,976.53,964.76,970.07,177632670
2019-03-26,VNINDEX,975.44,978.99,966.9,969.79,139645020
2019-03-27,VNINDEX,976.67,979.32,972.25,975.91,112974060
2019-03-28,VNINDEX,973.44,983.18,972.6,982.98,122202110
2019-03-29,VNINDEX,985.35,988.24,980.76,980.76,131921800
2019-04-01,VNINDEX,984.89,988.53,982.8,988.53,137258330
2019-04-02,VNINDEX,994.87,996.41,985.48,985.81,139423310
2019-04-03,VNINDEX,984.74,985.26,980.3,984.46,128758900
2019-04-04,VNINDEX,987.47,989.08,982.94,986.91,131989370
2019-04-05,VNINDEX,988.09,990.38,986.39,989.26,129755950
2019-04-08,VNINDEX,991.65,997.56,989.33,997.56,146953600
2019-04-09,VNINDEX,999.89,1000.02,987.82,988.48,152345600
2019-04-10,VNINDEX,984.79,987.27,976.83,981.91,136497840
2019-04-11,VNINDEX,984.46,985.95,981.06,985.95,117588860
2019-04-12,VNINDEX,984.66,984.69,980.26,982.9,111898230
2019-04-16,VNINDEX,970.87,978.53,963.06,977.17,130941660
2019-04-17,VNINDEX,978.21,980.71,972.1,972.1,148469420
2019-04-18,VNINDEX,969.5,973.73,962.05,962.3,137181210
2019-04-19,VNINDEX,968.27,971.73,965.46,966.21,96080150
2019-04-22,VNINDEX,963.78,966.69,959.33,965.86,115805120
2019-04-23,VNINDEX,964.84,970.98,964.35,968.0,112653940
2019-04-24,VNINDEX,969.66,978.71,969.66,976.92,121107830
2019-04-25,VNINDEX,976.46,976.46,971.92,974.13,112382890
2019-04-26,VNINDEX,972.86,979.64,970.73,979.64,107350700
2019-05-02,VNINDEX,978.81,979.93,975.51,978.5,123917210
2019-05-03,VNINDEX,976.77,977.13,971.75,974.14,127740220
2019-05-06,VNINDEX,964.37,964.89,955.41,957.97,133510960
2019-05-07,VNINDEX,961.31,965.61,955.42,957.56,121330080
2019-05-08,VNINDEX,950.1,953.88,947.86,951.22,118717980
2019-05-09,VNINDEX,950.66,953.66,944.91,947.01,114863670
2019-05-10,VNINDEX,950.37,953.92,948.21,952.55,114647770
2019-05-13,VNINDEX,952.11,958.54,951.76,958.54,124693720
2019-05-14,VNINDEX,958.54,965.34,952.28,965.34,135189670
2019-05-15,VNINDEX,967.95,977.65,967.95,975.64,154156590
2019-05-16,VNINDEX,976.96,981.22,975.69,975.69,129973620
2019-05-17,VNINDEX,977.85,980.04,974.91,976.48,120457430
2019-05-20,VNINDEX,975.95,987.13,974.47,987.13,134337940
2019-05-21,VNINDEX,989.67,992.84,986.07,986.29,124573780
2019-05-22,VNINDEX,986.66,992.26,982.68,983.78,127215170
2019-05-23,VNINDEX,982.0,984.57,977.17,982.71,107963620
2019-05-24,VNINDEX,976.59,983.14,970.03,970.03,128053180
2019-05-27,VNINDEX,970.73,975.4,970.41,975.14,95899120
2019-05-28,VNINDEX,977.02,978.8,969.51,972.0,120728740
2019-05-29,VNINDEX,973.31,974.96,969.55,971.54,120297710
2019-05-30,VNINDEX,971.01,974.56,967.21,969.34,105520020
2019-05-31,VNINDEX,968.53,969.94,959.88,959.88,114110930
2019-06-03,VNINDEX,953.58,955.78,940.28,946.47,141641430
2019-06-04,VNINDEX,945.62,951.42,943.21,951.16,102807600
2019-06-05,VNINDEX,955.8,958.39,951.39,951.41,95438950
2019-06-06,VNINDEX,950.57,951.35,939.35,948.21,100777880
2019-06-07,VNINDEX,951.64,958.28,950.94,958.28,97844860
2019-06-10,VNINDEX,963.78,966.9,958.6,962.9,118770610
2019-06-11,VNINDEX,962.43,964.81,959.98,962.07,95697370
2019-06-12,VNINDEX,960.6,960.6,953.83,954.17,100019840
2019-06-13,VNINDEX,951.26,954.17,946.29,950.08,98544550
2019-06-14,VNINDEX,948.65,954.7,948.65,953.61,115323520
2019-06-17,VNINDEX,953.97,955.18,944.47,946.95,104932990
2019-06-18,VNINDEX,945.73,947.3,938.95,944.01,108309080
2019-06-19,VNINDEX,948.92,950.04,946.83,949.69,113819830
2019-06-20,VNINDEX,949.48,962.33,948.97,959.18,129261230
2019-06-21,VNINDEX,962.69,964.52,959.12,959.2,172955940
2019-06-24,VNINDEX,960.29,967.11,959.8,962.85,113476250
2019-06-25,VNINDEX,961.19,963.23,960.06,960.13,120760130
2019-06-26,VNINDEX,958.6,962.7,958.38,959.13,119422620
2019-06-27,VNINDEX,959.48,959.48,943.11,943.11,122886150
2019-06-28,VNINDEX,944.53,949.94,939.12,949.94,122136760
2019-07-01,VNINDEX,958.92,965.61,957.66,965.61,123426860
2019-07-02,VNINDEX,964.77,966.76,959.8,961.98,107519450
2019-07-03,VNINDEX,960.44,961.67,956.91,960.39,113731280
2019-07-04,VNINDEX,961.78,973.04,961.65,973.04,135119630
2019-07-05,VNINDEX,972.74,975.34,970.16,975.34,117184620
2019-07-08,VNINDEX,972.83,972.83,963.84,966.35,119061500
2019-07-09,VNINDEX,965.24,969.05,963.05,969.05,126456270
2019-07-10,VNINDEX,971.19,974.96,971.19,973.65,124519570
2019-07-11,VNINDEX,976.95,980.02,975.03,978.63,133659820
2019-07-12,VNINDEX,980.11,982.1,974.32,975.4,133003920
2019-07-15,VNINDEX,975.57,975.66,970.93,972.53,117696750
2019-07-16,VNINDEX,975.05,982.11,975.05,982.11,142076680
2019-07-17,VNINDEX,981.49,985.59,979.05,982.57,142317410
2019-07-18,VNINDEX,979.16,979.49,975.01,976.05,127216580
2019-07-19,VNINDEX,978.12,986.12,978.12,982.34,160649510
2019-07-22,VNINDEX,981.17,985.13,980.08,982.04,135292770
2019-07-23,VNINDEX,982.04,990.45,980.68,989.46,134713850
2019-07-24,VNINDEX,993.01,994.85,986.34,988.41,132814770
2019-07-25,VNINDEX,986.85,997.49,986.85,994.95,141192240
2019-07-26,VNINDEX,994.8,998.52,992.97,993.35,118055590
2019-07-29,VNINDEX,994.23,997.94,988.29,997.94,113384890
2019-07-30,VNINDEX,1001.46,1002.77,986.02,986.02,133259450
2019-07-31,VNINDEX,986.0,993.4,982.64,991.66,130600410
2019-08-01,VNINDEX,993.25,997.39,990.88,997.39,135015390
2019-08-02,VNINDEX,987.55,991.39,985.69,991.1,144127640
2019-08-05,VNINDEX,988.6,988.99,973.15,973.15,148292430
2019-08-06,VNINDEX,960.29,966.15,958.39,964.61,170231190
2019-08-07,VNINDEX,967.18,971.96,961.64,965.93,133866380
2019-08-08,VNINDEX,965.62,975.83,964.21,975.24,157756080
2019-08-09,VNINDEX,976.41,978.69,974.33,974.34,133550890
2019-08-12,VNINDEX,975.38,977.63,973.22,975.31,125710330
2019-08-13,VNINDEX,972.7,973.09,964.03,966.83,142686780
2019-08-14,VNINDEX,975.88,975.99,968.91,968.91,125458400
2019-08-15,VNINDEX,958.05,979.38,955.76,979.38,131135680
2019-08-16,VNINDEX,974.88,985.61,974.88,980.0,156459560
2019-08-19,VNINDEX,984.04,985.48,979.17,981.03,107980080
2019-08-20,VNINDEX,983.94,985.35,981.75,984.67,121108870
2019-08-21,VNINDEX,984.36,995.44,983.3,994.38,146223360
2019-08-22,VNINDEX,996.41,998.67,993.23,997.26,128389760
2019-08-23,VNINDEX,998.21,998.21,990.83,992.45,119796120
2019-08-26,VNINDEX,983.8,984.61,977.0,982.88,151649840
2019-08-27,VNINDEX,986.33,988.49,976.79,976.79,150855300
2019-08-28,VNINDEX,977.1,981.35,977.1,977.26,117235850
2019-08-29,VNINDEX,978.17,978.78,973.34,978.59,119663520
2019-08-30,VNINDEX,980.25,984.87,980.25,984.06,126205940
2019-09-03,VNINDEX,984.79,985.21,978.62,979.36,126148070
2019-09-04,VNINDEX,977.97,979.91,973.37,977.63,121831910
2019-09-05,VNINDEX,979.83,981.67,976.79,976.79,113824610
2019-09-06,VNINDEX,977.83,978.73,973.87,974.08,108569600
2019-09-09,VNINDEX,974.53,975.03,972.47,974.12,104287810
2019-09-10,VNINDEX,974.62,977.44,968.36,970.26,128339460
2019-09-11,VNINDEX,969.59,973.13,967.14,969.31,95091710
2019-09-12,VNINDEX,972.39,976.07,972.31,976.07,123174240
2019-09-13,VNINDEX,977.71,987.22,975.95,987.22,145895070
2019-09-16,VNINDEX,987.07,992.6,986.72,989.86,138035800
2019-09-17,VNINDEX,990.06,996.74,986.96,996.74,142632820
2019-09-18,VNINDEX,995.75,998.4,993.94,995.15,140571130
2019-09-19,VNINDEX,995.49,997.2,990.55,997.1,140440060
2019-09-20,VNINDEX,997.6,998.56,990.36,990.36,167884480
2019-09-23,VNINDEX,991.75,993.98,985.75,985.75,141445790
2019-09-24,VNINDEX,986.33,991.36,984.94,988.13,119577920
2019-09-25,VNINDEX,985.96,989.18,983.06,987.3,121420880
2019-09-26,VNINDEX,988.7,991.66,986.35,990.75,133043610
2019-09-27,VNINDEX,992.26,998.34,991.5,997.84,152087820
2019-09-30,VNINDEX,999.92,1004.17,996.51,996.56,157737220
2019-10-01,VNINDEX,997.87,999.72,996.2,999.59,141547280
2019-10-02,VNINDEX,999.18,1000.93,989.63,991.19,155632190
2019-10-03,VNINDEX,985.65,992.45,983.35,992.45,156298020
2019-10-04,VNINDEX,993.69,994.81,987.59,987.59,153634840
2019-10-07,VNINDEX,989.45,990.34,983.09,983.09,150412170
2019-10-08,VNINDEX,983.62,988.51,981.89,988.22,153446780
2019-10-09,VNINDEX,987.82,992.0,986.74,987.83,143783620
2019-10-10,VNINDEX,988.81,990.89,986.93,987.38,137745810
2019-10-11,VNINDEX,988.57,991.84,987.62,991.84,140671790
2019-10-14,VNINDEX,994.61,997.25,992.5,993.57,171969840
2019-10-15,VNINDEX,993.55,994.75,990.74,993.05,131330520
2019-10-16,VNINDEX,995.75,997.41,993.42,994.46,157875510
2019-10-17,VNINDEX,995.04,995.81,989.82,989.82,157134910
2019-10-18,VNINDEX,992.0,993.03,988.41,989.2,153487520
2019-10-21,VNINDEX,988.18,988.82,983.56,983.56,162867090
2019-10-22,VNINDEX,983.52,987.59,983.52,987.19,200609660
2019-10-23,VNINDEX,987.04,989.61,985.52,987.79,154015230
2019-10-24,VNINDEX,988.85,993.6,987.65,993.6,141378830
2019-10-25,VNINDEX,993.91,996.67,992.91,996.57,136700300
2019-10-28,VNINDEX,998.27,999.94,996.48,996.48,149945220
2019-10-29,VNINDEX,997.77,999.88,995.87,995.87,177823330
2019-10-30,VNINDEX,996.83,1003.4,994.86,1000.89,160171570
2019-10-31,VNINDEX,1002.67,1004.4,998.58,998.82,189105090
2019-11-01,VNINDEX,999.92,1015.88,999.92,1015.59,200048280
2019-11-04,VNINDEX,1019.0,1023.92,1015.86,1022.43,208479560
2019-11-05,VNINDEX,1022.77,1026.53,1021.63,1024.34,172233290
2019-11-06,VNINDEX,1023.43,1028.97,1023.42,1024.91,183325470
2019-11-07,VNINDEX,1023.49,1028.45,1022.61,1024.03,166863590
2019-11-08,VNINDEX,1026.98,1027.39,1021.11,1022.49,157942420
2019-11-11,VNINDEX,1023.32,1024.77,1016.35,1016.75,170775110
2019-11-12,VNINDEX,1016.97,1021.84,1015.97,1018.33,180969830
2019-11-13,VNINDEX,1019.07,1020.09,1010.8,1012.77,182266340
2019-11-14,VNINDEX,1013.85,1016.71,1010.6,1012.3,192687960
2019-11-15,VNINDEX,1012.93,1015.16,1005.1,1010.03,180804630
2019-11-18,VNINDEX,1010.83,1012.09,1002.63,1002.91,165225780
2019-11-19,VNINDEX,1002.89,1008.35,1001.35,1008.35,158028030
2019-11-20,VNINDEX,1009.21,1009.21,1000.56,1000.56,182924030
2019-11-21,VNINDEX,999.37,999.63,987.89,987.89,171731790
2019-11-22,VNINDEX,992.73,993.7,971.03,977.78,196749440
2019-11-25,VNINDEX,977.85,979.6,971.24,976.35,148285630
2019-11-26,VNINDEX,980.57,981.96,976.79,976.79,148016090
2019-11-27,VNINDEX,978.98,982.76,978.17,978.17,157478720
2019-11-28,VNINDEX,977.66,979.17,967.68,970.39,154471660
2019-11-29,VNINDEX,971.1,972.89,968.03,970.75,138896550
2019-12-02,VNINDEX,971.42,972.91,958.3,959.31,180421680
2019-12-03,VNINDEX,957.4,960.82,950.96,953.43,176408390
2019-12-04,VNINDEX,952.51,965.9,950.44,965.9,162142410
2019-12-05,VNINDEX,965.9,967.92,962.16,963.27,159548260
2019-12-06,VNINDEX,962.38,965.41,960.99,963.56,139312750
2019-12-09,VNINDEX,963.91,967.57,962.59,966.06,183348640
2019-12-10,VNINDEX,965.92,966.58,955.14,960.3,170738810
2019-12-11,VNINDEX,960.59,961.78,954.56,961.78,158554160
2019-12-12,VNINDEX,963.39,968.39,962.72,968.17,154590800
2019-12-13,VNINDEX,969.43,971.84,965.93,966.18,172536910
2019-12-16,VNINDEX,966.0,966.0,960.39,961.47,202440060
2019-12-17,VNINDEX,962.49,962.79,954.03,954.03,239321700
2019-12-18,VNINDEX,951.52,954.18,949.86,951.13,183063780
2019-12-19,VNINDEX,950.61,955.85,946.74,952.26,178790140
2019-12-20,VNINDEX,953.55,957.52,952.71,956.41,183446480
2019-12-23,VNINDEX,959.55,960.71,958.07,959.43,190141650
2019-12-24,VNINDEX,958.73,959.09,953.29,958.88,173207590
2019-12-25,VNINDEX,958.18,962.83,957.5,960.92,195453740
2019-12-26,VNINDEX,960.67,962.11,957.43,958.59,160431180
2019-12-27,VNINDEX,957.7,963.51,954.19,963.51,126605420
2019-12-30,VNINDEX,962.89,967.52,962.47,965.03,147816130
2019-12-31,VNINDEX,965.71,965.71,958.22,960.99,144441990
2020-01-02,VNINDEX,960.26,966.67,959.67,966.67,131523160
2020-01-03,VNINDEX,968.72,970.88,965.14,965.14,149202550
2020-01-06,VNINDEX,962.79,963.2,955.59,955.79,140978550
2020-01-07,VNINDEX,955.39,959.46,953.19,958.88,130272030
2020-01-08,VNINDEX,954.13,955.84,945.28,948.98,179374340
2020-01-09,VNINDEX,953.86,960.73,952.16,960.15,132773820
2020-01-10,VNINDEX,961.17,969.71,961.17,968.54,163058830
2020-01-13,VNINDEX,966.89,968.63,964.79,965.84,117952020
2020-01-14,VNINDEX,966.26,968.85,965.76,967.0,127784380
2020-01-15,VNINDEX,967.69,967.69,964.84,967.56,112470420
2020-01-16,VNINDEX,967.2,974.7,967.17,974.31,146756870
2020-01-17,VNINDEX,976.28,980.02,973.79,978.96,117216890
2020-01-20,VNINDEX,978.23,979.85,975.93,978.63,102398830
2020-01-21,VNINDEX,978.82,986.37,978.82,986.37,128887950
2020-01-22,VNINDEX,986.52,991.46,983.92,991.46,128966880
2020-01-30,VNINDEX,975.15,977.72,954.0,959.58,181385230
2020-01-31,VNINDEX,955.56,960.96,936.62,936.62,210630210
2020-02-03,VNINDEX,916.6,930.37,891.85,928.14,246408370
2020-02-04,VNINDEX,929.42,934.91,919.33,929.09,178000400
2020-02-05,VNINDEX,934.75,936.33,921.89,925.91,163682070
2020-02-06,VNINDEX,926.66,938.54,925.21,938.54,206129040
2020-02-07,VNINDEX,938.61,943.48,935.94,940.75,165020480
2020-02-10,VNINDEX,934.38,935.87,926.61,930.73,129573270
2020-02-11,VNINDEX,931.55,936.04,931.55,934.67,159265510
2020-02-12,VNINDEX,940.72,943.11,937.34,937.68,187439280
2020-02-13,VNINDEX,937.19,939.1,934.47,938.24,153479610
2020-02-14,VNINDEX,939.28,940.65,936.47,937.45,172195600
2020-02-17,VNINDEX,938.52,938.52,931.66,934.77,149349950
2020-02-18,VNINDEX,934.47,934.98,926.01,927.93,164327840
2020-02-19,VNINDEX,926.41,931.66,925.86,928.76,161801070
2020-02-20,VNINDEX,933.69,938.13,930.41,938.13,183636850
2020-02-21,VNINDEX,937.13,940.53,932.32,933.09,179503790
2020-02-24,VNINDEX,917.49,917.49,903.34,903.34,255965410
2020-02-25,VNINDEX,893.95,909.67,893.95,909.67,186008510
2020-02-26,VNINDEX,901.51,903.27,894.25,895.97,131173700
2020-02-27,VNINDEX,892.15,899.34,889.14,898.44,135468580
2020-02-28,VNINDEX,885.47,887.07,872.46,882.19,184315860
2020-03-02,VNINDEX,878.43,886.45,877.31,884.43,173927240
2020-03-03,VNINDEX,895.39,896.39,890.06,890.61,176373200
2020-03-04,VNINDEX,887.85,889.85,882.83,889.37,195439390
2020-03-05,VNINDEX,892.71,898.43,891.2,893.31,209158850
2020-03-06,VNINDEX,888.96,891.44,882.71,891.44,175600680
2020-03-09,VNINDEX,875.8,875.8,834.67,835.49,273180820
2020-03-10,VNINDEX,813.83,843.28,806.63,837.5,242825240
2020-03-11,VNINDEX,843.52,844.94,794.54,811.35,278303370
2020-03-12,VNINDEX,778.06,778.06,762.12,769.25,311344630
2020-03-13,VNINDEX,750.56,764.69,723.42,761.78,289011560
2020-03-16,VNINDEX,758.28,758.59,737.58,747.86,222784370
2020-03-17,VNINDEX,724.07,750.03,721.84,745.78,202420360
2020-03-18,VNINDEX,747.4,752.65,742.12,747.66,205460100
2020-03-19,VNINDEX,732.35,733.43,714.02,725.94,308921920
2020-03-20,VNINDEX,728.55,729.35,709.73,709.73,197474500
2020-03-23,VNINDEX,694.77,694.77,664.23,666.59,223310850
2020-03-24,VNINDEX,655.49,666.28,652.27,659.21,212661260
2020-03-25,VNINDEX,669.76,690.25,667.58,690.25,209923920
2020-03-26,VNINDEX,689.0,700.76,680.1,694.21,171216480
2020-03-27,VNINDEX,692.54,703.22,682.52,696.06,212339560
2020-03-30,VNINDEX,663.91,665.56,657.36,662.26,194282800
2020-03-31,VNINDEX,669.74,678.64,649.1,662.53,227893260
2020-04-01,VNINDEX,658.8,684.96,657.41,680.23,203313080
2020-04-03,VNINDEX,687.92,701.8,687.92,701.8,197918250
2020-04-06,VNINDEX,716.22,736.75,715.39,736.75,304964360
2020-04-07,VNINDEX,744.97,749.13,730.28,746.69,276556810
2020-04-08,VNINDEX,740.03,748.36,730.12,748.02,203416250
2020-04-09,VNINDEX,751.08,765.87,748.02,760.33,271131720
2020-04-10,VNINDEX,759.08,764.36,751.59,757.94,295263430
2020-04-13,VNINDEX,757.94,774.62,757.94,765.79,200195470
2020-04-14,VNINDEX,769.01,769.53,753.85,767.41,229143390
2020-04-15,VNINDEX,768.05,777.22,768.01,777.22,255468260
2020-04-16,VNINDEX,773.11,781.06,770.91,780.7,217009350
2020-04-17,VNINDEX,786.96,790.95,783.74,789.6,268469130
2020-04-20,VNINDEX,796.17,797.49,786.73,794.97,304592700
2020-04-21,VNINDEX,784.4,789.37,761.96,766.84,368523950
2020-04-22,VNINDEX,752.8,774.94,749.97,768.92,223471930
2020-04-23,VNINDEX,784.14,785.6,771.88,773.91,189393000
2020-04-24,VNINDEX,777.28,778.3,767.31,776.66,226072090
2020-04-27,VNINDEX,780.65,785.74,770.77,770.77,256843490
2020-04-28,VNINDEX,773.31,776.13,763.66,767.21,197231630
2020-04-29,VNINDEX,768.59,772.62,768.19,769.11,210867100
2020-05-04,VNINDEX,766.14,769.73,761.64,762.47,253967720
2020-05-05,VNINDEX,763.22,767.03,760.04,764.16,168997250
2020-05-06,VNINDEX,767.3,782.59,765.37,782.59,209914330
2020-05-07,VNINDEX,785.08,796.54,782.59,796.54,214433830
2020-05-08,VNINDEX,800.32,825.72,800.2,813.73,340156270
2020-05-11,VNINDEX,818.26,828.33,812.48,828.33,268927930
2020-05-12,VNINDEX,827.29,835.95,819.66,835.32,290069940
2020-05-13,VNINDEX,829.83,839.59,815.13,834.21,338667310
2020-05-14,VNINDEX,830.97,836.19,826.17,832.4,273950180
2020-05-15,VNINDEX,835.42,838.47,824.59,827.03,258289700
2020-05-18,VNINDEX,827.49,837.61,823.08,837.01,224260950
2020-05-19,VNINDEX,852.14,854.25,844.15,845.92,293801450
2020-05-20,VNINDEX,843.26,852.91,842.21,852.91,235672860
2020-05-21,VNINDEX,854.93,862.73,854.04,862.73,301190730
2020-05-22,VNINDEX,859.29,860.65,852.08,852.74,265002610
2020-05-25,VNINDEX,852.9,860.45,849.12,859.04,259643410
2020-05-26,VNINDEX,861.47,869.65,860.22,869.13,306464080
2020-05-27,VNINDEX,873.42,875.35,857.48,857.48,354487370
2020-05-28,VNINDEX,858.97,866.17,856.48,861.39,261439230
2020-05-29,VNINDEX,861.59,866.95,859.26,864.47,281746500
2020-06-01,VNINDEX,868.97,878.67,868.97,878.67,418333970
2020-06-02,VNINDEX,879.23,882.73,874.53,874.8,442308030
2020-06-03,VNINDEX,876.73,881.17,874.01,881.17,320477690
2020-06-04,VNINDEX,883.22,888.32,883.22,883.9,394395400
2020-06-05,VNINDEX,883.4,886.59,878.5,886.22,451411820
2020-06-08,VNINDEX,888.7,905.65,888.7,899.92,509361980
2020-06-09,VNINDEX,902.26,904.89,898.87,899.43,450504980
2020-06-10,VNINDEX,898.78,902.69,890.3,900.0,514286390
2020-06-11,VNINDEX,900.48,903.7,867.37,867.37,665612130
2020-06-12,VNINDEX,841.85,863.52,841.44,863.52,582432110
2020-06-15,VNINDEX,867.52,868.16,832.47,832.47,470372440
2020-06-16,VNINDEX,848.86,858.7,844.67,856.13,359812660
2020-06-17,VNINDEX,861.05,861.05,852.27,854.44,311400140
2020-06-18,VNINDEX,850.92,858.03,847.49,855.27,234958560
2020-06-19,VNINDEX,857.77,868.56,857.77,868.56,372261840
2020-06-22,VNINDEX,871.56,872.94,867.37,871.28,330561410
2020-06-23,VNINDEX,871.12,873.2,864.02,868.2,400635460
2020-06-24,VNINDEX,868.56,873.13,857.58,859.71,340026770
2020-06-25,VNINDEX,851.09,856.23,849.65,854.59,285078310
2020-06-26,VNINDEX,859.07,862.59,850.66,851.98,258644960
2020-06-29,VNINDEX,846.26,846.53,826.0,829.36,335622750
2020-06-30,VNINDEX,836.72,840.31,821.92,825.11,308543890
2020-07-01,VNINDEX,827.67,844.26,826.38,843.49,251635370
2020-07-02,VNINDEX,845.66,845.66,838.48,842.38,190900470
2020-07-03,VNINDEX,845.26,848.16,843.25,847.61,172688260
2020-07-06,VNINDEX,851.47,861.85,850.04,861.16,194421760
2020-07-07,VNINDEX,865.46,870.63,863.42,863.42,284435650
2020-07-08,VNINDEX,861.75,865.58,859.98,864.5,184014420
2020-07-09,VNINDEX,867.66,878.36,867.45,876.46,259149310
2020-07-10,VNINDEX,873.7,878.53,867.59,871.21,254910040
2020-07-13,VNINDEX,874.85,876.83,866.99,868.72,203912630
2020-07-14,VNINDEX,865.01,868.11,860.28,868.11,204647390
2020-07-15,VNINDEX,872.8,876.69,869.91,869.91,223490580
2020-07-16,VNINDEX,871.81,876.83,869.25,876.83,220943960
2020-07-17,VNINDEX,873.48,875.07,871.89,872.02,238997770
2020-07-20,VNINDEX,870.66,871.64,861.4,861.4,256105460
2020-07-21,VNINDEX,863.94,864.7,856.94,861.69,216046880
2020-07-22,VNINDEX,862.8,864.0,854.97,855.08,207218280
2020-07-23,VNINDEX,854.92,857.22,851.97,856.75,221114760
2020-07-24,VNINDEX,854.23,854.57,816.65,829.16,436845540
2020-07-27,VNINDEX,794.14,808.74,780.64,785.17,374271440
2020-07-28,VNINDEX,786.72,814.4,786.67,813.36,310645950
2020-07-29,VNINDEX,800.39,800.39,779.82,790.84,311001410
2020-07-30,VNINDEX,796.22,802.97,794.88,801.13,163227530
2020-07-31,VNINDEX,787.78,803.55,786.98,798.39,219670740
2020-08-03,VNINDEX,796.86,814.84,796.47,814.65,244789940
2020-08-04,VNINDEX,822.86,827.57,820.2,827.57,251465920
2020-08-05,VNINDEX,827.54,839.52,820.74,837.8,264841620
2020-08-06,VNINDEX,838.01,844.16,833.56,840.04,233729360
2020-08-07,VNINDEX,840.65,844.33,836.84,841.46,230026640
2020-08-10,VNINDEX,845.11,849.52,843.2,843.2,277423110
2020-08-11,VNINDEX,847.61,847.61,840.35,843.08,226765520
2020-08-12,VNINDEX,844.19,848.54,842.88,846.92,238422860
2020-08-13,VNINDEX,849.96,855.19,849.86,855.05,236129250
2020-08-14,VNINDEX,854.29,860.32,848.38,850.74,285091480
2020-08-17,VNINDEX,848.08,852.05,841.62,850.15,215893300
2020-08-18,VNINDEX,850.27,851.06,845.0,846.43,183415680
2020-08-19,VNINDEX,847.19,853.15,846.22,851.21,214883630
2020-08-20,VNINDEX,851.21,856.99,847.44,848.21,232011660
2020-08-21,VNINDEX,848.21,856.45,848.21,854.78,262789870
2020-08-24,VNINDEX,860.35,868.68,860.35,868.68,345727410
2020-08-25,VNINDEX,870.92,877.57,870.92,874.12,342448420
2020-08-26,VNINDEX,873.62,876.97,871.78,873.47,320824630
2020-08-27,VNINDEX,872.38,875.71,871.93,874.71,279106260
2020-08-28,VNINDEX,878.79,885.86,877.7,878.98,328738170
2020-08-31,VNINDEX,882.13,888.44,879.26,881.65,333312960
2020-09-01,VNINDEX,882.4,892.51,880.79,891.73,285412810
2020-09-03,VNINDEX,898.25,904.32,896.26,903.97,323223440
2020-09-04,VNINDEX,896.02,903.11,893.86,901.54,316184660
2020-09-07,VNINDEX,903.85,905.8,888.25,888.25,382825000
2020-09-08,VNINDEX,891.61,894.58,884.88,890.14,266880030
2020-09-09,VNINDEX,883.68,892.4,881.57,889.32,282232270
2020-09-10,VNINDEX,895.29,896.78,888.82,888.82,283019010
2020-09-11,VNINDEX,886.21,890.98,884.67,888.97,269585440
2020-09-14,VNINDEX,891.89,895.31,891.89,894.57,318768720
2020-09-15,VNINDEX,896.61,898.74,894.66,896.26,343362100
2020-09-16,VNINDEX,897.43,897.58,894.63,897.47,262872740
2020-09-17,VNINDEX,897.47,899.41,890.93,894.04,371114920
2020-09-18,VNINDEX,896.08,902.11,895.82,900.95,303725090
2020-09-21,VNINDEX,904.5,909.78,904.5,907.94,349431690
2020-09-22,VNINDEX,905.9,909.69,902.47,906.19,367748340
2020-09-23,VNINDEX,908.97,913.52,908.97,912.5,324674020
2020-09-24,VNINDEX,910.53,914.51,907.32,908.58,357987680
2020-09-25,VNINDEX,910.78,911.3,905.56,908.27,326126870
2020-09-28,VNINDEX,911.2,913.6,910.04,912.5,378529100
2020-09-29,VNINDEX,916.63,917.49,903.98,903.98,438172690
2020-09-30,VNINDEX,904.34,907.0,900.74,905.21,310162690
2020-10-01,VNINDEX,910.13,914.09,909.13,914.09,330218020
2020-10-02,VNINDEX,915.62,916.67,897.72,909.91,501297560
2020-10-05,VNINDEX,913.77,915.55,909.91,914.68,420759580
2020-10-06,VNINDEX,918.11,918.93,912.77,915.67,472545310
2020-10-07,VNINDEX,913.62,923.57,912.69,919.72,496266530
2020-10-08,VNINDEX,922.08,922.08,913.89,918.84,446311540
2020-10-09,VNINDEX,919.48,924.0,917.7,924.0,343796560
2020-10-12,VNINDEX,930.78,933.13,923.28,925.83,414162820
2020-10-13,VNINDEX,926.76,930.96,923.78,929.86,322972210
2020-10-14,VNINDEX,931.89,940.18,929.86,940.18,386750560
2020-10-15,VNINDEX,945.28,945.93,938.7,942.76,439631740
2020-10-16,VNINDEX,944.03,946.23,935.98,943.3,395580380
2020-10-19,VNINDEX,945.01,946.29,941.92,943.69,353154450
2020-10-20,VNINDEX,941.0,944.54,937.32,944.42,385659020
2020-10-21,VNINDEX,947.16,948.2,939.0,939.03,372347380
2020-10-22,VNINDEX,938.06,949.9,933.78,949.9,316297780
2020-10-23,VNINDEX,953.45,961.26,953.14,961.26,392430900
2020-10-26,VNINDEX,967.52,970.15,950.8,950.8,404773940
2020-10-27,VNINDEX,952.61,954.72,946.28,946.47,414913610
2020-10-28,VNINDEX,942.82,946.91,921.05,921.05,433068340
2020-10-29,VNINDEX,916.49,925.84,914.33,919.08,355910070
2020-10-30,VNINDEX,925.41,926.32,911.2,925.47,297619160
2020-11-02,VNINDEX,926.09,933.68,924.14,933.68,273082480
2020-11-03,VNINDEX,936.73,937.57,932.18,935.41,302847830
2020-11-04,VNINDEX,937.62,943.56,933.86,939.76,327410490
2020-11-05,VNINDEX,940.32,945.51,937.75,937.75,270446750
2020-11-06,VNINDEX,939.73,941.2,934.63,938.29,249258850
2020-11-09,VNINDEX,942.15,951.99,942.15,951.99,369592050
2020-11-10,VNINDEX,962.68,963.47,951.9,951.9,422041040
2020-11-11,VNINDEX,954.46,956.65,947.61,952.22,353735780
2020-11-12,VNINDEX,953.97,959.28,953.62,959.28,320081130
2020-11-13,VNINDEX,959.56,966.29,959.13,966.29,419678370
2020-11-16,VNINDEX,970.11,972.98,950.5,950.79,484179810
2020-11-17,VNINDEX,955.52,968.9,953.22,968.9,371415910
2020-11-18,VNINDEX,969.48,974.3,966.32,973.53,446206150
2020-11-19,VNINDEX,975.32,983.26,974.33,983.26,473474550
2020-11-20,VNINDEX,984.71,990.0,980.72,990.0,471526920
2020-11-23,VNINDEX,991.87,995.9,985.38,994.19,450110750
2020-11-24,VNINDEX,996.55,997.99,984.92,995.76,511566140
2020-11-25,VNINDEX,1000.39,1002.31,996.8,999.94,445346780
2020-11-26,VNINDEX,999.24,1005.97,994.91,1005.97,411338400
2020-11-27,VNINDEX,1006.68,1010.22,1004.0,1010.22,381723340
2020-11-30,VNINDEX,1011.82,1012.5,1002.61,1003.08,450045450
2020-12-01,VNINDEX,988.71,1008.87,988.71,1008.87,536207660
2020-12-02,VNINDEX,1008.77,1015.86,1007.91,1014.32,484658120
2020-12-03,VNINDEX,1016.73,1020.35,1014.06,1019.8,496771120
2020-12-04,VNINDEX,1020.49,1025.17,1018.67,1021.49,527019060
2020-12-07,VNINDEX,1024.34,1030.41,1022.14,1029.98,473554480
2020-12-08,VNINDEX,1030.88,1032.58,1025.63,1029.26,501250780
2020-12-09,VNINDEX,1031.19,1039.55,1030.24,1039.13,554755640
2020-12-10,VNINDEX,1041.65,1044.1,1030.91,1030.91,566339280
2020-12-11,VNINDEX,1033.19,1045.96,1030.06,1045.96,413852370
2020-12-14,VNINDEX,1048.97,1064.09,1048.97,1064.09,506310660
2020-12-15,VNINDEX,1062.02,1067.45,1052.01,1055.27,621133560
2020-12-16,VNINDEX,1058.34,1066.99,1057.21,1066.99,556546890
2020-12-17,VNINDEX,1065.85,1066.99,1051.42,1051.77,634682600
2020-12-18,VNINDEX,1055.75,1068.56,1055.75,1067.46,560068250
2020-12-21,VNINDEX,1071.62,1081.6,1070.86,1081.08,660479750
2020-12-22,VNINDEX,1081.85,1084.23,1077.06,1083.45,695860800
2020-12-23,VNINDEX,1087.89,1094.09,1077.92,1078.9,742856110
2020-12-24,VNINDEX,1083.83,1084.76,1046.89,1067.52,686557640
2020-12-25,VNINDEX,1068.83,1084.42,1061.83,1084.42,592212900
2020-12-28,VNINDEX,1094.37,1096.11,1083.9,1091.33,663869090
2020-12-29,VNINDEX,1090.49,1102.79,1087.93,1099.49,618010510
2020-12-30,VNINDEX,1099.78,1108.83,1094.91,1097.54,619802880
2020-12-31,VNINDEX,1098.25,1105.33,1096.27,1103.87,500978800
2021-01-04,VNINDEX,1113.77,1126.43,1113.59,1120.47,709701600
2021-01-05,VNINDEX,1116.96,1133.16,1116.49,1132.55,710226500
2021-01-06,VNINDEX,1139.12,1152.85,1133.7,1143.21,725414800
2021-01-07,VNINDEX,1147.26,1156.49,1143.44,1156.49,719527100
2021-01-08,VNINDEX,1164.1,1176.33,1160.48,1167.69,763095900
2021-01-11,VNINDEX,1176.47,1186.45,1175.0,1184.89,776321700
2021-01-12,VNINDEX,1190.38,1192.28,1179.24,1192.28,683329700
2021-01-13,VNINDEX,1197.32,1200.82,1183.18,1186.05,747161400
2021-01-14,VNINDEX,1189.48,1190.5,1178.84,1187.4,737417900
2021-01-15,VNINDEX,1188.84,1197.74,1188.84,1194.2,746215900
2021-01-18,VNINDEX,1198.79,1200.85,1190.33,1191.94,711741000
2021-01-19,VNINDEX,1189.91,1191.94,1117.17,1131.0,923105700
2021-01-20,VNINDEX,1136.5,1142.48,1098.05,1134.68,802789200
2021-01-21,VNINDEX,1146.86,1164.21,1132.66,1164.21,666008100
2021-01-22,VNINDEX,1166.77,1175.72,1161.43,1166.78,716238000
2021-01-25,VNINDEX,1164.2,1172.18,1162.8,1166.05,665737500
2021-01-26,VNINDEX,1164.97,1166.05,1121.03,1136.12,743159100
2021-01-27,VNINDEX,1122.41,1132.99,1088.86,1097.17,745071300
2021-01-28,VNINDEX,1041.71,1052.16,1022.77,1023.94,698605600
2021-01-29,VNINDEX,998.33,1076.11,998.33,1056.61,743995900
2021-02-01,VNINDEX,1062.13,1074.52,1035.51,1035.51,588446500
2021-02-02,VNINDEX,1036.95,1075.53,1029.36,1075.53,554905500
2021-02-03,VNINDEX,1084.87,1113.24,1082.95,1111.29,635966100
2021-02-04,VNINDEX,1112.97,1117.88,1098.85,1112.19,471356200
2021-02-05,VNINDEX,1114.79,1126.91,1112.19,1126.91,458710000
2021-02-08,VNINDEX,1127.06,1127.06,1075.1,1083.18,635387600
2021-02-09,VNINDEX,1090.88,1114.93,1078.98,1114.93,490182000
2021-02-17,VNINDEX,1127.46,1151.54,1127.46,1155.78,459215000
2021-02-18,VNINDEX,1157.1,1174.38,1148.66,1174.38,585040700
2021-02-19,VNINDEX,1160.65,1178.18,1157.6,1173.5,547575400
2021-02-22,VNINDEX,1173.57,1182.67,1169.12,1175.04,571176900
2021-02-23,VNINDEX,1174.57,1184.32,1168.32,1177.64,571704900
2021-02-24,VNINDEX,1184.32,1185.58,1154.36,1162.01,572631700
2021-02-25,VNINDEX,1169.97,1169.97,1155.74,1165.43,493051100
2021-02-26,VNINDEX,1148.88,1169.28,1148.88,1168.47,528150000
2021-03-01,VNINDEX,1176.93,1186.82,1174.45,1186.17,593011800
2021-03-02,VNINDEX,1196.16,1196.16,1181.99,1186.61,533302200
2021-03-03,VNINDEX,1184.73,1189.18,1180.25,1186.95,584537200
2021-03-04,VNINDEX,1191.78,1191.9,1159.48,1168.52,629649100
2021-03-05,VNINDEX,1164.19,1169.56,1155.6,1168.69,568265900
2021-03-08,VNINDEX,1180.33,1181.25,1164.02,1168.27,627495500
2021-03-09,VNINDEX,1160.96,1166.42,1150.94,1161.97,613096200
2021-03-10,VNINDEX,1163.86,1170.59,1154.89,1170.08,569498400
2021-03-11,VNINDEX,1180.31,1183.73,1176.49,1181.73,586252400
2021-03-12,VNINDEX,1185.21,1186.52,1178.14,1181.56,595631800
2021-03-15,VNINDEX,1183.89,1186.06,1178.8,1184.56,634609700
2021-03-16,VNINDEX,1184.91,1184.91,1171.76,1179.9,629617900
2021-03-17,VNINDEX,1178.64,1186.09,1176.26,1186.09,648766800
2021-03-18,VNINDEX,1196.6,1200.94,1191.94,1200.94,570101600
2021-03-19,VNINDEX,1195.47,1199.67,1191.96,1194.05,600925800
2021-03-22,VNINDEX,1200.05,1200.21,1189.31,1194.43,626610700
2021-03-23,VNINDEX,1190.28,1191.47,1177.1,1183.45,643583000
2021-03-24,VNINDEX,1169.42,1174.2,1154.22,1161.81,649741100
2021-03-25,VNINDEX,1164.41,1170.76,1154.44,1163.1,613916000
2021-03-26,VNINDEX,1162.71,1165.76,1137.9,1162.21,630516500
2021-03-29,VNINDEX,1169.65,1175.77,1165.78,1175.68,592790900
2021-03-30,VNINDEX,1179.64,1187.29,1172.85,1186.36,707543000
2021-03-31,VNINDEX,1187.44,1196.45,1186.4,1191.44,670504300
2021-04-01,VNINDEX,1194.59,1217.26,1192.83,1216.1,637059200
2021-04-02,VNINDEX,1225.76,1228.29,1221.07,1224.45,608762900
2021-04-05,VNINDEX,1245.28,1245.28,1228.18,1236.05,635303500
2021-04-06,VNINDEX,1233.37,1244.63,1231.14,1239.96,656481800
2021-04-07,VNINDEX,1237.39,1242.38,1232.52,1242.38,676166500
2021-04-08,VNINDEX,1246.4,1246.4,1232.26,1234.89,633566500
2021-04-09,VNINDEX,1231.51,1234.98,1227.6,1231.66,655839000
2021-04-12,VNINDEX,1236.79,1252.45,1232.35,1252.45,857647000
2021-04-13,VNINDEX,1262.44,1268.02,1247.66,1248.33,977605500
2021-04-14,VNINDEX,1240.9,1255.87,1233.01,1255.87,813503500
2021-04-15,VNINDEX,1262.25,1265.87,1247.25,1247.25,771443700
2021-04-16,VNINDEX,1245.06,1254.61,1227.14,1238.71,948989400
2021-04-19,VNINDEX,1243.58,1260.58,1233.77,1260.58,773047000
2021-04-20,VNINDEX,1267.74,1286.32,1261.28,1268.28,798483500
2021-04-22,VNINDEX,1264.31,1271.98,1227.82,1227.82,732254600
2021-04-23,VNINDEX,1227.18,1248.53,1216.15,1248.53,684222800
2021-04-26,VNINDEX,1251.25,1251.25,1214.14,1215.77,685386500
2021-04-27,VNINDEX,1213.84,1220.96,1204.14,1219.75,544650900
2021-04-28,VNINDEX,1220.26,1230.91,1217.49,1229.55,589498400
2021-04-29,VNINDEX,1234.91,1239.39,1231.25,1239.39,614232800
2021-05-04,VNINDEX,1222.08,1242.8,1212.56,1242.2,712632600
2021-05-05,VNINDEX,1244.69,1265.93,1242.2,1256.43,685433600
2021-05-06,VNINDEX,1255.42,1261.49,1246.64,1250.57,672398700
2021-05-07,VNINDEX,1245.48,1250.5,1231.92,1241.81,745215600
2021-05-10,VNINDEX,1239.96,1259.58,1236.85,1259.58,732066300
2021-05-11,VNINDEX,1265.11,1272.55,1256.04,1256.04,709535700
2021-05-12,VNINDEX,1251.97,1269.09,1249.18,1269.09,664157900
2021-05-13,VNINDEX,1262.98,1273.49,1261.99,1261.99,680368500
2021-05-14,VNINDEX,1266.43,1271.45,1259.97,1266.36,679016500
2021-05-17,VNINDEX,1272.55,1277.83,1258.5,1258.7,705839600
2021-05-18,VNINDEX,1259.57,1262.22,1249.02,1252.68,661244600
2021-05-19,VNINDEX,1254.78,1262.71,1250.58,1262.49,650916500
2021-05-20,VNINDEX,1264.62,1278.22,1255.78,1278.22,706187900
2021-05-21,VNINDEX,1272.84,1289.03,1268.46,1283.93,654126800
2021-05-24,VNINDEX,1287.5,1299.83,1287.36,1297.98,670713100
2021-05-25,VNINDEX,1299.19,1308.58,1297.23,1308.58,639370500
2021-05-26,VNINDEX,1308.04,1317.3,1304.68,1316.7,676236800
2021-05-27,VNINDEX,1318.42,1319.67,1299.99,1303.57,685085600
2021-05-28,VNINDEX,1307.79,1323.09,1300.06,1320.46,722285600
2021-05-31,VNINDEX,1326.65,1328.05,1307.56,1328.05,700319900
2021-06-01,VNINDEX,1329.47,1346.34,1328.84,1337.78,600477200
2021-06-02,VNINDEX,1330.99,1344.98,1330.82,1340.78,755624100
2021-06-03,VNINDEX,1345.21,1366.0,1345.21,1364.28,856882400
2021-06-04,VNINDEX,1367.06,1374.05,1360.42,1374.05,887731100
2021-06-07,VNINDEX,1374.59,1375.74,1347.21,1358.78,840122900
2021-06-08,VNINDEX,1355.36,1364.48,1318.11,1319.88,874573200
2021-06-09,VNINDEX,1323.52,1339.14,1312.08,1332.9,769829300
2021-06-10,VNINDEX,1332.9,1336.71,1317.49,1323.58,674214800
2021-06-11,VNINDEX,1326.79,1352.47,1322.08,1351.74,705032900
2021-06-14,VNINDEX,1352.73,1368.53,1352.73,1361.72,715610800
2021-06-15,VNINDEX,1361.58,1372.72,1356.59,1367.36,706567000
2021-06-16,VNINDEX,1363.85,1370.14,1350.73,1356.52,740320300
2021-06-17,VNINDEX,1341.06,1365.55,1337.49,1359.92,712336800
2021-06-18,VNINDEX,1366.19,1377.77,1363.52,1377.77,750587000
2021-06-21,VNINDEX,1373.59,1381.74,1367.85,1372.63,731280000
2021-06-22,VNINDEX,1380.84,1385.98,1375.0,1379.97,694747200
2021-06-23,VNINDEX,1383.15,1388.33,1372.06,1376.87,644736300
2021-06-24,VNINDEX,1376.87,1384.71,1372.99,1379.72,538103500
2021-06-25,VNINDEX,1382.11,1390.12,1372.8,1390.12,518602200
2021-06-28,VNINDEX,1397.96,1406.02,1390.56,1405.81,654617700
2021-06-29,VNINDEX,1408.34,1416.34,1406.87,1410.04,609604200
2021-06-30,VNINDEX,1410.83,1419.61,1408.18,1408.55,532318900
2021-07-01,VNINDEX,1412.15,1417.27,1402.18,1417.08,699282500
2021-07-02,VNINDEX,1422.89,1424.28,1415.82,1420.27,653610300
2021-07-05,VNINDEX,1420.27,1421.52,1394.12,1411.13,743573700
2021-07-06,VNINDEX,1412.93,1418.99,1354.79,1354.79,773512600
2021-07-07,VNINDEX,1361.76,1388.55,1334.58,1388.55,733801300
2021-07-08,VNINDEX,1381.11,1385.75,1363.92,1374.68,528832600
2021-07-09,VNINDEX,1365.28,1373.51,1335.9,1347.14,713991100
2021-07-12,VNINDEX,1338.11,1340.65,1270.06,1296.3,912737200
2021-07-13,VNINDEX,1305.36,1307.73,1278.3,1297.54,500178900
2021-07-14,VNINDEX,1297.54,1305.37,1264.68,1279.91,547973900
2021-07-15,VNINDEX,1270.77,1299.18,1270.77,1293.92,419138600
2021-07-16,VNINDEX,1298.38,1304.37,1296.06,1299.31,415120500
2021-07-19,VNINDEX,1270.18,1276.55,1237.79,1243.51,675617000
2021-07-20,VNINDEX,1243.51,1273.29,1225.52,1273.29,538794200
2021-07-21,VNINDEX,1277.27,1284.33,1266.71,1270.79,395114300
2021-07-22,VNINDEX,1270.79,1294.16,1266.54,1293.67,493258000
2021-07-23,VNINDEX,1288.83,1295.63,1268.83,1268.83,550861800
2021-07-26,VNINDEX,1268.83,1277.33,1254.57,1272.71,461081000
2021-07-27,VNINDEX,1283.67,1288.35,1276.53,1276.93,519931600
2021-07-28,VNINDEX,1273.48,1281.17,1271.78,1277.07,361912000
2021-07-29,VNINDEX,1286.33,1293.6,1282.88,1293.6,445516100
2021-07-30,VNINDEX,1298.01,1311.97,1296.95,1310.05,618748500
2021-08-02,VNINDEX,1308.69,1322.35,1304.49,1314.22,586763000
2021-08-03,VNINDEX,1316.15,1332.44,1315.57,1332.44,617967000
2021-08-04,VNINDEX,1337.72,1340.76,1328.4,1334.74,626287700
2021-08-05,VNINDEX,1331.14,1346.62,1326.8,1345.55,590429600
2021-08-06,VNINDEX,1348.24,1351.85,1341.45,1341.45,682081800
2021-08-09,VNINDEX,1337.78,1361.12,1334.69,1359.86,636278900
2021-08-10,VNINDEX,1367.99,1370.35,1358.12,1362.43,677981600
2021-08-11,VNINDEX,1365.05,1374.03,1357.79,1357.79,770571200
2021-08-12,VNINDEX,1356.27,1365.01,1353.05,1353.05,716513500
2021-08-13,VNINDEX,1352.56,1357.41,1336.74,1357.05,718718300
2021-08-16,VNINDEX,1364.1,1372.33,1361.75,1370.96,798944800
2021-08-17,VNINDEX,1377.7,1379.7,1359.11,1363.09,732378200
2021-08-18,VNINDEX,1361.24,1370.5,1355.83,1360.94,641678400
2021-08-19,VNINDEX,1360.61,1374.85,1352.94,1374.85,653254900
2021-08-20,VNINDEX,1367.86,1369.39,1317.52,1329.43,1132838900
2021-08-23,VNINDEX,1322.62,1327.04,1298.86,1298.86,768105500
2021-08-24,VNINDEX,1304.0,1307.56,1289.16,1298.74,648543100
2021-08-25,VNINDEX,1300.74,1310.16,1291.7,1309.55,481772400
2021-08-26,VNINDEX,1313.36,1316.26,1295.77,1301.12,497853400
2021-08-27,VNINDEX,1293.98,1313.2,1285.16,1313.2,658578200
2021-08-30,VNINDEX,1323.39,1329.62,1318.76,1328.14,641161300
2021-08-31,VNINDEX,1332.62,1336.14,1325.69,1331.47,712344100
2021-09-01,VNINDEX,1328.54,1338.02,1328.26,1334.65,679730000
2021-09-06,VNINDEX,1340.71,1348.36,1339.8,1346.39,889375400
2021-09-07,VNINDEX,1349.13,1353.66,1340.32,1341.9,849578800
2021-09-08,VNINDEX,1343.92,1344.49,1328.35,1333.61,596039700
2021-09-09,VNINDEX,1333.61,1345.59,1332.67,1343.98,593520900
2021-09-10,VNINDEX,1348.74,1350.43,1345.07,1345.31,559050700
2021-09-13,VNINDEX,1348.07,1350.69,1340.5,1341.43,744228400
2021-09-14,VNINDEX,1343.38,1349.13,1336.84,1339.7,692214900
2021-09-15,VNINDEX,1338.11,1347.7,1334.97,1345.83,645625800
2021-09-16,VNINDEX,1351.85,1353.12,1341.23,1345.87,570520600
2021-09-17,VNINDEX,1347.66,1356.45,1347.13,1352.64,813151300
2021-09-20,VNINDEX,1361.12,1365.92,1349.18,1350.48,852479800
2021-09-21,VNINDEX,1335.96,1350.48,1324.82,1339.84,816979400
2021-09-22,VNINDEX,1343.89,1350.71,1336.63,1350.68,727734800
2021-09-23,VNINDEX,1357.65,1361.09,1350.43,1352.76,961252500
2021-09-24,VNINDEX,1354.84,1356.97,1348.07,1351.17,627564000
2021-09-27,VNINDEX,1353.39,1354.38,1324.99,1324.99,720860100
2021-09-28,VNINDEX,1319.53,1341.81,1316.41,1339.31,584057900
2021-09-29,VNINDEX,1338.8,1340.9,1328.17,1339.21,559164300
2021-09-30,VNINDEX,1341.83,1348.89,1341.15,1342.06,438294600
2021-10-01,VNINDEX,1339.68,1344.06,1332.97,1334.89,601963900
2021-10-04,VNINDEX,1337.74,1347.49,1334.4,1339.54,700605800
2021-10-05,VNINDEX,1345.43,1354.63,1343.48,1354.63,576701100
2021-10-06,VNINDEX,1359.63,1362.82,1354.63,1362.82,594012900
2021-10-07,VNINDEX,1365.54,1367.64,1360.57,1365.99,658670400
2021-10-08,VNINDEX,1365.99,1373.18,1365.93,1372.73,603842600
2021-10-11,VNINDEX,1377.53,1394.64,1377.3,1394.09,721458300
2021-10-12,VNINDEX,1398.03,1400.78,1389.43,1394.8,707870000
2021-10-13,VNINDEX,1398.21,1400.67,1389.61,1391.91,608348500
2021-10-14,VNINDEX,1392.88,1398.67,1388.89,1391.85,690243000
2021-10-15,VNINDEX,1395.81,1399.03,1388.0,1392.7,743666800
2021-10-18,VNINDEX,1395.57,1402.63,1390.88,1395.53,764032400
2021-10-19,VNINDEX,1395.53,1399.66,1388.95,1395.33,605953600
2021-10-20,VNINDEX,1398.45,1401.76,1376.15,1393.8,804215000
2021-10-21,VNINDEX,1397.59,1398.45,1384.77,1384.77,681412600
2021-10-22,VNINDEX,1388.66,1393.7,1384.77,1389.24,746799700
2021-10-25,VNINDEX,1395.45,1395.72,1385.4,1385.4,868073700
2021-10-26,VNINDEX,1384.12,1393.03,1377.56,1391.63,703571700
2021-10-27,VNINDEX,1397.51,1423.02,1395.83,1423.02,800311500
2021-10-28,VNINDEX,1427.89,1440.64,1420.42,1438.01,826726500
2021-10-29,VNINDEX,1439.27,1447.62,1432.19,1444.27,946189100
2021-11-01,VNINDEX,1449.32,1451.81,1435.57,1438.97,1092936400
2021-11-02,VNINDEX,1439.61,1452.46,1438.83,1452.46,972155400
2021-11-03,VNINDEX,1460.44,1463.63,1444.3,1444.3,1455441700
2021-11-04,VNINDEX,1442.89,1451.98,1435.84,1448.34,890357900
2021-11-05,VNINDEX,1450.71,1459.49,1444.51,1456.51,844497200
2021-11-08,VNINDEX,1461.61,1470.49,1456.51,1467.57,1006323900
2021-11-09,VNINDEX,1469.94,1474.2,1457.57,1461.5,1003649300
2021-11-10,VNINDEX,1465.1,1470.19,1457.98,1465.02,955160600
2021-11-11,VNINDEX,1469.22,1472.89,1449.18,1462.35,1206136500
2021-11-12,VNINDEX,1462.35,1474.57,1453.22,1473.37,909366000
2021-11-15,VNINDEX,1481.75,1481.96,1466.01,1476.57,1146225600
2021-11-16,VNINDEX,1472.82,1476.97,1459.08,1466.45,1157402400
2021-11-17,VNINDEX,1467.08,1477.04,1464.78,1475.85,828629100
2021-11-18,VNINDEX,1479.39,1482.87,1469.83,1469.83,1052200900
2021-11-19,VNINDEX,1474.11,1481.53,1436.81,1452.35,1488280938
2021-11-22,VNINDEX,1453.35,1466.46,1442.85,1447.25,1209419000
2021-11-23,VNINDEX,1442.66,1463.63,1438.41,1463.63,839875300
2021-11-24,VNINDEX,1470.66,1491.05,1467.29,1488.87,1073235900
2021-11-25,VNINDEX,1496.41,1505.36,1490.32,1500.81,953098400
2021-11-26,VNINDEX,1506.69,1511.68,1488.83,1493.03,971244600
2021-11-29,VNINDEX,1467.48,1488.93,1467.35,1484.84,983072000
2021-11-30,VNINDEX,1500.24,1503.09,1471.57,1478.44,956469900
2021-12-01,VNINDEX,1477.85,1487.68,1471.3,1485.19,837551800
2021-12-02,VNINDEX,1489.12,1493.84,1482.05,1482.05,745629400
2021-12-03,VNINDEX,1489.54,1491.2,1443.32,1443.32,925225200
2021-12-06,VNINDEX,1446.28,1452.55,1400.87,1413.58,951815100
2021-12-07,VNINDEX,1426.88,1446.77,1421.6,1446.77,691695900
2021-12-08,VNINDEX,1446.77,1460.28,1446.77,1452.87,732009400
2021-12-09,VNINDEX,1447.59,1467.98,1446.88,1467.98,631261500
2021-12-10,VNINDEX,1469.83,1475.85,1469.68,1463.54,780120100
2021-12-13,VNINDEX,1471.96,1481.7,1470.08,1476.21,815155200
2021-12-14,VNINDEX,1476.82,1485.14,1469.21,1476.02,914795700
2021-12-15,VNINDEX,1476.43,1481.67,1468.21,1475.5,861484300
2021-12-16,VNINDEX,1481.85,1482.32,1468.95,1476.61,889612700
2021-12-17,VNINDEX,1481.76,1487.73,1479.79,1479.79,1065320100
2021-12-20,VNINDEX,1483.85,1483.85,1468.88,1477.33,906869900
2021-12-21,VNINDEX,1474.87,1486.09,1472.43,1478.74,866421100
2021-12-22,VNINDEX,1484.9,1489.24,1471.84,1477.67,1031093800
2021-12-23,VNINDEX,1479.46,1481.21,1447.14,1456.96,1213160700
2021-12-24,VNINDEX,1463.1,1478.8,1456.32,1477.03,855008900
2021-12-27,VNINDEX,1483.64,1490.12,1469.91,1488.88,715824500
2021-12-28,VNINDEX,1494.9,1499.77,1483.97,1494.39,933584700
2021-12-29,VNINDEX,1497.86,1498.91,1485.82,1485.82,793769800
2021-12-30,VNINDEX,1490.96,1493.38,1484.82,1485.97,724365200
2021-12-31,VNINDEX,1490.17,1499.07,1489.71,1498.28,846534300
2022-01-04,VNINDEX,1508.55,1526.69,1507.19,1525.58,839676500
2022-01-05,VNINDEX,1529.06,1535.82,1522.5,1522.5,987023800
2022-01-06,VNINDEX,1519.72,1536.24,1518.18,1528.57,1087239800
2022-01-07,VNINDEX,1534.1,1534.52,1524.96,1528.48,951525400
2022-01-10,VNINDEX,1528.74,1536.45,1503.71,1503.71,1210539300
2022-01-11,VNINDEX,1505.04,1512.05,1488.4,1492.31,1157618000
2022-01-12,VNINDEX,1489.11,1510.51,1464.49,1510.51,1104610300
2022-01-13,VNINDEX,1518.44,1522.6,1495.13,1496.05,977115800
2022-01-14,VNINDEX,1486.91,1503.25,1476.68,1496.02,734088500
2022-01-17,VNINDEX,1498.83,1503.86,1452.84,1452.84,926487900
2022-01-18,VNINDEX,1439.29,1452.14,1424.65,1438.94,691087800
2022-01-19,VNINDEX,1438.95,1449.11,1434.46,1442.79,557995700
2022-01-20,VNINDEX,1438.98,1469.08,1432.58,1465.3,762449400
2022-01-21,VNINDEX,1471.9,1477.23,1463.06,1472.89,784569900
2022-01-24,VNINDEX,1465.94,1467.99,1432.18,1439.71,796675500
2022-01-25,VNINDEX,1431.51,1479.58,1424.36,1479.58,706092300
2022-01-26,VNINDEX,1484.73,1490.45,1478.41,1481.58,767576600
2022-01-27,VNINDEX,1477.15,1486.39,1464.06,1470.76,419526600
2022-01-28,VNINDEX,1469.54,1484.48,1465.22,1478.96,663924300
2022-02-07,VNINDEX,1499.27,1505.69,1493.89,1497.66,551698200
2022-02-08,VNINDEX,1496.53,1503.33,1491.78,1500.99,697228100
2022-02-09,VNINDEX,1500.78,1511.72,1499.53,1505.38,754188100
2022-02-10,VNINDEX,1510.66,1512.88,1495.7,1506.79,628938000
2022-02-11,VNINDEX,1503.37,1508.54,1499.06,1501.71,577407200
2022-02-14,VNINDEX,1485.75,1495.99,1471.96,1471.96,751563900
2022-02-15,VNINDEX,1473.92,1495.56,1470.06,1492.75,572156100
2022-02-16,VNINDEX,1499.03,1499.5,1486.68,1492.1,617187300
2022-02-17,VNINDEX,1492.56,1507.99,1492.49,1507.99,588111300
2022-02-18,VNINDEX,1494.3,1507.29,1492.38,1504.84,672537800
2022-02-21,VNINDEX,1504.96,1516.63,1500.97,1510.84,737693400
2022-02-22,VNINDEX,1497.46,1506.38,1484.81,1503.47,875383700
2022-02-23,VNINDEX,1509.42,1520.78,1507.37,1512.3,660165300
2022-02-24,VNINDEX,1511.84,1513.25,1473.76,1494.85,976540200
2022-02-25,VNINDEX,1504.37,1512.05,1498.89,1498.89,736050400
2022-02-28,VNINDEX,1499.31,1502.36,1487.57,1490.13,693212400
2022-03-01,VNINDEX,1493.41,1501.73,1491.48,1498.78,796368600
2022-03-02,VNINDEX,1499.37,1500.41,1479.55,1485.52,914957200
2022-03-03,VNINDEX,1492.42,1505.0,1487.69,1505.0,902783400
2022-03-04,VNINDEX,1506.79,1509.19,1501.39,1505.33,873323700
2022-03-07,VNINDEX,1500.65,1505.32,1493.87,1499.05,941752700
2022-03-08,VNINDEX,1487.37,1499.05,1473.71,1473.71,910692600
2022-03-09,VNINDEX,1478.16,1482.86,1462.8,1473.74,888352600
2022-03-10,VNINDEX,1476.76,1488.59,1476.76,1479.08,629092200
2022-03-11,VNINDEX,1478.23,1480.29,1458.88,1466.54,855643700
2022-03-14,VNINDEX,1459.28,1466.54,1439.19,1446.25,815892100
2022-03-15,VNINDEX,1445.05,1453.07,1437.27,1452.74,641644500
2022-03-16,VNINDEX,1459.97,1462.98,1453.91,1459.33,544662700
2022-03-17,VNINDEX,1466.56,1467.74,1459.14,1461.34,683175800
2022-03-18,VNINDEX,1466.14,1474.86,1465.57,1469.1,745610800
2022-03-21,VNINDEX,1474.78,1494.95,1469.1,1494.95,727377200
2022-03-22,VNINDEX,1500.08,1507.71,1498.48,1503.78,905037000
2022-03-23,VNINDEX,1505.76,1513.9,1501.67,1502.34,788727300
2022-03-24,VNINDEX,1504.3,1505.39,1495.18,1498.26,753772900
2022-03-25,VNINDEX,1500.17,1503.29,1494.55,1498.5,724086800
2022-03-28,VNINDEX,1490.44,1496.79,1473.8,1483.18,988930700
2022-03-29,VNINDEX,1485.22,1498.45,1485.22,1497.76,687922600
2022-03-30,VNINDEX,1492.15,1503.89,1483.9,1490.51,880911900
2022-03-31,VNINDEX,1492.5,1498.41,1488.27,1492.15,633286300
2022-04-01,VNINDEX,1489.47,1516.87,1484.13,1516.44,881661100
2022-04-04,VNINDEX,1530.02,1530.95,1522.82,1524.7,734587100
2022-04-05,VNINDEX,1521.37,1527.57,1519.28,1520.03,663110500
2022-04-06,VNINDEX,1513.17,1523.75,1507.62,1522.9,912695000
2022-04-07,VNINDEX,1524.12,1524.92,1502.35,1502.35,763664700
2022-04-08,VNINDEX,1501.61,1507.73,1482.0,1482.0,741103600
2022-04-12,VNINDEX,1487.86,1490.58,1455.25,1455.25,656188800
2022-04-13,VNINDEX,1459.48,1477.2,1448.52,1477.2,636344500
2022-04-14,VNINDEX,1481.5,1484.34,1471.75,1472.12,498914000
2022-04-15,VNINDEX,1470.53,1478.95,1456.39,1458.56,639722900
2022-04-18,VNINDEX,1456.47,1456.47,1425.07,1432.6,790646000
2022-04-19,VNINDEX,1435.78,1442.04,1406.45,1406.45,666337000
2022-04-20,VNINDEX,1401.63,1410.64,1384.72,1384.72,652803300
2022-04-21,VNINDEX,1369.8,1392.33,1356.58,1370.21,741348500
2022-04-22,VNINDEX,1378.28,1392.89,1352.43,1379.23,799750600
2022-04-25,VNINDEX,1377.75,1382.13,1298.38,1310.92,696873600
2022-04-26,VNINDEX,1285.4,1341.34,1261.4,1341.34,673169600
2022-04-27,VNINDEX,1340.07,1355.92,1314.81,1353.77,485406800
2022-04-28,VNINDEX,1353.71,1358.07,1344.17,1350.99,458334600
2022-04-29,VNINDEX,1350.77,1369.31,1343.24,1366.8,532838100
2022-05-04,VNINDEX,1366.11,1366.39,1348.68,1348.68,498884800
2022-05-05,VNINDEX,1361.62,1362.18,1331.41,1360.68,510234300
2022-05-06,VNINDEX,1336.05,1350.09,1328.13,1329.26,510678900
2022-05-09,VNINDEX,1312.5,1314.52,1265.54,1269.62,627609200
2022-05-10,VNINDEX,1262.03,1293.56,1232.57,1293.56,600766800
2022-05-11,VNINDEX,1293.56,1305.17,1277.91,1301.53,380880400
2022-05-12,VNINDEX,1290.04,1291.65,1238.05,1238.84,516642600
2022-05-13,VNINDEX,1234.82,1237.8,1180.6,1182.77,736096200
2022-05-16,VNINDEX,1208.29,1215.96,1170.59,1171.95,551353400
2022-05-17,VNINDEX,1163.43,1228.37,1156.54,1228.37,542868100
2022-05-18,VNINDEX,1240.06,1249.84,1222.92,1240.76,514538800
2022-05-19,VNINDEX,1210.43,1246.66,1210.43,1241.64,459858400
2022-05-20,VNINDEX,1240.72,1252.96,1232.33,1240.71,465793600
2022-05-23,VNINDEX,1246.56,1246.58,1207.99,1218.81,488979100
2022-05-24,VNINDEX,1218.79,1233.38,1203.28,1233.38,479498700
2022-05-25,VNINDEX,1238.52,1268.43,1234.17,1268.43,616951500
2022-05-26,VNINDEX,1271.01,1278.11,1261.55,1268.57,514352700
2022-05-27,VNINDEX,1270.56,1286.99,1269.29,1285.45,578174500
2022-05-30,VNINDEX,1287.21,1296.22,1281.27,1293.92,499452600
2022-05-31,VNINDEX,1293.26,1297.64,1280.44,1292.68,543596100
2022-06-01,VNINDEX,1289.56,1302.25,1286.01,1299.52,505619500
2022-06-02,VNINDEX,1300.66,1302.66,1283.32,1288.62,527933000
2022-06-03,VNINDEX,1288.15,1292.78,1276.37,1287.98,393832200
2022-06-06,VNINDEX,1289.44,1302.14,1281.95,1290.01,541562900
2022-06-07,VNINDEX,1285.07,1291.35,1260.92,1291.35,625987600
2022-06-08,VNINDEX,1297.56,1316.78,1294.27,1307.91,543305900
2022-06-09,VNINDEX,1310.11,1312.44,1300.85,1307.8,436340700
2022-06-10,VNINDEX,1298.78,1309.59,1284.08,1284.08,561068400
2022-06-13,VNINDEX,1251.08,1261.54,1226.01,1227.04,709415500
2022-06-14,VNINDEX,1213.44,1239.36,1211.13,1230.31,519177100
2022-06-15,VNINDEX,1231.35,1235.56,1195.19,1213.93,626914600
2022-06-16,VNINDEX,1226.96,1246.32,1223.0,1236.63,522295400
2022-06-17,VNINDEX,1209.74,1220.41,1191.92,1217.3,684022500
2022-06-20,VNINDEX,1218.37,1221.6,1180.4,1180.4,620002900
2022-06-21,VNINDEX,1172.74,1189.97,1162.94,1172.47,607711900
2022-06-22,VNINDEX,1180.11,1185.86,1162.98,1169.27,529135300
2022-06-23,VNINDEX,1162.06,1188.88,1162.06,1188.88,380442900
2022-06-24,VNINDEX,1190.69,1196.85,1185.48,1185.48,410876800
2022-06-27,VNINDEX,1185.48,1203.51,1185.48,1202.82,429735700
2022-06-28,VNINDEX,1202.41,1221.74,1198.99,1218.1,534186600
2022-06-29,VNINDEX,1208.22,1219.58,1207.38,1218.09,519299900
2022-06-30,VNINDEX,1218.85,1220.51,1197.6,1197.6,471576000
2022-07-01,VNINDEX,1193.09,1202.41,1170.95,1198.9,498479000
2022-07-04,VNINDEX,1206.47,1208.96,1192.63,1195.53,403314600
2022-07-05,VNINDEX,1198.59,1200.99,1181.29,1181.29,559493000
2022-07-06,VNINDEX,1167.25,1175.26,1147.63,1149.61,511773800
2022-07-07,VNINDEX,1148.33,1166.48,1142.8,1166.48,362816600
2022-07-08,VNINDEX,1174.53,1177.18,1164.23,1171.31,437189300
2022-07-11,VNINDEX,1165.6,1165.6,1144.55,1155.29,488732000
2022-07-12,VNINDEX,1154.4,1174.82,1153.55,1174.82,475429100
2022-07-13,VNINDEX,1173.46,1182.21,1170.92,1173.92,522379700
2022-07-14,VNINDEX,1170.7,1182.17,1170.04,1182.17,490512400
2022-07-15,VNINDEX,1183.43,1189.66,1178.12,1179.25,543854200
2022-07-18,VNINDEX,1184.74,1184.93,1174.7,1176.49,480514500
2022-07-19,VNINDEX,1176.48,1180.46,1168.99,1178.33,479006800
2022-07-20,VNINDEX,1188.51,1198.63,1185.82,1194.14,601098600
2022-07-21,VNINDEX,1194.89,1201.91,1194.89,1198.47,500949000
2022-07-22,VNINDEX,1199.65,1202.69,1194.76,1194.76,448428100
2022-07-25,VNINDEX,1191.43,1198.16,1184.32,1188.5,410066000
2022-07-26,VNINDEX,1189.42,1194.15,1184.44,1185.07,388328300
2022-07-27,VNINDEX,1184.74,1191.04,1178.58,1191.04,387799200
2022-07-28,VNINDEX,1191.19,1214.03,1191.19,1208.12,620546700
2022-07-29,VNINDEX,1214.48,1217.84,1206.33,1206.33,537058300
2022-08-01,VNINDEX,1206.46,1231.35,1206.46,1231.35,681871300
2022-08-02,VNINDEX,1230.34,1241.91,1224.11,1241.62,734388200
2022-08-03,VNINDEX,1233.86,1250.2,1232.41,1249.76,702358600
2022-08-04,VNINDEX,1252.49,1257.38,1247.38,1254.15,655935800
2022-08-05,VNINDEX,1250.25,1253.75,1245.05,1252.74,604391400
2022-08-08,VNINDEX,1252.36,1258.84,1252.04,1256.75,634015600
2022-08-09,VNINDEX,1256.75,1263.14,1252.84,1258.85,655262300
2022-08-10,VNINDEX,1255.69,1260.36,1253.89,1256.5,584384800
2022-08-11,VNINDEX,1261.91,1268.03,1245.85,1252.07,765336500
2022-08-12,VNINDEX,1250.76,1262.33,1248.65,1262.33,508817800
2022-08-15,VNINDEX,1268.56,1274.24,1268.02,1274.2,585580500
2022-08-16,VNINDEX,1274.18,1275.93,1271.11,1274.69,572322300
2022-08-17,VNINDEX,1276.76,1280.61,1271.97,1275.28,644581600
2022-08-18,VNINDEX,1273.45,1283.15,1268.64,1273.66,558424300
2022-08-19,VNINDEX,1272.04,1280.0,1263.45,1269.18,568209800
2022-08-22,VNINDEX,1268.52,1270.57,1255.83,1260.43,566785900
2022-08-23,VNINDEX,1253.45,1270.81,1253.45,1270.81,520796300
2022-08-24,VNINDEX,1275.57,1280.36,1272.33,1277.16,519810800
2022-08-25,VNINDEX,1279.45,1289.18,1279.45,1288.88,562124700
2022-08-26,VNINDEX,1291.29,1295.12,1280.05,1282.57,614354500
2022-08-29,VNINDEX,1271.56,1271.56,1249.17,1270.8,793997300
2022-08-30,VNINDEX,1271.01,1287.65,1271.01,1279.39,473770000
2022-08-31,VNINDEX,1276.65,1285.29,1274.99,1280.51,462420100
2022-09-05,VNINDEX,1280.34,1285.7,1275.35,1277.35,466166300
2022-09-06,VNINDEX,1279.58,1286.92,1277.4,1277.4,537987600
2022-09-07,VNINDEX,1274.68,1275.07,1243.17,1243.17,796593600
2022-09-08,VNINDEX,1251.22,1251.36,1234.6,1234.6,557779800
2022-09-09,VNINDEX,1241.26,1248.78,1228.54,1248.78,542039800
2022-09-12,VNINDEX,1255.16,1257.8,1248.97,1249.62,390724400
2022-09-13,VNINDEX,1251.1,1252.35,1243.87,1248.4,410707400
2022-09-14,VNINDEX,1229.76,1242.17,1228.51,1240.77,574337900
2022-09-15,VNINDEX,1246.92,1250.93,1243.45,1245.66,385727500
2022-09-16,VNINDEX,1243.15,1246.17,1230.37,1234.03,594453000
2022-09-19,VNINDEX,1231.8,1233.46,1202.07,1205.43,641804000
2022-09-20,VNINDEX,1212.08,1218.93,1199.71,1218.93,412723400
2022-09-21,VNINDEX,1213.2,1217.28,1204.68,1210.55,325527500
2022-09-22,VNINDEX,1200.34,1214.7,1196.64,1214.7,435982100
2022-09-23,VNINDEX,1214.81,1216.59,1201.45,1203.28,443208000
2022-09-26,VNINDEX,1186.41,1190.27,1159.12,1174.35,701894100
2022-09-27,VNINDEX,1177.66,1180.75,1166.44,1166.54,415135800
2022-09-28,VNINDEX,1158.6,1162.6,1142.79,1143.62,496730000
2022-09-29,VNINDEX,1149.78,1159.49,1126.07,1126.07,415993300
2022-09-30,VNINDEX,1116.11,1135.47,1099.44,1132.11,612447100
2022-10-03,VNINDEX,1124.46,1126.46,1079.86,1086.44,501911900
2022-10-04,VNINDEX,1095.73,1100.42,1069.74,1078.14,513862500
2022-10-05,VNINDEX,1092.08,1110.21,1092.08,1104.26,396842100
2022-10-06,VNINDEX,1105.31,1106.97,1072.57,1074.52,499954800
2022-10-07,VNINDEX,1060.58,1062.23,1022.38,1035.91,788668100
2022-10-10,VNINDEX,1022.22,1051.02,1012.94,1042.48,541876100
2022-10-11,VNINDEX,1036.48,1036.48,998.64,1006.2,580908400
2022-10-12,VNINDEX,1006.74,1039.44,1002.89,1034.81,532825500
2022-10-13,VNINDEX,1034.48,1050.99,1025.04,1050.99,402643700
2022-10-14,VNINDEX,1063.07,1068.12,1055.29,1061.85,506303900
2022-10-17,VNINDEX,1053.64,1054.05,1033.59,1051.58,435723100
2022-10-18,VNINDEX,1065.6,1071.74,1057.71,1063.66,466433900
2022-10-19,VNINDEX,1065.24,1065.99,1052.29,1060.07,345418600
2022-10-20,VNINDEX,1056.14,1065.28,1048.21,1058.45,352502000
2022-10-21,VNINDEX,1059.09,1059.09,1013.69,1019.82,642204900
2022-10-24,VNINDEX,1019.84,1023.51,977.41,986.15,547149700
2022-10-25,VNINDEX,980.47,1011.39,962.45,997.7,670274300
2022-10-26,VNINDEX,1000.74,1004.55,984.71,993.36,352376800
2022-10-27,VNINDEX,994.82,1028.01,990.48,1028.01,572328800
2022-10-28,VNINDEX,1036.27,1044.57,1026.53,1027.36,515678600
2022-10-31,VNINDEX,1028.24,1030.32,1005.0,1027.94,581502900
2022-11-01,VNINDEX,1029.05,1043.53,1027.39,1033.75,575844000
2022-11-02,VNINDEX,1033.04,1034.73,1018.64,1023.19,488346900
2022-11-03,VNINDEX,1011.41,1023.95,1010.65,1019.81,404442900
2022-11-04,VNINDEX,1008.23,1009.96,974.61,997.15,694725300
2022-11-07,VNINDEX,991.01,996.18,969.61,975.19,534028100
2022-11-08,VNINDEX,960.93,981.86,956.97,981.65,542477500
2022-11-09,VNINDEX,983.36,994.79,977.93,985.59,466326400
2022-11-10,VNINDEX,975.97,976.31,935.78,947.24,637622500
2022-11-11,VNINDEX,954.95,966.7,949.49,954.53,646268900
2022-11-14,VNINDEX,939.94,945.29,923.53,941.04,599309300
2022-11-15,VNINDEX,925.86,929.06,900.17,911.9,589099000
2022-11-16,VNINDEX,883.65,945.42,873.78,942.9,934066100
2022-11-17,VNINDEX,952.91,972.88,950.9,969.26,589567300
2022-11-18,VNINDEX,968.05,971.77,939.73,969.33,833798300
2022-11-21,VNINDEX,972.17,973.19,956.77,960.65,522726700
2022-11-22,VNINDEX,953.78,985.28,948.52,952.12,978732600
2022-11-23,VNINDEX,947.44,958.61,942.02,946.0,488928200
2022-11-24,VNINDEX,942.86,950.03,934.31,947.71,482211800
2022-11-25,VNINDEX,955.58,971.46,955.53,971.46,554366400
2022-11-28,VNINDEX,979.68,1006.22,979.48,1005.69,872397100
2022-11-29,VNINDEX,1008.85,1032.16,998.56,1032.16,1101690200
2022-11-30,VNINDEX,1037.44,1048.42,1021.54,1048.42,956511200
2022-12-01,VNINDEX,1057.72,1066.28,1035.62,1036.28,1263330500
2022-12-02,VNINDEX,1032.75,1080.01,1030.81,1080.01,1014241900
2022-12-05,VNINDEX,1090.97,1099.45,1082.59,1093.67,1112166800
2022-12-06,VNINDEX,1090.64,1090.64,1048.69,1048.69,1356936200
2022-12-07,VNINDEX,1046.72,1059.79,1034.92,1041.02,827948300
2022-12-08,VNINDEX,1051.58,1078.09,1045.98,1050.53,873712400
2022-12-09,VNINDEX,1056.69,1061.21,1041.39,1051.81,725636400
2022-12-12,VNINDEX,1059.43,1065.16,1032.07,1032.07,808782100
2022-12-13,VNINDEX,1035.28,1047.45,1026.3,1047.45,735828900
2022-12-14,VNINDEX,1062.18,1062.18,1046.43,1050.43,667860400
2022-12-15,VNINDEX,1049.16,1062.61,1049.06,1055.32,665769400
2022-12-16,VNINDEX,1048.62,1064.79,1047.16,1052.48,790237300
2022-12-19,VNINDEX,1052.13,1065.59,1038.4,1038.4,852324700
2022-12-20,VNINDEX,1036.01,1038.74,1010.08,1023.13,954038800
2022-12-21,VNINDEX,1033.34,1033.84,1005.43,1018.88,703570400
2022-12-22,VNINDEX,1026.49,1033.18,1016.54,1022.61,531712600
2022-12-23,VNINDEX,1023.92,1027.34,1013.2,1020.34,423823400
2022-12-26,VNINDEX,1020.34,1021.89,985.21,985.21,566850100
2022-12-27,VNINDEX,986.07,1007.88,984.39,1004.57,507205800
2022-12-28,VNINDEX,1008.81,1020.52,998.97,1015.66,392271900
2022-12-29,VNINDEX,1015.39,1021.96,1009.29,1009.29,371300500
2022-12-30,VNINDEX,1017.25,1017.99,1007.09,1007.09,344378600
