customer_id,customer_type,risk_level,investment_horizon,account_open_date,portfolio_value,cash_balance
CUS000001,INDIVIDUAL,MEDIUM,LONG,2015-08-09,70958000,133387983
CUS000002,INDIVIDUAL,MEDIUM,MEDIUM,2019-03-20,394138000,200065101
CUS000003,INDIVIDUAL,HIGH,SHORT,2020-12-11,220255000,7540132
CUS000004,INDIVIDUAL,HIGH,MEDIUM,2015-11-08,25536000,13388766
CUS000005,INDIVIDUAL,MEDIUM,SHORT,2020-09-11,103136000,48788875
CUS000006,INDIVIDUAL,LOW,SHORT,2017-12-17,345296000,65653342
CUS000007,INDIVIDUAL,MEDIUM,MEDIUM,2021-07-29,61958000,75480339
CUS000008,INDIVIDUAL,MEDIUM,MEDIUM,2020-10-02,100457000,42473563
CUS000009,INSTITUTION,HIGH,SHORT,2016-05-09,10247777000,557774205
CUS000010,INDIVIDUAL,LOW,LONG,2018-05-15,65256000,8462854
CUS000011,INDIVIDUAL,LOW,LONG,2016-04-24,1397852000,1544763391
CUS000012,INDIVIDUAL,HIGH,MEDIUM,2017-07-28,29276000,80776329
CUS000013,INDIVIDUAL,LOW,LONG,2019-05-09,95996000,359208196
CUS000014,INDIVIDUAL,MEDIUM,MEDIUM,2022-02-25,226249000,57685593
CUS000015,INDIVIDUAL,MEDIUM,MEDIUM,2021-02-26,58242000,56233759
CUS000016,INDIVIDUAL,MEDIUM,SHORT,2021-04-16,150318000,407754334
CUS000017,INDIVIDUAL,LOW,LONG,2017-07-02,109706000,111357143
CUS000018,INDIVIDUAL,MEDIUM,MEDIUM,2019-07-19,1018896000,1334311131
CUS000019,INDIVIDUAL,MEDIUM,SHORT,2021-11-10,130411000,76827134
CUS000020,INDIVIDUAL,HIGH,MEDIUM,2019-10-07,190145000,104830840
CUS000021,INDIVIDUAL,MEDIUM,SHORT,2020-03-02,7023000,102419376
CUS000022,INDIVIDUAL,HIGH,SHORT,2014-10-02,109754000,325290024
CUS000023,INDIVIDUAL,HIGH,LONG,2021-01-07,23490000,24843903
CUS000024,INDIVIDUAL,LOW,LONG,2016-07-11,238852000,68415904
CUS000025,INDIVIDUAL,MEDIUM,SHORT,2021-03-04,205684000,8450779
CUS000026,INDIVIDUAL,LOW,LONG,2021-10-14,75420000,54398085
CUS000027,INDIVIDUAL,MEDIUM,LONG,2021-06-21,23320000,29266303
CUS000028,INDIVIDUAL,LOW,SHORT,2017-11-13,22405000,48855200
CUS000029,INDIVIDUAL,LOW,SHORT,2022-02-24,214575000,15389430
CUS000030,INDIVIDUAL,MEDIUM,SHORT,2022-08-09,64215000,82274159
CUS000031,INDIVIDUAL,HIGH,SHORT,2018-04-24,43952000,196476026
CUS000032,INDIVIDUAL,MEDIUM,SHORT,2022-06-08,264495000,227976131
CUS000033,INDIVIDUAL,HIGH,SHORT,2019-09-30,1123426000,402939032
CUS000034,INDIVIDUAL,MEDIUM,MEDIUM,2018-09-01,34773000,15499710
CUS000035,INDIVIDUAL,MEDIUM,SHORT,2021-12-15,49213000,121005018
CUS000036,INDIVIDUAL,HIGH,SHORT,2021-02-02,19170000,12305088
CUS000037,INDIVIDUAL,HIGH,SHORT,2022-08-30,21336000,394514084
CUS000038,INDIVIDUAL,HIGH,SHORT,2018-06-30,69570000,7150960
CUS000039,INDIVIDUAL,MEDIUM,LONG,2020-08-28,323632000,141324144
CUS000040,INDIVIDUAL,LOW,MEDIUM,2022-10-13,12546000,279177691
CUS000041,INDIVIDUAL,HIGH,MEDIUM,2014-04-17,198400000,71708318
CUS000042,INDIVIDUAL,HIGH,SHORT,2020-06-18,72070000,23283925
CUS000043,INDIVIDUAL,MEDIUM,LONG,2021-04-19,382754000,231767197
CUS000044,INDIVIDUAL,MEDIUM,SHORT,2018-02-07,101615000,17913717
CUS000045,INDIVIDUAL,MEDIUM,SHORT,2014-05-20,76636000,142246453
CUS000046,INDIVIDUAL,LOW,LONG,2014-12-02,1023190000,153004297
CUS000047,INDIVIDUAL,LOW,MEDIUM,2019-03-21,46114000,37746974
CUS000048,INDIVIDUAL,LOW,SHORT,2019-08-01,1313283000,197922470
CUS000049,INDIVIDUAL,MEDIUM,MEDIUM,2019-06-26,119352000,355914141
CUS000050,INDIVIDUAL,MEDIUM,SHORT,2022-01-18,22032000,57721473
CUS000051,INDIVIDUAL,LOW,LONG,2017-06-13,104600000,801092247
CUS000052,INDIVIDUAL,MEDIUM,MEDIUM,2021-08-24,465959000,1029309334
CUS000053,INDIVIDUAL,MEDIUM,SHORT,2019-12-17,20300000,13612908
CUS000054,INDIVIDUAL,MEDIUM,SHORT,2018-03-15,77659000,56700496
CUS000055,INDIVIDUAL,HIGH,SHORT,2021-07-27,109656000,106540219
CUS000056,INDIVIDUAL,HIGH,SHORT,2022-10-06,77119000,20179218
CUS000057,INDIVIDUAL,HIGH,SHORT,2021-06-24,99923000,86721887
CUS000058,INDIVIDUAL,LOW,SHORT,2022-07-21,867089000,850203231
CUS000059,INDIVIDUAL,MEDIUM,LONG,2021-11-19,21648000,63476740
CUS000060,INDIVIDUAL,HIGH,SHORT,2016-11-02,245468000,48219849
CUS000061,INDIVIDUAL,MEDIUM,MEDIUM,2018-05-08,63841000,248169601
CUS000062,INDIVIDUAL,LOW,LONG,2020-06-22,143061000,104621569
CUS000063,INDIVIDUAL,MEDIUM,SHORT,2022-09-29,784852000,148930368
CUS000064,INDIVIDUAL,LOW,LONG,2017-11-26,227560000,69569503
CUS000065,INDIVIDUAL,MEDIUM,LONG,2020-11-18,219979000,97440217
CUS000066,INDIVIDUAL,LOW,SHORT,2022-03-09,19596000,44184383
CUS000067,INDIVIDUAL,MEDIUM,MEDIUM,2022-05-20,189227000,90578962
CUS000068,INDIVIDUAL,MEDIUM,LONG,2014-11-11,97232000,371646950
CUS000069,INDIVIDUAL,LOW,MEDIUM,2022-06-28,181587000,197176930
CUS000070,INDIVIDUAL,LOW,MEDIUM,2016-08-19,457078000,130195743
CUS000071,INDIVIDUAL,MEDIUM,MEDIUM,2016-08-30,32592000,54336271
CUS000072,INDIVIDUAL,LOW,MEDIUM,2021-05-10,531774000,345536135
CUS000073,INDIVIDUAL,HIGH,SHORT,2019-07-12,340922000,999446101
CUS000074,INSTITUTION,HIGH,LONG,2014-01-17,3059652000,281297721
CUS000075,INSTITUTION,LOW,SHORT,2019-07-12,25927859000,1234427175
CUS000076,INDIVIDUAL,MEDIUM,LONG,2020-12-04,65984000,18033161
CUS000077,INSTITUTION,LOW,LONG,2022-10-28,5618012000,6045667246
CUS000078,INDIVIDUAL,MEDIUM,MEDIUM,2014-04-02,70209000,266478529
CUS000079,INSTITUTION,LOW,MEDIUM,2022-10-12,6706833000,4565930504
CUS000080,INDIVIDUAL,HIGH,SHORT,2016-11-23,1103872000,1269530724
CUS000081,INDIVIDUAL,LOW,SHORT,2021-08-31,1072515000,817529131
CUS000082,INDIVIDUAL,MEDIUM,MEDIUM,2018-06-28,424232000,587787605
CUS000083,INDIVIDUAL,MEDIUM,MEDIUM,2022-03-04,137601000,136375198
CUS000084,INDIVIDUAL,MEDIUM,SHORT,2015-01-14,436845000,36660096
CUS000085,INSTITUTION,LOW,MEDIUM,2021-03-24,5782089000,1457649838
CUS000086,INDIVIDUAL,MEDIUM,SHORT,2020-08-04,72123000,37264532
CUS000087,INDIVIDUAL,MEDIUM,MEDIUM,2016-12-05,114246000,16819004
CUS000088,INDIVIDUAL,HIGH,MEDIUM,2020-04-03,1171694000,411542975
CUS000089,INDIVIDUAL,HIGH,MEDIUM,2014-01-27,83774000,15985291
CUS000090,INDIVIDUAL,HIGH,SHORT,2020-08-12,139051000,40870757
CUS000091,INDIVIDUAL,MEDIUM,LONG,2016-06-09,30803000,122638773
CUS000092,INDIVIDUAL,LOW,SHORT,2014-09-22,15387000,26386005
CUS000093,INDIVIDUAL,HIGH,SHORT,2019-08-05,190464000,93553138
CUS000094,INDIVIDUAL,HIGH,SHORT,2022-10-07,7506000,8285181
CUS000095,INDIVIDUAL,MEDIUM,SHORT,2018-05-24,13360000,133343068
CUS000096,INDIVIDUAL,LOW,SHORT,2021-02-08,34049000,47900328
CUS000097,INDIVIDUAL,HIGH,MEDIUM,2020-10-05,416548000,210666524
CUS000098,INDIVIDUAL,HIGH,SHORT,2022-06-17,782266000,306684991
CUS000099,INDIVIDUAL,MEDIUM,SHORT,2021-01-27,1359979000,88788907
CUS000100,INDIVIDUAL,HIGH,SHORT,2014-10-20,64928000,77627506
CUS000101,INDIVIDUAL,MEDIUM,MEDIUM,2020-09-15,196259000,23997253
CUS000102,INDIVIDUAL,MEDIUM,SHORT,2020-08-24,59802000,238800662
CUS000103,INDIVIDUAL,MEDIUM,LONG,2014-05-04,172831000,12649764
CUS000104,INDIVIDUAL,HIGH,LONG,2020-05-15,294163000,144979620
CUS000105,INDIVIDUAL,HIGH,MEDIUM,2019-12-31,23010000,22250205
CUS000106,INDIVIDUAL,HIGH,MEDIUM,2021-03-15,7130000,30647090
CUS000107,INDIVIDUAL,MEDIUM,LONG,2021-11-24,44264000,10020580
CUS000108,INDIVIDUAL,LOW,LONG,2022-06-15,179882000,50331175
CUS000109,INDIVIDUAL,MEDIUM,LONG,2020-07-06,6956000,76403921
CUS000110,INDIVIDUAL,HIGH,SHORT,2019-08-27,1857537000,1248967509
CUS000111,INSTITUTION,MEDIUM,MEDIUM,2017-06-21,24028393000,2772307236
CUS000112,INDIVIDUAL,MEDIUM,MEDIUM,2022-07-14,9982000,51503629
CUS000113,INDIVIDUAL,HIGH,LONG,2022-09-06,550165000,940920753
CUS000114,INDIVIDUAL,HIGH,SHORT,2020-01-16,497327000,49723893
CUS000115,INDIVIDUAL,MEDIUM,MEDIUM,2021-09-08,615345000,69689851
CUS000116,INDIVIDUAL,MEDIUM,SHORT,2015-08-23,0,79931953
CUS000117,INDIVIDUAL,HIGH,SHORT,2022-05-24,56344000,39115853
CUS000118,INDIVIDUAL,HIGH,LONG,2014-05-22,1160831000,1966149315
CUS000119,INDIVIDUAL,HIGH,MEDIUM,2016-02-05,382005000,694986749
CUS000120,INDIVIDUAL,MEDIUM,LONG,2018-01-14,93795000,162923184
CUS000121,INDIVIDUAL,LOW,LONG,2022-08-23,21544000,20594604
CUS000122,INDIVIDUAL,MEDIUM,SHORT,2021-09-15,57309000,223528857
CUS000123,INDIVIDUAL,MEDIUM,SHORT,2020-05-07,2396393000,748153434
CUS000124,INDIVIDUAL,MEDIUM,MEDIUM,2022-01-10,47097000,23553548
CUS000125,INDIVIDUAL,LOW,MEDIUM,2014-03-21,53314000,30885404
CUS000126,INDIVIDUAL,LOW,LONG,2019-06-24,263002000,198970226
CUS000127,INDIVIDUAL,MEDIUM,MEDIUM,2016-05-28,385096000,88343070
CUS000128,INDIVIDUAL,MEDIUM,SHORT,2019-08-19,39564000,227947105
CUS000129,INDIVIDUAL,HIGH,SHORT,2021-08-17,20810000,15031979
CUS000130,INDIVIDUAL,MEDIUM,SHORT,2019-10-07,77684000,56507866
CUS000131,INDIVIDUAL,LOW,MEDIUM,2014-12-17,454033000,140087138
CUS000132,INDIVIDUAL,LOW,MEDIUM,2019-08-20,84333000,174618670
CUS000133,INDIVIDUAL,MEDIUM,SHORT,2015-03-13,124609000,26018532
CUS000134,INDIVIDUAL,MEDIUM,LONG,2022-10-26,0,200396496
CUS000135,INDIVIDUAL,HIGH,MEDIUM,2021-09-23,80334000,10397232
CUS000136,INDIVIDUAL,HIGH,MEDIUM,2021-04-27,101521000,156516619
CUS000137,INDIVIDUAL,MEDIUM,LONG,2022-10-10,132091000,46883904
CUS000138,INDIVIDUAL,MEDIUM,SHORT,2021-02-04,4250280000,3252929229
CUS000139,INDIVIDUAL,MEDIUM,MEDIUM,2022-05-10,221919000,288387311
CUS000140,INDIVIDUAL,MEDIUM,MEDIUM,2019-03-01,212264000,40976834
CUS000141,INDIVIDUAL,LOW,LONG,2021-06-15,13397000,87236091
CUS000142,INDIVIDUAL,HIGH,MEDIUM,2016-09-05,1052619000,1049297550
CUS000143,INDIVIDUAL,MEDIUM,MEDIUM,2020-05-13,180511000,77151662
CUS000144,INDIVIDUAL,HIGH,SHORT,2021-06-01,158124000,76099403
CUS000145,INDIVIDUAL,MEDIUM,MEDIUM,2022-10-11,15750000,123952220
CUS000146,INDIVIDUAL,HIGH,SHORT,2020-06-30,64086000,15727754
CUS000147,INDIVIDUAL,MEDIUM,MEDIUM,2020-12-31,36377000,35394017
CUS000148,INDIVIDUAL,HIGH,SHORT,2021-06-25,39374000,49874201
CUS000149,INDIVIDUAL,MEDIUM,MEDIUM,2016-01-18,661168000,468543044
CUS000150,INDIVIDUAL,MEDIUM,LONG,2019-11-29,1394827000,526775907
CUS000151,INDIVIDUAL,HIGH,SHORT,2019-03-13,124782000,1411740726
CUS000152,INDIVIDUAL,HIGH,SHORT,2014-12-02,44227000,29575057
CUS000153,INDIVIDUAL,MEDIUM,MEDIUM,2016-04-05,2601000,32443017
CUS000154,INDIVIDUAL,HIGH,SHORT,2022-08-01,391301000,158087693
CUS000155,INSTITUTION,MEDIUM,MEDIUM,2022-08-24,9724269000,410283013
CUS000156,INDIVIDUAL,MEDIUM,LONG,2020-10-15,43437000,163081283
CUS000157,INDIVIDUAL,MEDIUM,MEDIUM,2020-10-06,39061000,40839064
CUS000158,INDIVIDUAL,MEDIUM,MEDIUM,2022-01-10,13658000,10154960
CUS000159,INDIVIDUAL,HIGH,SHORT,2020-08-21,1044512000,69839376
CUS000160,INDIVIDUAL,MEDIUM,MEDIUM,2019-03-08,38337000,42142058
CUS000161,INDIVIDUAL,MEDIUM,SHORT,2017-06-04,122223000,44696853
CUS000162,INDIVIDUAL,MEDIUM,MEDIUM,2020-10-30,319484000,153520078
CUS000163,INDIVIDUAL,MEDIUM,LONG,2020-11-18,101045000,5216477
CUS000164,INDIVIDUAL,MEDIUM,MEDIUM,2020-12-24,22829000,118007707
CUS000165,INDIVIDUAL,LOW,LONG,2020-08-11,46770000,25477623
CUS000166,INDIVIDUAL,MEDIUM,MEDIUM,2016-03-13,36282000,124553458
CUS000167,INDIVIDUAL,LOW,MEDIUM,2020-08-12,78385000,281027378
CUS000168,INDIVIDUAL,MEDIUM,LONG,2021-03-04,101337000,99290587
CUS000169,INDIVIDUAL,MEDIUM,LONG,2022-05-24,30383000,30891162
CUS000170,INDIVIDUAL,MEDIUM,MEDIUM,2015-10-20,443999000,546895347
CUS000171,INDIVIDUAL,HIGH,MEDIUM,2020-09-11,16675000,125107075
CUS000172,INSTITUTION,HIGH,MEDIUM,2016-11-20,6183706000,2815973317
CUS000173,INDIVIDUAL,HIGH,SHORT,2021-09-30,1793804000,652623381
CUS000174,INDIVIDUAL,HIGH,SHORT,2022-04-27,145712000,181622536
CUS000175,INDIVIDUAL,HIGH,SHORT,2018-06-13,205308000,5680465
CUS000176,INDIVIDUAL,MEDIUM,LONG,2015-10-30,4848000,37130061
CUS000177,INDIVIDUAL,HIGH,MEDIUM,2022-10-06,69456000,15104874
CUS000178,INDIVIDUAL,HIGH,SHORT,2019-11-05,563053000,471027334
CUS000179,INDIVIDUAL,MEDIUM,LONG,2019-11-04,7908000,22896900
CUS000180,INDIVIDUAL,LOW,SHORT,2019-09-26,37527000,162231671
CUS000181,INDIVIDUAL,HIGH,SHORT,2020-06-01,38841000,97881950
CUS000182,INDIVIDUAL,HIGH,SHORT,2020-12-15,386984000,226722255
CUS000183,INDIVIDUAL,MEDIUM,MEDIUM,2019-05-09,1164364000,181711964
CUS000184,INDIVIDUAL,MEDIUM,MEDIUM,2020-08-31,8070000,126317927
CUS000185,INDIVIDUAL,MEDIUM,SHORT,2020-04-23,76658000,31630756
CUS000186,INDIVIDUAL,LOW,MEDIUM,2019-03-13,68681000,397795051
CUS000187,INDIVIDUAL,MEDIUM,MEDIUM,2021-05-21,82695000,86730185
CUS000188,INDIVIDUAL,MEDIUM,MEDIUM,2014-06-28,149113000,83043946
CUS000189,INDIVIDUAL,HIGH,MEDIUM,2020-12-15,153498000,22696067
CUS000190,INDIVIDUAL,MEDIUM,MEDIUM,2021-10-20,84986000,80532035
CUS000191,INDIVIDUAL,HIGH,SHORT,2022-06-17,104838000,83494472
CUS000192,INDIVIDUAL,MEDIUM,SHORT,2021-09-23,8633000,23059697
CUS000193,INDIVIDUAL,HIGH,SHORT,2021-07-19,76230000,72105621
CUS000194,INDIVIDUAL,LOW,LONG,2020-03-13,14932000,142238301
CUS000195,INSTITUTION,LOW,MEDIUM,2021-08-03,8789581000,270495723
CUS000196,INDIVIDUAL,HIGH,SHORT,2016-05-01,71674000,75302405
CUS000197,INDIVIDUAL,MEDIUM,LONG,2020-01-20,61100000,25549879
CUS000198,INDIVIDUAL,HIGH,MEDIUM,2015-11-26,126334000,145911992
CUS000199,INSTITUTION,LOW,LONG,2021-10-22,4185874000,15135334960
CUS000200,INSTITUTION,MEDIUM,MEDIUM,2020-05-22,41747146000,4856979666
CUS000201,INDIVIDUAL,MEDIUM,MEDIUM,2014-06-06,114137000,223164591
CUS000202,INDIVIDUAL,MEDIUM,SHORT,2022-03-31,78752000,21063030
CUS000203,INDIVIDUAL,MEDIUM,LONG,2019-01-11,212577000,41995813
CUS000204,INDIVIDUAL,LOW,LONG,2019-05-22,191561000,117437133
CUS000205,INDIVIDUAL,LOW,MEDIUM,2022-07-27,14316000,46075979
CUS000206,INDIVIDUAL,LOW,LONG,2020-06-09,118946000,494548703
CUS000207,INDIVIDUAL,MEDIUM,MEDIUM,2016-04-21,1880094000,7210371249
CUS000208,INDIVIDUAL,LOW,SHORT,2021-07-07,294963000,234395979
CUS000209,INDIVIDUAL,LOW,SHORT,2021-04-13,206904000,81295984
CUS000210,INDIVIDUAL,MEDIUM,LONG,2018-11-15,301903000,188831683
CUS000211,INDIVIDUAL,LOW,MEDIUM,2022-08-31,32526000,164183030
CUS000212,INDIVIDUAL,MEDIUM,SHORT,2021-08-16,5144000,21550873
CUS000213,INDIVIDUAL,MEDIUM,SHORT,2018-11-05,355511000,198062307
CUS000214,INDIVIDUAL,MEDIUM,MEDIUM,2018-11-05,9392000,18620750
CUS000215,INDIVIDUAL,MEDIUM,LONG,2019-11-14,79501000,115979132
CUS000216,INDIVIDUAL,MEDIUM,LONG,2022-08-08,2198346000,2519129516
CUS000217,INDIVIDUAL,HIGH,MEDIUM,2021-07-01,44430000,15434178
CUS000218,INDIVIDUAL,LOW,MEDIUM,2017-05-10,45912000,345597370
CUS000219,INDIVIDUAL,MEDIUM,MEDIUM,2021-11-15,84639000,26867824
CUS000220,INDIVIDUAL,HIGH,MEDIUM,2014-04-22,46431000,44939105
CUS000221,INDIVIDUAL,HIGH,SHORT,2021-01-29,40456000,32155491
CUS000222,INDIVIDUAL,HIGH,MEDIUM,2020-07-01,71292000,22493533
CUS000223,INDIVIDUAL,HIGH,MEDIUM,2016-03-29,321873000,186326875
CUS000224,INDIVIDUAL,HIGH,SHORT,2020-09-18,336643000,137351425
CUS000225,INDIVIDUAL,MEDIUM,SHORT,2016-04-30,953108000,854557766
CUS000226,INDIVIDUAL,MEDIUM,LONG,2017-01-12,677885000,654713105
CUS000227,INDIVIDUAL,MEDIUM,SHORT,2019-06-05,8949000,101115363
CUS000228,INDIVIDUAL,HIGH,MEDIUM,2019-10-11,51516000,36664103
CUS000229,INDIVIDUAL,MEDIUM,MEDIUM,2019-10-03,654573000,110075376
CUS000230,INDIVIDUAL,HIGH,SHORT,2022-05-13,69527000,8054728
CUS000231,INDIVIDUAL,MEDIUM,LONG,2016-10-13,130254000,353797593
CUS000232,INDIVIDUAL,MEDIUM,SHORT,2022-01-05,10626000,22915730
CUS000233,INDIVIDUAL,HIGH,SHORT,2020-12-28,282940000,262521843
CUS000234,INDIVIDUAL,HIGH,SHORT,2021-09-27,396313000,414871515
CUS000235,INDIVIDUAL,HIGH,MEDIUM,2021-01-14,45773000,54028449
CUS000236,INDIVIDUAL,MEDIUM,MEDIUM,2021-07-22,118129000,6404787
CUS000237,INDIVIDUAL,MEDIUM,SHORT,2022-08-26,57057000,20903637
CUS000238,INDIVIDUAL,MEDIUM,MEDIUM,2021-07-27,1231000,20531380
CUS000239,INDIVIDUAL,LOW,LONG,2017-11-02,202015000,375869347
CUS000240,INDIVIDUAL,MEDIUM,MEDIUM,2015-05-02,1495931000,986228328
CUS000241,INDIVIDUAL,MEDIUM,MEDIUM,2015-04-04,54634000,21161577
CUS000242,INDIVIDUAL,MEDIUM,MEDIUM,2015-08-22,298975000,34201459
CUS000243,INDIVIDUAL,HIGH,MEDIUM,2020-09-04,48194000,14481180
CUS000244,INDIVIDUAL,MEDIUM,SHORT,2020-07-29,22918000,85110891
CUS000245,INSTITUTION,LOW,LONG,2017-11-27,4657654000,537878527
CUS000246,INDIVIDUAL,MEDIUM,MEDIUM,2020-12-14,57014000,368294623
CUS000247,INDIVIDUAL,HIGH,SHORT,2015-09-08,35088000,75837781
CUS000248,INDIVIDUAL,HIGH,SHORT,2018-01-06,248339000,36153218
CUS000249,INDIVIDUAL,MEDIUM,LONG,2017-12-20,631535000,406628006
CUS000250,INDIVIDUAL,MEDIUM,LONG,2022-11-07,65412000,183652482
CUS000251,INDIVIDUAL,HIGH,SHORT,2021-05-26,29378000,22084570
CUS000252,INDIVIDUAL,HIGH,MEDIUM,2020-06-16,89972000,158684847
CUS000253,INSTITUTION,HIGH,SHORT,2018-11-18,19794296000,1972206793
CUS000254,INDIVIDUAL,HIGH,MEDIUM,2017-07-06,210117000,373489676
CUS000255,INDIVIDUAL,MEDIUM,SHORT,2020-08-03,261929000,328219536
CUS000256,INDIVIDUAL,MEDIUM,LONG,2015-08-04,326811000,66579036
CUS000257,INDIVIDUAL,MEDIUM,LONG,2019-03-01,40931000,71029683
CUS000258,INDIVIDUAL,MEDIUM,SHORT,2022-10-19,63048000,43592353
CUS000259,INDIVIDUAL,MEDIUM,LONG,2021-05-24,8999000,78353053
CUS000260,INDIVIDUAL,HIGH,SHORT,2021-04-05,79216000,51905911
CUS000261,INDIVIDUAL,LOW,MEDIUM,2018-03-04,212810000,55733112
CUS000262,INDIVIDUAL,MEDIUM,LONG,2020-08-18,246472000,56968605
CUS000263,INDIVIDUAL,MEDIUM,LONG,2017-11-09,17764000,16672475
CUS000264,INDIVIDUAL,LOW,LONG,2021-02-17,701919000,435620882
CUS000265,INDIVIDUAL,MEDIUM,MEDIUM,2019-08-26,55740000,32598906
CUS000266,INDIVIDUAL,LOW,LONG,2014-02-18,126628000,121890858
CUS000267,INDIVIDUAL,MEDIUM,SHORT,2020-12-04,178098000,53741229
CUS000268,INDIVIDUAL,MEDIUM,SHORT,2019-09-05,335163000,234350268
CUS000269,INDIVIDUAL,MEDIUM,MEDIUM,2014-03-31,102516000,19827242
CUS000270,INDIVIDUAL,MEDIUM,LONG,2015-03-19,334378000,15132025
CUS000271,INDIVIDUAL,HIGH,SHORT,2022-11-18,38278000,50593585
CUS000272,INDIVIDUAL,HIGH,SHORT,2022-10-31,857052000,298800972
CUS000273,INDIVIDUAL,LOW,MEDIUM,2021-05-13,143091000,137290738
CUS000274,INDIVIDUAL,MEDIUM,SHORT,2016-02-05,10254000,9027189
CUS000275,INDIVIDUAL,LOW,MEDIUM,2021-01-05,453121000,20353011
CUS000276,INDIVIDUAL,MEDIUM,MEDIUM,2020-08-19,13398000,20330798
CUS000277,INDIVIDUAL,HIGH,SHORT,2019-05-31,1263973000,469502156
CUS000278,INSTITUTION,MEDIUM,MEDIUM,2022-10-19,7621039000,629035859
CUS000279,INDIVIDUAL,MEDIUM,SHORT,2014-11-25,1654806000,90320265
CUS000280,INDIVIDUAL,LOW,MEDIUM,2020-08-12,500755000,202465719
CUS000281,INDIVIDUAL,MEDIUM,MEDIUM,2021-07-30,50192000,239684165
CUS000282,INDIVIDUAL,LOW,LONG,2022-09-14,50267000,31061665
CUS000283,INDIVIDUAL,HIGH,SHORT,2021-12-17,0,54137683
CUS000284,INDIVIDUAL,MEDIUM,SHORT,2022-03-10,23967000,2844372
CUS000285,INDIVIDUAL,MEDIUM,MEDIUM,2020-06-08,65793000,7947722
CUS000286,INDIVIDUAL,MEDIUM,MEDIUM,2019-07-30,1164912000,1149632222
CUS000287,INDIVIDUAL,LOW,LONG,2022-10-28,5154000,30233312
CUS000288,INDIVIDUAL,HIGH,MEDIUM,2019-12-05,68882000,72246180
CUS000289,INDIVIDUAL,MEDIUM,SHORT,2020-10-28,29168000,14332012
CUS000290,INDIVIDUAL,HIGH,SHORT,2021-11-08,21368000,14589568
CUS000291,INDIVIDUAL,MEDIUM,SHORT,2020-06-05,176196000,67767556
CUS000292,INDIVIDUAL,MEDIUM,MEDIUM,2020-10-23,307071000,250217094
CUS000293,INDIVIDUAL,LOW,MEDIUM,2021-09-15,137388000,58900469
CUS000294,INDIVIDUAL,MEDIUM,LONG,2022-10-07,73503000,114883657
CUS000295,INDIVIDUAL,MEDIUM,SHORT,2022-03-21,27006000,34628187
CUS000296,INDIVIDUAL,LOW,LONG,2018-09-05,421354000,214923940
CUS000297,INDIVIDUAL,HIGH,SHORT,2019-06-24,115902000,60792963
CUS000298,INDIVIDUAL,MEDIUM,LONG,2021-01-04,39528000,97477982
CUS000299,INDIVIDUAL,MEDIUM,MEDIUM,2014-12-10,38006000,32125344
CUS000300,INDIVIDUAL,MEDIUM,SHORT,2019-03-07,60818000,129413066
CUS000301,INDIVIDUAL,MEDIUM,MEDIUM,2016-07-26,197583000,180940430
CUS000302,INDIVIDUAL,LOW,MEDIUM,2021-12-17,235715000,136247049
CUS000303,INDIVIDUAL,LOW,MEDIUM,2022-03-15,29307000,25590607
CUS000304,INDIVIDUAL,HIGH,SHORT,2020-11-09,176594000,100580828
CUS000305,INDIVIDUAL,LOW,LONG,2020-12-01,140924000,286802082
CUS000306,INDIVIDUAL,MEDIUM,LONG,2014-01-23,144574000,16274889
CUS000307,INDIVIDUAL,HIGH,SHORT,2014-09-05,651371000,136527868
CUS000308,INDIVIDUAL,HIGH,SHORT,2022-07-14,58949000,20568386
CUS000309,INDIVIDUAL,MEDIUM,MEDIUM,2019-06-17,3800000,37908029
CUS000310,INDIVIDUAL,MEDIUM,SHORT,2015-06-07,521057000,329444442
CUS000311,INDIVIDUAL,MEDIUM,SHORT,2014-10-03,56463000,35461290
CUS000312,INDIVIDUAL,HIGH,MEDIUM,2021-04-20,110790000,67931616
CUS000313,INDIVIDUAL,HIGH,SHORT,2019-05-22,217599000,90010802
CUS000314,INDIVIDUAL,MEDIUM,MEDIUM,2020-10-21,326737000,62789357
CUS000315,INDIVIDUAL,HIGH,LONG,2022-05-09,35683000,36098980
CUS000316,INDIVIDUAL,MEDIUM,SHORT,2021-12-02,24205000,173454158
CUS000317,INDIVIDUAL,HIGH,SHORT,2014-04-16,46085000,11361966
CUS000318,INDIVIDUAL,LOW,SHORT,2019-03-26,85129000,50359195
CUS000319,INDIVIDUAL,MEDIUM,SHORT,2021-06-25,198396000,135305997
CUS000320,INDIVIDUAL,MEDIUM,SHORT,2020-03-30,174320000,243150359
CUS000321,INDIVIDUAL,HIGH,SHORT,2018-06-15,5972000,50316353
CUS000322,INDIVIDUAL,MEDIUM,SHORT,2022-01-21,103776000,955918127
CUS000323,INDIVIDUAL,MEDIUM,MEDIUM,2016-05-20,398109000,386751736
CUS000324,INSTITUTION,LOW,LONG,2019-09-27,6625933000,10727870807
CUS000325,INDIVIDUAL,MEDIUM,MEDIUM,2018-12-11,215773000,935463961
CUS000326,INDIVIDUAL,LOW,LONG,2020-02-28,28688000,95391110
CUS000327,INDIVIDUAL,HIGH,SHORT,2021-09-09,134863000,166609291
CUS000328,INSTITUTION,LOW,SHORT,2014-03-02,18950261000,9227499232
CUS000329,INDIVIDUAL,MEDIUM,LONG,2019-08-28,233573000,223148187
CUS000330,INDIVIDUAL,HIGH,SHORT,2020-11-30,178574000,206248378
CUS000331,INSTITUTION,LOW,LONG,2022-08-11,5621813000,5642173198
CUS000332,INDIVIDUAL,HIGH,SHORT,2021-02-18,429373000,45955910
CUS000333,INDIVIDUAL,LOW,LONG,2021-04-01,96101000,23899600
CUS000334,INDIVIDUAL,MEDIUM,LONG,2022-06-06,201327000,120383919
CUS000335,INDIVIDUAL,LOW,MEDIUM,2021-04-26,191494000,257126557
CUS000336,INDIVIDUAL,MEDIUM,MEDIUM,2016-09-12,505445000,123102767
CUS000337,INDIVIDUAL,HIGH,MEDIUM,2020-07-22,1985100000,5717325537
CUS000338,INDIVIDUAL,MEDIUM,MEDIUM,2015-08-05,38416000,33911163
CUS000339,INDIVIDUAL,HIGH,SHORT,2016-03-11,128341000,622807888
CUS000340,INDIVIDUAL,MEDIUM,MEDIUM,2021-06-30,580751000,141576473
CUS000341,INDIVIDUAL,HIGH,SHORT,2022-10-07,866702000,192475561
CUS000342,INSTITUTION,LOW,LONG,2019-03-20,1075580000,2963021577
CUS000343,INDIVIDUAL,LOW,MEDIUM,2017-07-04,18396000,172482630
CUS000344,INDIVIDUAL,HIGH,SHORT,2020-06-01,85089000,68972824
CUS000345,INDIVIDUAL,MEDIUM,LONG,2022-01-25,50097000,16685906
CUS000346,INDIVIDUAL,MEDIUM,MEDIUM,2018-05-06,467404000,261816129
CUS000347,INDIVIDUAL,MEDIUM,SHORT,2021-02-22,33897000,26736095
CUS000348,INDIVIDUAL,MEDIUM,MEDIUM,2019-06-04,43596000,164284588
CUS000349,INDIVIDUAL,LOW,SHORT,2020-04-13,152195000,32948953
CUS000350,INDIVIDUAL,LOW,SHORT,2021-04-14,198060000,226214462
CUS000351,INDIVIDUAL,LOW,LONG,2019-12-03,1483620000,507314095
CUS000352,INDIVIDUAL,MEDIUM,SHORT,2019-10-29,799317000,3737752447
CUS000353,INDIVIDUAL,HIGH,MEDIUM,2018-02-06,432704000,48987671
CUS000354,INDIVIDUAL,HIGH,MEDIUM,2015-08-29,693991000,422224047
CUS000355,INDIVIDUAL,MEDIUM,MEDIUM,2020-04-24,495936000,204673847
CUS000356,INDIVIDUAL,LOW,LONG,2017-04-16,106357000,22874455
CUS000357,INDIVIDUAL,MEDIUM,LONG,2019-05-02,2312387000,287491216
CUS000358,INSTITUTION,MEDIUM,MEDIUM,2022-01-27,2379792000,635741205
CUS000359,INDIVIDUAL,HIGH,MEDIUM,2017-05-09,20234000,48848428
CUS000360,INDIVIDUAL,HIGH,SHORT,2018-01-01,125531000,90243731
CUS000361,INDIVIDUAL,HIGH,MEDIUM,2019-06-27,255766000,49872831
CUS000362,INDIVIDUAL,MEDIUM,SHORT,2014-11-23,153051000,30618202
CUS000363,INDIVIDUAL,HIGH,SHORT,2021-04-15,35893000,12305696
CUS000364,INDIVIDUAL,HIGH,SHORT,2021-12-09,81851000,123224562
CUS000365,INSTITUTION,MEDIUM,SHORT,2021-11-16,1910684000,1628694108
CUS000366,INDIVIDUAL,MEDIUM,LONG,2020-09-17,282101000,123717237
CUS000367,INDIVIDUAL,LOW,MEDIUM,2020-05-08,268082000,166127325
CUS000368,INDIVIDUAL,LOW,MEDIUM,2020-04-16,383637000,162170935
CUS000369,INDIVIDUAL,HIGH,MEDIUM,2016-04-08,237569000,47173889
CUS000370,INDIVIDUAL,MEDIUM,SHORT,2022-10-31,199217000,96522623
CUS000371,INDIVIDUAL,MEDIUM,MEDIUM,2019-11-04,22625000,45302544
CUS000372,INDIVIDUAL,HIGH,SHORT,2014-05-05,149462000,19935078
CUS000373,INDIVIDUAL,MEDIUM,LONG,2020-12-31,96151000,16037932
CUS000374,INDIVIDUAL,LOW,LONG,2014-01-02,41648000,177338452
CUS000375,INDIVIDUAL,LOW,MEDIUM,2020-07-31,339638000,121938026
CUS000376,INDIVIDUAL,MEDIUM,MEDIUM,2021-08-27,0,51137483
CUS000377,INDIVIDUAL,MEDIUM,MEDIUM,2021-07-26,134400000,245454353
CUS000378,INDIVIDUAL,MEDIUM,MEDIUM,2022-10-19,5854000,13126408
CUS000379,INDIVIDUAL,HIGH,LONG,2020-12-28,18178000,3786367
CUS000380,INDIVIDUAL,MEDIUM,MEDIUM,2016-10-12,210591000,31056560
CUS000381,INDIVIDUAL,HIGH,SHORT,2019-07-12,276121000,248177256
CUS000382,INDIVIDUAL,MEDIUM,MEDIUM,2021-08-23,102339000,32382775
CUS000383,INDIVIDUAL,MEDIUM,MEDIUM,2020-04-03,243347000,20273769
CUS000384,INDIVIDUAL,MEDIUM,LONG,2022-06-08,33359000,92154434
CUS000385,INDIVIDUAL,MEDIUM,SHORT,2019-07-26,190664000,129859467
CUS000386,INDIVIDUAL,MEDIUM,MEDIUM,2021-04-12,173765000,50023293
CUS000387,INDIVIDUAL,MEDIUM,LONG,2019-07-05,25773000,305336751
CUS000388,INDIVIDUAL,MEDIUM,MEDIUM,2022-10-20,5208000,12297851
CUS000389,INDIVIDUAL,HIGH,SHORT,2015-10-11,160840000,88022319
CUS000390,INSTITUTION,LOW,LONG,2019-01-21,15958729000,2804733861
CUS000391,INDIVIDUAL,MEDIUM,MEDIUM,2020-04-22,100822000,376111020
CUS000392,INDIVIDUAL,HIGH,MEDIUM,2015-03-12,977427000,240264104
CUS000393,INDIVIDUAL,HIGH,MEDIUM,2018-04-11,102487000,104475496
CUS000394,INDIVIDUAL,HIGH,SHORT,2014-06-20,7360000,76561639
CUS000395,INDIVIDUAL,MEDIUM,MEDIUM,2022-05-18,111992000,18487964
CUS000396,INDIVIDUAL,HIGH,SHORT,2021-12-29,571813000,140729225
CUS000397,INDIVIDUAL,LOW,LONG,2020-03-03,479222000,777746486
CUS000398,INDIVIDUAL,LOW,LONG,2015-09-29,954778000,276858657
CUS000399,INDIVIDUAL,MEDIUM,MEDIUM,2021-10-18,34445000,46768132
CUS000400,INDIVIDUAL,MEDIUM,SHORT,2017-02-06,34542000,64936283
CUS000401,INDIVIDUAL,HIGH,SHORT,2022-07-21,327326000,170583002
CUS000402,INDIVIDUAL,HIGH,MEDIUM,2019-01-04,43115000,19450684
CUS000403,INDIVIDUAL,MEDIUM,MEDIUM,2018-09-27,99138000,184598845
CUS000404,INDIVIDUAL,LOW,SHORT,2015-06-22,154140000,385018412
CUS000405,INSTITUTION,LOW,LONG,2020-06-26,5794354000,2855754741
CUS000406,INDIVIDUAL,HIGH,MEDIUM,2020-11-24,1855629000,273460928
CUS000407,INDIVIDUAL,MEDIUM,LONG,2020-08-11,634309000,159380735
CUS000408,INDIVIDUAL,HIGH,SHORT,2021-10-12,31495000,39254227
CUS000409,INDIVIDUAL,LOW,LONG,2020-11-17,58965000,62913060
CUS000410,INDIVIDUAL,HIGH,SHORT,2020-12-11,401535000,322879938
CUS000411,INDIVIDUAL,MEDIUM,LONG,2021-12-15,75594000,42917198
CUS000412,INDIVIDUAL,LOW,LONG,2022-05-13,74442000,39770780
CUS000413,INDIVIDUAL,LOW,SHORT,2020-09-24,30012000,102433699
CUS000414,INDIVIDUAL,HIGH,SHORT,2022-01-25,5426000,101973814
CUS000415,INDIVIDUAL,HIGH,SHORT,2022-05-06,14534000,7006400
CUS000416,INSTITUTION,HIGH,SHORT,2022-08-30,11763044000,1281722200
CUS000417,INSTITUTION,LOW,MEDIUM,2019-03-25,21315033000,32966885746
CUS000418,INDIVIDUAL,MEDIUM,SHORT,2022-08-16,43353000,29120619
CUS000419,INDIVIDUAL,HIGH,SHORT,2022-02-17,68803000,63276445
CUS000420,INDIVIDUAL,LOW,SHORT,2018-05-21,67239000,140745222
CUS000421,INDIVIDUAL,MEDIUM,MEDIUM,2019-09-03,51823000,104044256
CUS000422,INDIVIDUAL,LOW,SHORT,2020-12-03,203709000,18368593
CUS000423,INDIVIDUAL,LOW,SHORT,2019-03-29,271075000,178376295
CUS000424,INDIVIDUAL,HIGH,MEDIUM,2020-02-03,150081000,170143002
CUS000425,INDIVIDUAL,LOW,MEDIUM,2016-12-20,36376000,94541480
CUS000426,INDIVIDUAL,MEDIUM,LONG,2015-01-01,30738000,39281476
CUS000427,INDIVIDUAL,HIGH,SHORT,2021-06-25,2668474000,293455944
CUS000428,INDIVIDUAL,MEDIUM,LONG,2014-02-07,170503000,124835677
CUS000429,INDIVIDUAL,MEDIUM,MEDIUM,2021-09-01,1243694000,525884407
CUS000430,INSTITUTION,LOW,LONG,2021-02-25,2694754000,722789505
CUS000431,INDIVIDUAL,HIGH,SHORT,2022-08-18,57550000,59091822
CUS000432,INDIVIDUAL,MEDIUM,LONG,2021-06-02,131557000,61988093
CUS000433,INDIVIDUAL,MEDIUM,MEDIUM,2021-01-27,121706000,33911685
CUS000434,INDIVIDUAL,HIGH,SHORT,2019-11-27,1243077000,1684577629
CUS000435,INDIVIDUAL,LOW,MEDIUM,2020-12-16,7136000,24247585
CUS000436,INSTITUTION,LOW,LONG,2020-08-19,3138297000,82327919075
CUS000437,INDIVIDUAL,MEDIUM,MEDIUM,2019-01-22,90096000,124701491
CUS000438,INDIVIDUAL,HIGH,MEDIUM,2021-01-27,148024000,5592418
CUS000439,INDIVIDUAL,LOW,LONG,2014-05-12,6541000,55299023
CUS000440,INDIVIDUAL,HIGH,LONG,2021-07-07,37085000,73644162
CUS000441,INDIVIDUAL,HIGH,LONG,2022-02-10,188977000,30452340
CUS000442,INDIVIDUAL,MEDIUM,MEDIUM,2020-03-06,155715000,282603916
CUS000443,INDIVIDUAL,MEDIUM,MEDIUM,2021-03-10,247911000,141039981
CUS000444,INDIVIDUAL,HIGH,SHORT,2021-10-19,110926000,151501904
CUS000445,INDIVIDUAL,MEDIUM,MEDIUM,2018-12-20,235614000,214584566
CUS000446,INSTITUTION,MEDIUM,SHORT,2021-05-05,7773360000,421786956
CUS000447,INDIVIDUAL,HIGH,MEDIUM,2017-11-02,94627000,10766816
CUS000448,INDIVIDUAL,MEDIUM,LONG,2020-12-10,41336000,41840913
CUS000449,INDIVIDUAL,MEDIUM,SHORT,2021-08-09,175102000,38513905
CUS000450,INDIVIDUAL,LOW,MEDIUM,2022-07-06,148810000,209097900
CUS000451,INSTITUTION,MEDIUM,MEDIUM,2016-01-13,3308316000,5619348717
CUS000452,INDIVIDUAL,LOW,LONG,2020-01-10,1181944000,1017913197
CUS000453,INDIVIDUAL,MEDIUM,SHORT,2019-11-26,101976000,18778013
CUS000454,INDIVIDUAL,HIGH,SHORT,2014-07-01,255044000,210009553
CUS000455,INDIVIDUAL,HIGH,MEDIUM,2020-12-28,16510000,28934543
CUS000456,INDIVIDUAL,MEDIUM,MEDIUM,2020-11-12,65520000,12569353
CUS000457,INDIVIDUAL,MEDIUM,MEDIUM,2015-11-17,206898000,8348115
CUS000458,INSTITUTION,MEDIUM,MEDIUM,2022-06-01,6270030000,332564771
CUS000459,INDIVIDUAL,HIGH,SHORT,2022-08-09,850678000,83058735
CUS000460,INDIVIDUAL,MEDIUM,SHORT,2016-11-20,101219000,50395056
CUS000461,INDIVIDUAL,LOW,MEDIUM,2020-04-24,1130109000,544568746
CUS000462,INDIVIDUAL,LOW,MEDIUM,2020-08-17,1181301000,412395173
CUS000463,INDIVIDUAL,HIGH,MEDIUM,2021-02-02,81684000,91201980
CUS000464,INDIVIDUAL,MEDIUM,SHORT,2018-05-07,19677000,62396532
CUS000465,INDIVIDUAL,MEDIUM,LONG,2022-05-11,61277000,17152797
CUS000466,INDIVIDUAL,MEDIUM,SHORT,2020-09-17,639218000,276237643
CUS000467,INDIVIDUAL,LOW,LONG,2020-10-12,329218000,117894433
CUS000468,INSTITUTION,MEDIUM,MEDIUM,2021-01-07,19872253000,2760383268
CUS000469,INDIVIDUAL,MEDIUM,MEDIUM,2014-11-05,422505000,324067016
CUS000470,INDIVIDUAL,MEDIUM,MEDIUM,2019-08-20,75876000,57074871
CUS000471,INDIVIDUAL,LOW,MEDIUM,2016-02-21,5004000,26233320
CUS000472,INDIVIDUAL,MEDIUM,MEDIUM,2021-03-15,20898000,417587750
CUS000473,INDIVIDUAL,LOW,MEDIUM,2015-11-16,226902000,49197066
CUS000474,INDIVIDUAL,MEDIUM,LONG,2020-07-14,82885000,16944482
CUS000475,INSTITUTION,LOW,MEDIUM,2014-10-13,9871300000,4279381985
CUS000476,INDIVIDUAL,HIGH,MEDIUM,2019-12-05,14981000,10256699
CUS000477,INDIVIDUAL,MEDIUM,LONG,2020-10-01,86751000,6509575
CUS000478,INDIVIDUAL,HIGH,LONG,2022-05-13,369374000,52794113
CUS000479,INDIVIDUAL,MEDIUM,SHORT,2021-07-09,180188000,62089215
CUS000480,INDIVIDUAL,LOW,LONG,2015-11-17,86809000,45329332
CUS000481,INDIVIDUAL,LOW,LONG,2022-05-06,45464000,29335851
CUS000482,INDIVIDUAL,HIGH,MEDIUM,2020-07-20,1046228000,1026740716
CUS000483,INDIVIDUAL,MEDIUM,SHORT,2020-08-06,95715000,64955492
CUS000484,INDIVIDUAL,MEDIUM,MEDIUM,2017-12-07,52604000,16778784
CUS000485,INDIVIDUAL,MEDIUM,MEDIUM,2014-11-10,56745000,82448336
CUS000486,INDIVIDUAL,HIGH,SHORT,2022-09-22,89382000,12064528
CUS000487,INDIVIDUAL,MEDIUM,SHORT,2020-11-18,12510832000,1165323213
CUS000488,INDIVIDUAL,MEDIUM,MEDIUM,2018-08-01,720357000,158516148
CUS000489,INDIVIDUAL,HIGH,SHORT,2014-04-25,206338000,242717685
CUS000490,INDIVIDUAL,MEDIUM,MEDIUM,2021-12-07,150360000,94960151
CUS000491,INDIVIDUAL,HIGH,SHORT,2019-12-31,16092000,136433358
CUS000492,INDIVIDUAL,HIGH,SHORT,2019-12-30,106922000,189921438
CUS000493,INDIVIDUAL,MEDIUM,MEDIUM,2014-07-25,55527000,106207662
CUS000494,INDIVIDUAL,MEDIUM,LONG,2018-12-02,238965000,305358702
CUS000495,INDIVIDUAL,HIGH,SHORT,2020-03-05,104007000,78892497
CUS000496,INDIVIDUAL,MEDIUM,SHORT,2021-09-30,9929000,11142890
CUS000497,INDIVIDUAL,MEDIUM,MEDIUM,2021-07-05,1081995000,1155711829
CUS000498,INDIVIDUAL,LOW,LONG,2022-10-11,75171000,21251929
CUS000499,INDIVIDUAL,HIGH,SHORT,2021-07-01,60534000,88771160
CUS000500,INDIVIDUAL,MEDIUM,MEDIUM,2014-04-08,118675000,63106996
CUS000501,INDIVIDUAL,MEDIUM,MEDIUM,2014-02-02,303473000,174674516
CUS000502,INDIVIDUAL,HIGH,SHORT,2021-06-16,61943000,18587822
CUS000503,INDIVIDUAL,HIGH,LONG,2021-09-06,8184000,9951745
CUS000504,INDIVIDUAL,MEDIUM,SHORT,2021-10-08,213197000,70753873
CUS000505,INDIVIDUAL,HIGH,SHORT,2022-06-16,29429000,22378750
CUS000506,INDIVIDUAL,MEDIUM,SHORT,2018-03-25,85829000,39359301
CUS000507,INDIVIDUAL,MEDIUM,MEDIUM,2021-03-16,38628000,30235199
CUS000508,INDIVIDUAL,LOW,MEDIUM,2019-03-01,323077000,283234430
CUS000509,INDIVIDUAL,LOW,MEDIUM,2022-07-05,72979000,7829492
CUS000510,INDIVIDUAL,MEDIUM,MEDIUM,2021-09-29,39637000,114490875
CUS000511,INDIVIDUAL,MEDIUM,LONG,2020-11-25,79930000,143078099
CUS000512,INDIVIDUAL,MEDIUM,MEDIUM,2020-06-05,80774000,20045145
CUS000513,INDIVIDUAL,HIGH,MEDIUM,2016-06-06,1069603000,668647920
CUS000514,INDIVIDUAL,HIGH,MEDIUM,2015-08-26,414157000,328845456
CUS000515,INDIVIDUAL,MEDIUM,MEDIUM,2020-06-09,359853000,30954980
CUS000516,INDIVIDUAL,MEDIUM,MEDIUM,2020-10-15,214951000,28986234
CUS000517,INDIVIDUAL,LOW,LONG,2019-05-07,285444000,373338821
CUS000518,INDIVIDUAL,LOW,MEDIUM,2019-06-10,2402946000,475321570
CUS000519,INDIVIDUAL,LOW,MEDIUM,2021-10-21,47688000,147820442
CUS000520,INSTITUTION,LOW,LONG,2014-05-24,28636749000,33369513229
CUS000521,INDIVIDUAL,HIGH,SHORT,2020-04-07,1139974000,282454726
CUS000522,INDIVIDUAL,HIGH,SHORT,2018-05-03,52925000,66846972
CUS000523,INDIVIDUAL,MEDIUM,SHORT,2017-05-04,73510000,4058878
CUS000524,INDIVIDUAL,HIGH,SHORT,2020-01-15,64597000,35443710
CUS000525,INDIVIDUAL,MEDIUM,SHORT,2018-08-30,480501000,282935865
CUS000526,INDIVIDUAL,MEDIUM,LONG,2019-04-02,129449000,18340225
CUS000527,INDIVIDUAL,MEDIUM,MEDIUM,2022-10-03,198031000,18476117
CUS000528,INDIVIDUAL,LOW,SHORT,2022-05-11,75204000,118871126
CUS000529,INDIVIDUAL,MEDIUM,SHORT,2020-11-13,670646000,112976215
CUS000530,INDIVIDUAL,HIGH,SHORT,2020-08-31,126107000,102456986
CUS000531,INDIVIDUAL,HIGH,SHORT,2019-12-20,93369000,113982129
CUS000532,INDIVIDUAL,LOW,MEDIUM,2019-03-07,7620000,15411658
CUS000533,INDIVIDUAL,MEDIUM,SHORT,2022-08-19,136756000,161804772
CUS000534,INDIVIDUAL,MEDIUM,SHORT,2019-09-09,145339000,301392374
CUS000535,INSTITUTION,LOW,LONG,2020-03-10,26002571000,1501870769
CUS000536,INDIVIDUAL,HIGH,SHORT,2019-10-01,312998000,85057738
CUS000537,INDIVIDUAL,MEDIUM,LONG,2018-03-18,132963000,37761734
CUS000538,INDIVIDUAL,HIGH,LONG,2019-10-10,524328000,558411369
CUS000539,INDIVIDUAL,MEDIUM,LONG,2019-10-04,1295780000,523512799
CUS000540,INDIVIDUAL,LOW,LONG,2020-04-13,324175000,1004196142
CUS000541,INDIVIDUAL,MEDIUM,MEDIUM,2015-12-14,194195000,89294041
CUS000542,INDIVIDUAL,HIGH,MEDIUM,2021-05-25,163077000,65430166
CUS000543,INDIVIDUAL,MEDIUM,SHORT,2020-04-06,59082000,26780525
CUS000544,INDIVIDUAL,MEDIUM,SHORT,2021-12-01,675834000,529668981
CUS000545,INDIVIDUAL,MEDIUM,MEDIUM,2021-03-29,157051000,164070028
CUS000546,INSTITUTION,MEDIUM,SHORT,2019-01-09,17675301000,1394732639
CUS000547,INDIVIDUAL,MEDIUM,MEDIUM,2020-02-04,1299734000,253046009
CUS000548,INDIVIDUAL,HIGH,SHORT,2018-11-18,26446000,64012460
CUS000549,INDIVIDUAL,LOW,LONG,2022-07-05,32624000,23228011
CUS000550,INDIVIDUAL,MEDIUM,MEDIUM,2021-10-19,107525000,10989230
CUS000551,INDIVIDUAL,HIGH,SHORT,2014-03-08,21651000,29305297
CUS000552,INDIVIDUAL,HIGH,SHORT,2021-06-28,914539000,865041717
CUS000553,INDIVIDUAL,MEDIUM,MEDIUM,2021-04-20,7968000,30908071
CUS000554,INDIVIDUAL,MEDIUM,MEDIUM,2020-08-31,242304000,2346860989
CUS000555,INDIVIDUAL,MEDIUM,MEDIUM,2015-05-21,337235000,704949473
CUS000556,INSTITUTION,LOW,MEDIUM,2022-09-07,2276021000,478037737
CUS000557,INDIVIDUAL,HIGH,MEDIUM,2014-12-02,5550000,24705573
CUS000558,INDIVIDUAL,MEDIUM,SHORT,2020-01-14,551275000,163800689
CUS000559,INDIVIDUAL,HIGH,SHORT,2022-02-08,15356000,5017369
CUS000560,INDIVIDUAL,HIGH,LONG,2020-07-29,101600000,72808161
CUS000561,INDIVIDUAL,HIGH,SHORT,2019-03-08,61537000,74746247
CUS000562,INDIVIDUAL,MEDIUM,MEDIUM,2021-07-02,17611000,62259797
CUS000563,INDIVIDUAL,MEDIUM,MEDIUM,2022-06-16,15400000,1006357520
CUS000564,INDIVIDUAL,MEDIUM,LONG,2020-10-06,244370000,420726803
CUS000565,INDIVIDUAL,HIGH,SHORT,2019-08-13,32021000,202994401
CUS000566,INDIVIDUAL,LOW,MEDIUM,2022-03-21,156441000,139690822
CUS000567,INDIVIDUAL,LOW,LONG,2021-07-29,99416000,204415038
CUS000568,INDIVIDUAL,MEDIUM,LONG,2020-09-07,0,215568740
CUS000569,INDIVIDUAL,MEDIUM,MEDIUM,2019-05-24,40318000,27021364
CUS000570,INDIVIDUAL,LOW,MEDIUM,2021-12-14,42111000,50081039
CUS000571,INDIVIDUAL,LOW,MEDIUM,2019-08-06,223194000,18881218
CUS000572,INDIVIDUAL,MEDIUM,MEDIUM,2017-04-22,4155000,24669758
CUS000573,INDIVIDUAL,MEDIUM,MEDIUM,2019-07-17,242876000,70270704
CUS000574,INDIVIDUAL,MEDIUM,SHORT,2020-10-21,44367000,3277465
CUS000575,INDIVIDUAL,MEDIUM,MEDIUM,2022-01-28,122894000,36970524
CUS000576,INDIVIDUAL,LOW,MEDIUM,2017-06-14,668753000,189004294
CUS000577,INSTITUTION,LOW,MEDIUM,2022-02-17,8240221000,770967069
CUS000578,INSTITUTION,MEDIUM,LONG,2019-03-27,12424059000,5260218555
CUS000579,INDIVIDUAL,MEDIUM,MEDIUM,2021-04-06,195612000,234597272
CUS000580,INDIVIDUAL,LOW,MEDIUM,2015-09-30,102143000,69068642
CUS000581,INDIVIDUAL,HIGH,MEDIUM,2021-09-24,106119000,35522576
CUS000582,INDIVIDUAL,LOW,MEDIUM,2014-08-17,162587000,26287607
CUS000583,INDIVIDUAL,MEDIUM,MEDIUM,2020-10-09,125282000,25137181
CUS000584,INDIVIDUAL,LOW,SHORT,2017-09-29,28081000,22533799
CUS000585,INDIVIDUAL,MEDIUM,MEDIUM,2022-02-17,190868000,296011642
CUS000586,INDIVIDUAL,HIGH,LONG,2021-03-04,342138000,84804821
CUS000587,INDIVIDUAL,HIGH,LONG,2021-07-26,218504000,57914280
CUS000588,INDIVIDUAL,MEDIUM,SHORT,2017-07-23,122401000,292728446
CUS000589,INDIVIDUAL,HIGH,SHORT,2020-09-22,272471000,560607874
CUS000590,INDIVIDUAL,LOW,LONG,2015-06-26,348539000,411056236
CUS000591,INDIVIDUAL,MEDIUM,LONG,2022-07-06,0,66765432
CUS000592,INDIVIDUAL,HIGH,MEDIUM,2016-03-17,691877000,824929557
CUS000593,INDIVIDUAL,LOW,LONG,2014-11-08,246511000,106152973
CUS000594,INDIVIDUAL,MEDIUM,LONG,2020-06-24,143990000,146862340
CUS000595,INSTITUTION,MEDIUM,SHORT,2017-12-04,13429957000,4412784547
CUS000596,INDIVIDUAL,MEDIUM,LONG,2017-04-05,254015000,278555785
CUS000597,INDIVIDUAL,HIGH,LONG,2021-11-12,7620000,35434056
CUS000598,INSTITUTION,MEDIUM,MEDIUM,2020-09-29,3446242000,331801738
CUS000599,INDIVIDUAL,HIGH,SHORT,2014-11-04,91767000,77002688
CUS000600,INDIVIDUAL,HIGH,MEDIUM,2020-07-22,25999000,66522164
CUS000601,INDIVIDUAL,LOW,MEDIUM,2021-03-08,94033000,71468387
CUS000602,INDIVIDUAL,HIGH,SHORT,2020-06-24,133169000,110723685
CUS000603,INDIVIDUAL,HIGH,SHORT,2016-01-15,149188000,59566857
CUS000604,INDIVIDUAL,HIGH,SHORT,2021-10-18,50944000,37967656
CUS000605,INDIVIDUAL,HIGH,SHORT,2022-02-24,47935000,47875966
CUS000606,INDIVIDUAL,MEDIUM,MEDIUM,2021-04-05,22373000,6507611
CUS000607,INDIVIDUAL,LOW,MEDIUM,2017-05-07,64910000,61686759
CUS000608,INDIVIDUAL,HIGH,SHORT,2018-04-12,6342000,60395282
CUS000609,INDIVIDUAL,MEDIUM,LONG,2022-02-24,8240000,10494838
CUS000610,INDIVIDUAL,MEDIUM,MEDIUM,2022-07-22,794977000,123033789
CUS000611,INDIVIDUAL,HIGH,MEDIUM,2018-10-14,512253000,33752214
CUS000612,INDIVIDUAL,LOW,MEDIUM,2020-10-05,313353000,96724794
CUS000613,INSTITUTION,LOW,SHORT,2021-11-02,10085168000,1869106005
CUS000614,INDIVIDUAL,HIGH,SHORT,2020-06-17,99205000,22322437
CUS000615,INDIVIDUAL,LOW,MEDIUM,2021-12-28,53502000,37237982
CUS000616,INDIVIDUAL,HIGH,MEDIUM,2018-07-03,44375000,15600785
CUS000617,INDIVIDUAL,HIGH,MEDIUM,2016-03-10,139558000,151827186
CUS000618,INDIVIDUAL,HIGH,MEDIUM,2020-02-26,12232000,22923259
CUS000619,INDIVIDUAL,HIGH,MEDIUM,2022-09-15,4193000,13903920
CUS000620,INDIVIDUAL,MEDIUM,LONG,2020-07-20,29215000,79975118
CUS000621,INDIVIDUAL,MEDIUM,LONG,2021-10-04,75715000,174050962
CUS000622,INDIVIDUAL,MEDIUM,SHORT,2015-04-17,96708000,95283830
CUS000623,INDIVIDUAL,HIGH,SHORT,2016-02-21,116032000,15789590
CUS000624,INDIVIDUAL,MEDIUM,MEDIUM,2021-10-15,81754000,134940180
CUS000625,INDIVIDUAL,LOW,LONG,2021-11-30,28262000,14101567
CUS000626,INDIVIDUAL,LOW,LONG,2020-08-26,135316000,73014824
CUS000627,INDIVIDUAL,MEDIUM,MEDIUM,2016-08-11,6770793000,869000984
CUS000628,INDIVIDUAL,HIGH,LONG,2021-04-16,716125000,130902620
CUS000629,INDIVIDUAL,LOW,MEDIUM,2020-03-09,168921000,90394970
CUS000630,INDIVIDUAL,HIGH,SHORT,2014-03-01,28811000,24786279
CUS000631,INSTITUTION,MEDIUM,MEDIUM,2021-06-28,26101213000,8513741810
CUS000632,INDIVIDUAL,HIGH,SHORT,2022-05-25,447776000,48499319
CUS000633,INDIVIDUAL,MEDIUM,LONG,2022-11-14,0,176434749
CUS000634,INSTITUTION,LOW,MEDIUM,2021-11-18,4537425000,1290226708
CUS000635,INDIVIDUAL,MEDIUM,SHORT,2020-12-25,7180000,40983878
CUS000636,INDIVIDUAL,MEDIUM,MEDIUM,2020-06-09,33999000,69685670
CUS000637,INDIVIDUAL,MEDIUM,MEDIUM,2016-08-13,130209000,197625170
CUS000638,INDIVIDUAL,MEDIUM,MEDIUM,2019-09-13,36399000,47952570
CUS000639,INDIVIDUAL,LOW,LONG,2019-12-09,340840000,63099430
CUS000640,INDIVIDUAL,HIGH,SHORT,2017-10-25,228870000,87472788
CUS000641,INDIVIDUAL,MEDIUM,MEDIUM,2015-04-12,280376000,48699415
CUS000642,INDIVIDUAL,LOW,LONG,2022-10-03,24171000,150782355
CUS000643,INDIVIDUAL,MEDIUM,MEDIUM,2021-10-22,322425000,68432700
CUS000644,INDIVIDUAL,HIGH,SHORT,2018-09-28,61348000,73274297
CUS000645,INDIVIDUAL,MEDIUM,MEDIUM,2020-10-14,227046000,24800262
CUS000646,INDIVIDUAL,LOW,LONG,2017-02-04,45559000,142065300
CUS000647,INDIVIDUAL,MEDIUM,MEDIUM,2018-05-15,107107000,67494969
CUS000648,INDIVIDUAL,LOW,LONG,2022-08-18,22100000,832364139
CUS000649,INSTITUTION,LOW,LONG,2016-03-15,4328866000,1501475527
CUS000650,INDIVIDUAL,MEDIUM,MEDIUM,2021-07-15,66564000,27776981
CUS000651,INDIVIDUAL,HIGH,MEDIUM,2021-02-09,42379000,41937223
CUS000652,INSTITUTION,LOW,LONG,2021-12-22,614159000,70478681
CUS000653,INDIVIDUAL,MEDIUM,LONG,2020-11-25,4768000,136630804
CUS000654,INDIVIDUAL,LOW,MEDIUM,2016-12-31,836762000,1313243990
CUS000655,INDIVIDUAL,HIGH,SHORT,2020-08-06,2102928000,628005318
CUS000656,INDIVIDUAL,LOW,SHORT,2021-12-07,21469000,30969820
CUS000657,INDIVIDUAL,HIGH,MEDIUM,2022-08-23,185983000,138531566
CUS000658,INDIVIDUAL,MEDIUM,MEDIUM,2015-02-28,1264832000,571483473
CUS000659,INDIVIDUAL,MEDIUM,LONG,2021-07-08,198545000,135832069
CUS000660,INDIVIDUAL,HIGH,MEDIUM,2022-05-11,132389000,47090925
CUS000661,INDIVIDUAL,HIGH,SHORT,2016-08-31,204954000,4692128
CUS000662,INDIVIDUAL,MEDIUM,MEDIUM,2022-03-14,88786000,90990872
CUS000663,INDIVIDUAL,MEDIUM,SHORT,2015-04-29,43065000,509048901
CUS000664,INDIVIDUAL,HIGH,SHORT,2021-08-27,84518000,37600882
CUS000665,INDIVIDUAL,MEDIUM,LONG,2014-02-07,8319000,32559422
CUS000666,INDIVIDUAL,HIGH,LONG,2021-07-13,91176000,158531401
CUS000667,INDIVIDUAL,MEDIUM,SHORT,2019-06-13,800616000,47526186
CUS000668,INDIVIDUAL,HIGH,SHORT,2021-06-18,34680000,23959046
CUS000669,INDIVIDUAL,LOW,MEDIUM,2022-08-25,72011000,162228367
CUS000670,INDIVIDUAL,HIGH,SHORT,2020-06-22,128420000,20989179
CUS000671,INDIVIDUAL,LOW,LONG,2020-11-27,312171000,1215000695
CUS000672,INDIVIDUAL,MEDIUM,SHORT,2021-10-11,57028000,16373921
CUS000673,INDIVIDUAL,LOW,MEDIUM,2022-01-11,28472000,3540786
CUS000674,INDIVIDUAL,MEDIUM,SHORT,2016-04-12,2263603000,368234456
CUS000675,INDIVIDUAL,HIGH,LONG,2016-06-17,0,41512358
CUS000676,INSTITUTION,LOW,SHORT,2021-04-28,8252809000,28921350670
CUS000677,INDIVIDUAL,MEDIUM,MEDIUM,2020-09-25,79570000,3646067
CUS000678,INDIVIDUAL,HIGH,MEDIUM,2019-01-28,44828000,4268877
CUS000679,INDIVIDUAL,HIGH,MEDIUM,2018-08-08,95971000,39474520
CUS000680,INDIVIDUAL,HIGH,SHORT,2021-12-01,134286000,71495095
CUS000681,INDIVIDUAL,HIGH,SHORT,2020-07-02,24052000,21455441
CUS000682,INDIVIDUAL,MEDIUM,LONG,2017-08-22,14359000,24363694
CUS000683,INDIVIDUAL,MEDIUM,SHORT,2014-12-29,781301000,697271466
CUS000684,INDIVIDUAL,MEDIUM,LONG,2014-07-20,33965000,92194151
CUS000685,INDIVIDUAL,MEDIUM,LONG,2017-12-08,134590000,257503559
CUS000686,INDIVIDUAL,HIGH,SHORT,2020-09-07,740504000,693773251
CUS000687,INDIVIDUAL,MEDIUM,LONG,2020-04-27,118309000,27493238
CUS000688,INDIVIDUAL,MEDIUM,LONG,2020-10-19,235920000,232442029
CUS000689,INDIVIDUAL,HIGH,SHORT,2021-08-27,351356000,407335591
CUS000690,INDIVIDUAL,HIGH,SHORT,2020-02-21,122852000,90838840
CUS000691,INSTITUTION,MEDIUM,LONG,2016-01-07,3451101000,488427464
CUS000692,INDIVIDUAL,HIGH,MEDIUM,2014-12-28,47008000,22649462
CUS000693,INDIVIDUAL,MEDIUM,SHORT,2021-06-02,101993000,67304931
CUS000694,INDIVIDUAL,HIGH,SHORT,2022-03-11,92839000,12842524
CUS000695,INDIVIDUAL,HIGH,SHORT,2017-01-02,100924000,296226019
CUS000696,INDIVIDUAL,HIGH,MEDIUM,2020-11-20,41967000,6448934
CUS000697,INDIVIDUAL,LOW,MEDIUM,2021-04-26,634872000,1401278304
CUS000698,INDIVIDUAL,HIGH,SHORT,2020-05-11,155107000,360803480
CUS000699,INDIVIDUAL,MEDIUM,MEDIUM,2019-06-13,316217000,243842786
CUS000700,INDIVIDUAL,LOW,LONG,2014-06-11,56088000,57332861
CUS000701,INDIVIDUAL,MEDIUM,MEDIUM,2021-04-09,229177000,427286548
CUS000702,INDIVIDUAL,MEDIUM,SHORT,2021-08-18,5565000,17240449
CUS000703,INDIVIDUAL,HIGH,SHORT,2015-10-15,365709000,498570452
CUS000704,INDIVIDUAL,MEDIUM,MEDIUM,2019-11-20,28559000,11004247
CUS000705,INDIVIDUAL,MEDIUM,MEDIUM,2014-08-14,40596000,38449284
CUS000706,INDIVIDUAL,HIGH,SHORT,2018-06-15,256898000,109783710
CUS000707,INDIVIDUAL,LOW,MEDIUM,2015-10-28,23668000,36594833
CUS000708,INDIVIDUAL,HIGH,MEDIUM,2022-09-30,690857000,184411747
CUS000709,INDIVIDUAL,MEDIUM,SHORT,2019-06-18,69377000,26852401
CUS000710,INDIVIDUAL,MEDIUM,LONG,2022-03-01,89118000,38258018
CUS000711,INDIVIDUAL,MEDIUM,SHORT,2020-01-17,25641000,8420987
CUS000712,INDIVIDUAL,LOW,LONG,2014-01-31,43624000,55786237
CUS000713,INDIVIDUAL,MEDIUM,MEDIUM,2020-03-26,281237000,93475171
CUS000714,INDIVIDUAL,HIGH,SHORT,2017-07-10,381158000,408443724
CUS000715,INDIVIDUAL,MEDIUM,MEDIUM,2021-03-31,11941000,108689356
CUS000716,INSTITUTION,HIGH,SHORT,2020-07-16,6340957000,2764442815
CUS000717,INDIVIDUAL,MEDIUM,MEDIUM,2016-09-04,94524000,494462591
CUS000718,INDIVIDUAL,HIGH,SHORT,2022-09-08,32636000,20298670
CUS000719,INDIVIDUAL,HIGH,MEDIUM,2015-06-28,45372000,96086174
CUS000720,INDIVIDUAL,HIGH,MEDIUM,2016-10-20,60209000,60352633
CUS000721,INDIVIDUAL,HIGH,SHORT,2021-12-08,38607000,10097161
CUS000722,INDIVIDUAL,MEDIUM,MEDIUM,2020-12-16,19893000,175794700
CUS000723,INDIVIDUAL,LOW,LONG,2016-12-17,929962000,905793716
CUS000724,INDIVIDUAL,LOW,LONG,2021-12-22,9690000,49613451
CUS000725,INDIVIDUAL,HIGH,SHORT,2021-10-15,128785000,26085770
CUS000726,INDIVIDUAL,MEDIUM,MEDIUM,2016-08-25,19992000,2970811
CUS000727,INSTITUTION,LOW,MEDIUM,2022-01-10,15517112000,981993139
CUS000728,INDIVIDUAL,HIGH,MEDIUM,2016-06-02,456810000,132528412
CUS000729,INSTITUTION,LOW,MEDIUM,2019-03-06,21454532000,4390825961
CUS000730,INDIVIDUAL,MEDIUM,MEDIUM,2014-06-13,89998000,94042181
CUS000731,INDIVIDUAL,MEDIUM,MEDIUM,2021-10-19,199490000,210374392
CUS000732,INDIVIDUAL,LOW,LONG,2021-05-21,90648000,337290348
CUS000733,INDIVIDUAL,HIGH,SHORT,2020-03-18,77680000,136357086
CUS000734,INSTITUTION,MEDIUM,MEDIUM,2017-09-18,12287880000,6879464301
CUS000735,INDIVIDUAL,HIGH,SHORT,2017-12-02,284091000,45544280
CUS000736,INDIVIDUAL,MEDIUM,SHORT,2016-11-02,22665000,31923080
CUS000737,INDIVIDUAL,MEDIUM,SHORT,2017-11-30,102106000,142062249
CUS000738,INDIVIDUAL,LOW,MEDIUM,2017-11-20,28937000,19387359
CUS000739,INDIVIDUAL,MEDIUM,MEDIUM,2022-03-25,6116000,12332819
CUS000740,INDIVIDUAL,LOW,SHORT,2015-07-18,79411000,55376370
CUS000741,INDIVIDUAL,MEDIUM,SHORT,2017-03-11,51908000,34336738
CUS000742,INDIVIDUAL,LOW,MEDIUM,2022-10-11,37287000,56681256
CUS000743,INDIVIDUAL,MEDIUM,MEDIUM,2014-05-30,36736000,88047819
CUS000744,INDIVIDUAL,LOW,LONG,2017-09-01,207099000,403933216
CUS000745,INDIVIDUAL,MEDIUM,SHORT,2022-03-30,445499000,83146159
CUS000746,INDIVIDUAL,LOW,MEDIUM,2016-08-15,7820000,54632947
CUS000747,INDIVIDUAL,HIGH,SHORT,2017-03-24,246201000,35507042
CUS000748,INDIVIDUAL,MEDIUM,MEDIUM,2021-05-28,145079000,25082686
CUS000749,INDIVIDUAL,HIGH,SHORT,2020-12-02,799021000,482573834
CUS000750,INDIVIDUAL,MEDIUM,SHORT,2022-01-28,90612000,54827492
CUS000751,INDIVIDUAL,MEDIUM,SHORT,2014-05-19,88181000,14638424
CUS000752,INDIVIDUAL,LOW,MEDIUM,2016-08-08,43278000,369970295
CUS000753,INDIVIDUAL,LOW,LONG,2016-06-07,130596000,51188331
CUS000754,INDIVIDUAL,LOW,MEDIUM,2022-11-18,69817000,51900584
CUS000755,INDIVIDUAL,HIGH,SHORT,2019-02-01,38262000,8062344
CUS000756,INDIVIDUAL,MEDIUM,LONG,2022-08-31,7542000,91580512
CUS000757,INDIVIDUAL,HIGH,MEDIUM,2017-09-22,1211222000,615491428
CUS000758,INDIVIDUAL,MEDIUM,LONG,2020-07-20,469417000,609023477
CUS000759,INDIVIDUAL,MEDIUM,MEDIUM,2021-07-27,556165000,184753520
CUS000760,INDIVIDUAL,MEDIUM,SHORT,2021-05-06,84753000,44225000
CUS000761,INDIVIDUAL,LOW,LONG,2022-09-08,60459000,314046773
CUS000762,INDIVIDUAL,HIGH,MEDIUM,2019-08-30,11544000,11702447
CUS000763,INDIVIDUAL,MEDIUM,SHORT,2021-08-12,188597000,28796231
CUS000764,INDIVIDUAL,HIGH,MEDIUM,2019-08-29,59294000,32215909
CUS000765,INDIVIDUAL,MEDIUM,MEDIUM,2021-07-09,40542000,6958972
CUS000766,INDIVIDUAL,MEDIUM,MEDIUM,2020-04-13,32810000,15351803
CUS000767,INDIVIDUAL,HIGH,SHORT,2016-05-23,163995000,42942683
CUS000768,INDIVIDUAL,MEDIUM,SHORT,2022-07-29,41954000,137517280
CUS000769,INDIVIDUAL,HIGH,MEDIUM,2021-09-01,37426000,9913236
CUS000770,INSTITUTION,MEDIUM,MEDIUM,2019-06-04,19349326000,2453621465
CUS000771,INDIVIDUAL,HIGH,SHORT,2022-11-01,409649000,454556001
CUS000772,INDIVIDUAL,HIGH,SHORT,2017-09-08,199154000,277019248
CUS000773,INDIVIDUAL,HIGH,SHORT,2020-08-21,169313000,23348137
CUS000774,INDIVIDUAL,HIGH,MEDIUM,2022-07-01,37976000,86026629
CUS000775,INDIVIDUAL,HIGH,SHORT,2016-08-16,24605000,6770371
CUS000776,INDIVIDUAL,MEDIUM,SHORT,2021-03-03,10192000,23618140
CUS000777,INDIVIDUAL,HIGH,LONG,2020-11-16,673552000,287469621
CUS000778,INDIVIDUAL,HIGH,SHORT,2016-10-29,280739000,31471926
CUS000779,INDIVIDUAL,MEDIUM,SHORT,2021-08-11,128555000,21418674
CUS000780,INDIVIDUAL,LOW,LONG,2016-09-13,80614000,899025344
CUS000781,INDIVIDUAL,MEDIUM,SHORT,2019-10-18,39711000,7850964
CUS000782,INSTITUTION,LOW,LONG,2021-12-28,401950000,3203711441
CUS000783,INDIVIDUAL,LOW,MEDIUM,2020-11-26,162890000,471339062
CUS000784,INDIVIDUAL,HIGH,LONG,2022-07-15,49877000,32998094
CUS000785,INDIVIDUAL,LOW,MEDIUM,2021-12-28,1265617000,1230322734
CUS000786,INDIVIDUAL,LOW,MEDIUM,2022-02-08,51411000,28424968
CUS000787,INDIVIDUAL,MEDIUM,LONG,2021-12-20,0,71612589
CUS000788,INDIVIDUAL,MEDIUM,MEDIUM,2022-05-20,45181000,102388379
CUS000789,INDIVIDUAL,MEDIUM,SHORT,2014-08-06,97632000,588338130
CUS000790,INDIVIDUAL,HIGH,SHORT,2020-06-24,44547000,80846702
CUS000791,INDIVIDUAL,HIGH,SHORT,2016-10-19,52000000,32668271
CUS000792,INDIVIDUAL,MEDIUM,MEDIUM,2021-07-23,11086000,14764999
CUS000793,INDIVIDUAL,MEDIUM,MEDIUM,2014-05-16,57961000,25409583
CUS000794,INDIVIDUAL,LOW,MEDIUM,2017-07-28,774179000,127066369
CUS000795,INDIVIDUAL,MEDIUM,MEDIUM,2020-03-19,302503000,423168503
CUS000796,INDIVIDUAL,HIGH,MEDIUM,2015-01-10,54732000,14035271
CUS000797,INSTITUTION,LOW,MEDIUM,2022-07-19,2164671000,202001518
CUS000798,INDIVIDUAL,MEDIUM,SHORT,2016-03-18,236127000,303438706
CUS000799,INDIVIDUAL,HIGH,LONG,2019-05-16,475907000,90326192
CUS000800,INDIVIDUAL,LOW,LONG,2021-07-23,25128000,365229587
CUS000801,INDIVIDUAL,MEDIUM,SHORT,2017-11-18,45794000,85007653
CUS000802,INDIVIDUAL,HIGH,SHORT,2021-10-27,7412000,7952450
CUS000803,INDIVIDUAL,MEDIUM,MEDIUM,2021-08-19,73261000,193700652
CUS000804,INDIVIDUAL,LOW,SHORT,2021-10-25,65127000,27014353
CUS000805,INDIVIDUAL,MEDIUM,LONG,2020-08-26,243225000,54632830
CUS000806,INDIVIDUAL,HIGH,MEDIUM,2021-08-10,9228000,17435729
CUS000807,INDIVIDUAL,HIGH,SHORT,2019-11-13,298324000,187486423
CUS000808,INDIVIDUAL,MEDIUM,SHORT,2021-07-22,26794000,3105425
CUS000809,INDIVIDUAL,MEDIUM,SHORT,2021-10-11,127259000,360115586
CUS000810,INSTITUTION,HIGH,SHORT,2021-08-26,1746957000,373800235
CUS000811,INDIVIDUAL,HIGH,SHORT,2017-09-13,58082000,17427525
CUS000812,INDIVIDUAL,HIGH,SHORT,2020-08-28,67180000,115126449
CUS000813,INDIVIDUAL,MEDIUM,MEDIUM,2020-06-02,261972000,95318828
CUS000814,INDIVIDUAL,LOW,LONG,2019-07-09,303157000,80834539
CUS000815,INDIVIDUAL,HIGH,LONG,2021-09-06,17161000,9426303
CUS000816,INDIVIDUAL,MEDIUM,MEDIUM,2020-12-24,239293000,36100956
CUS000817,INDIVIDUAL,LOW,SHORT,2014-03-28,617957000,441185048
CUS000818,INDIVIDUAL,HIGH,MEDIUM,2015-10-19,514845000,140414992
CUS000819,INDIVIDUAL,HIGH,SHORT,2016-01-19,138057000,24694355
CUS000820,INDIVIDUAL,LOW,MEDIUM,2022-07-20,77524000,32681593
CUS000821,INDIVIDUAL,HIGH,SHORT,2014-06-27,126855000,61199221
CUS000822,INDIVIDUAL,MEDIUM,MEDIUM,2021-03-16,142975000,29508385
CUS000823,INDIVIDUAL,HIGH,SHORT,2021-03-11,104595000,33237105
CUS000824,INDIVIDUAL,LOW,LONG,2019-08-08,221958000,216477492
CUS000825,INDIVIDUAL,MEDIUM,SHORT,2021-08-17,58355000,13226029
CUS000826,INDIVIDUAL,MEDIUM,MEDIUM,2014-09-03,33874000,132789628
CUS000827,INDIVIDUAL,MEDIUM,MEDIUM,2016-08-16,2162846000,1083295361
CUS000828,INDIVIDUAL,HIGH,SHORT,2020-05-15,258457000,46294767
CUS000829,INDIVIDUAL,MEDIUM,SHORT,2020-10-27,45733000,53851030
CUS000830,INDIVIDUAL,LOW,MEDIUM,2019-04-26,36864000,30050170
CUS000831,INDIVIDUAL,LOW,LONG,2022-10-07,2680000,36309633
CUS000832,INDIVIDUAL,HIGH,SHORT,2018-10-16,44883000,43007052
CUS000833,INSTITUTION,LOW,LONG,2020-12-08,5031723000,1718572550
CUS000834,INDIVIDUAL,MEDIUM,MEDIUM,2020-10-15,641682000,1742393426
CUS000835,INDIVIDUAL,HIGH,SHORT,2021-12-14,15970000,1828928
CUS000836,INDIVIDUAL,LOW,MEDIUM,2020-06-12,14618000,36111477
CUS000837,INDIVIDUAL,MEDIUM,MEDIUM,2019-10-01,57468000,9283296
CUS000838,INDIVIDUAL,LOW,LONG,2019-06-13,2627070000,2853165463
CUS000839,INDIVIDUAL,HIGH,SHORT,2021-05-18,64411000,193051981
CUS000840,INDIVIDUAL,LOW,MEDIUM,2019-07-10,95951000,32563524
CUS000841,INDIVIDUAL,LOW,LONG,2017-10-01,19801000,29562989
CUS000842,INDIVIDUAL,HIGH,SHORT,2020-07-31,4149000,43155953
CUS000843,INDIVIDUAL,HIGH,LONG,2021-05-19,671136000,312687274
CUS000844,INDIVIDUAL,MEDIUM,SHORT,2021-11-15,15715000,2381543
CUS000845,INSTITUTION,LOW,SHORT,2020-10-27,7519566000,16830031868
CUS000846,INDIVIDUAL,HIGH,MEDIUM,2021-09-01,139714000,19490475
CUS000847,INDIVIDUAL,MEDIUM,MEDIUM,2022-04-18,59561000,28730933
CUS000848,INDIVIDUAL,MEDIUM,MEDIUM,2022-10-11,167979000,111506764
CUS000849,INDIVIDUAL,LOW,MEDIUM,2020-10-14,212536000,74487457
CUS000850,INSTITUTION,HIGH,SHORT,2017-01-05,14384646000,1831993763
CUS000851,INDIVIDUAL,MEDIUM,MEDIUM,2019-09-06,716835000,2671019118
CUS000852,INDIVIDUAL,LOW,MEDIUM,2016-02-07,101849000,25204197
CUS000853,INDIVIDUAL,MEDIUM,MEDIUM,2021-02-04,291962000,53003064
CUS000854,INDIVIDUAL,MEDIUM,MEDIUM,2020-08-04,31924000,16482819
CUS000855,INDIVIDUAL,LOW,LONG,2014-05-29,370432000,762723647
CUS000856,INDIVIDUAL,MEDIUM,SHORT,2019-12-20,379378000,108496452
CUS000857,INDIVIDUAL,MEDIUM,SHORT,2022-08-08,5805000,57331684
CUS000858,INDIVIDUAL,HIGH,MEDIUM,2019-09-30,454869000,412911819
CUS000859,INDIVIDUAL,LOW,MEDIUM,2015-08-13,156738000,139689575
CUS000860,INDIVIDUAL,LOW,LONG,2017-01-27,57403000,47390730
CUS000861,INDIVIDUAL,HIGH,LONG,2019-03-28,19708000,37969117
CUS000862,INDIVIDUAL,MEDIUM,SHORT,2020-08-06,7692000,17927948
CUS000863,INDIVIDUAL,HIGH,MEDIUM,2021-03-19,49392000,357629262
CUS000864,INDIVIDUAL,MEDIUM,SHORT,2020-06-11,32224000,39456383
CUS000865,INDIVIDUAL,MEDIUM,LONG,2021-10-21,31604000,99686947
CUS000866,INDIVIDUAL,HIGH,SHORT,2021-05-11,109548000,54659782
CUS000867,INDIVIDUAL,MEDIUM,LONG,2020-07-22,754031000,61002856
CUS000868,INDIVIDUAL,HIGH,MEDIUM,2019-07-29,54728000,32062621
CUS000869,INDIVIDUAL,MEDIUM,SHORT,2016-11-28,166176000,446367778
CUS000870,INSTITUTION,LOW,SHORT,2021-05-11,7258989000,683981574
CUS000871,INDIVIDUAL,MEDIUM,SHORT,2017-04-17,40834000,8040507
CUS000872,INDIVIDUAL,LOW,MEDIUM,2022-04-28,232385000,258335667
CUS000873,INDIVIDUAL,MEDIUM,MEDIUM,2020-11-16,75306000,55591691
CUS000874,INDIVIDUAL,MEDIUM,MEDIUM,2017-12-17,1035718000,1077366419
CUS000875,INDIVIDUAL,MEDIUM,SHORT,2018-05-09,661196000,160459935
CUS000876,INDIVIDUAL,MEDIUM,SHORT,2020-09-11,825456000,108635312
CUS000877,INDIVIDUAL,HIGH,SHORT,2020-09-23,199931000,282721308
CUS000878,INDIVIDUAL,MEDIUM,MEDIUM,2022-04-12,73777000,93457464
CUS000879,INDIVIDUAL,LOW,MEDIUM,2019-07-22,39730000,352323965
CUS000880,INDIVIDUAL,LOW,LONG,2016-11-16,86380000,91667259
CUS000881,INDIVIDUAL,MEDIUM,LONG,2020-02-24,53396000,31123437
CUS000882,INDIVIDUAL,LOW,SHORT,2021-02-03,344280000,124767700
CUS000883,INDIVIDUAL,LOW,MEDIUM,2022-01-27,21240000,329812337
CUS000884,INDIVIDUAL,MEDIUM,LONG,2018-09-14,253691000,76765535
CUS000885,INDIVIDUAL,LOW,LONG,2021-08-04,12334000,55343419
CUS000886,INDIVIDUAL,MEDIUM,SHORT,2015-08-19,210470000,62770157
CUS000887,INDIVIDUAL,LOW,LONG,2020-07-16,68186000,40231186
CUS000888,INDIVIDUAL,LOW,LONG,2014-10-17,85198000,8961708
CUS000889,INDIVIDUAL,LOW,SHORT,2019-05-08,407392000,54479252
CUS000890,INSTITUTION,LOW,MEDIUM,2018-08-24,3187168000,296410873
CUS000891,INDIVIDUAL,MEDIUM,LONG,2020-01-10,937559000,391239596
CUS000892,INDIVIDUAL,HIGH,SHORT,2017-09-29,258016000,44804382
CUS000893,INDIVIDUAL,HIGH,SHORT,2022-09-15,30037000,185052749
CUS000894,INDIVIDUAL,MEDIUM,LONG,2020-04-09,152894000,151268950
CUS000895,INDIVIDUAL,MEDIUM,SHORT,2014-01-28,1695251000,489046856
CUS000896,INSTITUTION,MEDIUM,MEDIUM,2020-11-19,13786278000,11327303310
CUS000897,INDIVIDUAL,HIGH,MEDIUM,2021-07-27,66540000,90917471
CUS000898,INDIVIDUAL,LOW,MEDIUM,2016-02-09,170904000,54815636
CUS000899,INSTITUTION,HIGH,SHORT,2022-10-27,14274785000,176521641
CUS000900,INDIVIDUAL,MEDIUM,MEDIUM,2018-11-30,331466000,565633366
CUS000901,INDIVIDUAL,MEDIUM,MEDIUM,2017-12-16,108414000,264146878
CUS000902,INDIVIDUAL,MEDIUM,LONG,2020-06-05,61462000,161215711
CUS000903,INDIVIDUAL,MEDIUM,MEDIUM,2022-08-23,7959000,125061775
CUS000904,INDIVIDUAL,HIGH,SHORT,2022-07-15,394092000,245608760
CUS000905,INDIVIDUAL,MEDIUM,MEDIUM,2021-09-21,8215000,32583013
CUS000906,INDIVIDUAL,MEDIUM,MEDIUM,2018-02-04,89700000,23019348
CUS000907,INDIVIDUAL,MEDIUM,MEDIUM,2017-06-25,17771000,17135668
CUS000908,INDIVIDUAL,MEDIUM,MEDIUM,2018-10-03,57786000,33820243
CUS000909,INDIVIDUAL,MEDIUM,LONG,2015-12-19,159418000,85548020
CUS000910,INDIVIDUAL,MEDIUM,MEDIUM,2019-05-08,609541000,376392550
CUS000911,INDIVIDUAL,LOW,LONG,2021-06-24,52064000,76534237
CUS000912,INDIVIDUAL,HIGH,MEDIUM,2022-09-07,38214000,24907046
CUS000913,INDIVIDUAL,LOW,LONG,2021-05-05,8499000,34351266
CUS000914,INDIVIDUAL,LOW,LONG,2021-09-07,363941000,263270084
CUS000915,INDIVIDUAL,MEDIUM,SHORT,2019-09-27,231816000,21758053
CUS000916,INDIVIDUAL,LOW,LONG,2019-05-29,742360000,766968494
CUS000917,INDIVIDUAL,MEDIUM,MEDIUM,2021-01-27,829547000,1101648367
CUS000918,INDIVIDUAL,HIGH,SHORT,2019-12-31,43174000,80247640
CUS000919,INDIVIDUAL,HIGH,MEDIUM,2019-04-19,237274000,30685740
CUS000920,INSTITUTION,MEDIUM,SHORT,2020-03-20,18325850000,1265354090
CUS000921,INDIVIDUAL,LOW,LONG,2021-01-29,44623000,144539729
CUS000922,INDIVIDUAL,HIGH,SHORT,2015-03-02,403342000,1565269379
CUS000923,INDIVIDUAL,MEDIUM,SHORT,2020-07-28,712390000,302202629
CUS000924,INSTITUTION,LOW,MEDIUM,2015-11-11,31173741000,32870582649
CUS000925,INDIVIDUAL,MEDIUM,MEDIUM,2022-10-07,47470000,7515859
CUS000926,INDIVIDUAL,HIGH,SHORT,2014-12-04,18810000,12815693
CUS000927,INDIVIDUAL,HIGH,SHORT,2017-03-04,1047105000,836965615
CUS000928,INDIVIDUAL,MEDIUM,LONG,2022-02-22,14226000,5997683
CUS000929,INSTITUTION,LOW,MEDIUM,2017-08-05,7248837000,8541270085
CUS000930,INDIVIDUAL,MEDIUM,SHORT,2022-06-10,49801000,17638803
CUS000931,INDIVIDUAL,HIGH,SHORT,2022-09-30,186065000,26066518
CUS000932,INDIVIDUAL,MEDIUM,LONG,2022-07-01,236581000,42451205
CUS000933,INDIVIDUAL,HIGH,SHORT,2019-03-08,677793000,70623074
CUS000934,INDIVIDUAL,HIGH,SHORT,2019-05-21,20707000,70509792
CUS000935,INDIVIDUAL,MEDIUM,LONG,2021-01-25,71159000,228089166
CUS000936,INDIVIDUAL,MEDIUM,SHORT,2019-03-18,55260000,23485166
CUS000937,INDIVIDUAL,HIGH,SHORT,2017-08-25,120572000,23307828
CUS000938,INDIVIDUAL,HIGH,MEDIUM,2020-03-13,723500000,94085235
CUS000939,INDIVIDUAL,HIGH,SHORT,2015-03-17,85388000,106844176
CUS000940,INDIVIDUAL,HIGH,LONG,2021-03-16,169069000,303047079
CUS000941,INDIVIDUAL,HIGH,SHORT,2022-07-28,0,86312174
CUS000942,INDIVIDUAL,MEDIUM,MEDIUM,2021-04-08,411431000,115092249
CUS000943,INDIVIDUAL,MEDIUM,MEDIUM,2021-12-29,42506000,16180601
CUS000944,INDIVIDUAL,LOW,MEDIUM,2022-11-09,353912000,467890444
CUS000945,INDIVIDUAL,HIGH,MEDIUM,2020-09-22,140608000,150769171
CUS000946,INDIVIDUAL,MEDIUM,MEDIUM,2015-05-12,327521000,58287053
CUS000947,INDIVIDUAL,HIGH,MEDIUM,2019-04-25,504709000,315579360
CUS000948,INDIVIDUAL,HIGH,SHORT,2015-07-28,126864000,153518612
CUS000949,INDIVIDUAL,MEDIUM,MEDIUM,2022-07-08,78973000,96411254
CUS000950,INDIVIDUAL,MEDIUM,MEDIUM,2016-08-20,185445000,3921323
CUS000951,INDIVIDUAL,HIGH,MEDIUM,2022-08-12,330414000,28076066
CUS000952,INDIVIDUAL,HIGH,MEDIUM,2014-07-26,765831000,270511321
CUS000953,INDIVIDUAL,HIGH,SHORT,2021-06-18,80543000,46322574
CUS000954,INDIVIDUAL,MEDIUM,MEDIUM,2020-09-07,7135000,25076383
CUS000955,INDIVIDUAL,HIGH,SHORT,2017-08-17,105594000,146292745
CUS000956,INDIVIDUAL,HIGH,MEDIUM,2014-01-04,428041000,154368865
CUS000957,INDIVIDUAL,MEDIUM,SHORT,2022-08-25,1788000,24099588
CUS000958,INDIVIDUAL,MEDIUM,SHORT,2021-08-25,10478000,360828994
CUS000959,INDIVIDUAL,HIGH,SHORT,2015-12-04,125003000,41367210
CUS000960,INDIVIDUAL,MEDIUM,SHORT,2020-06-12,15533000,7483231
CUS000961,INDIVIDUAL,LOW,LONG,2020-11-25,273353000,196638712
CUS000962,INDIVIDUAL,HIGH,SHORT,2021-07-29,87970000,134421438
CUS000963,INDIVIDUAL,MEDIUM,LONG,2021-08-30,50168000,27541644
CUS000964,INDIVIDUAL,HIGH,SHORT,2019-10-17,36459000,4579102
CUS000965,INDIVIDUAL,MEDIUM,MEDIUM,2022-05-05,64788000,33712586
CUS000966,INDIVIDUAL,LOW,LONG,2021-10-25,12655000,37574947
CUS000967,INSTITUTION,MEDIUM,LONG,2018-09-08,888069000,648228147
CUS000968,INDIVIDUAL,MEDIUM,MEDIUM,2014-12-16,1046338000,79708925
CUS000969,INDIVIDUAL,HIGH,MEDIUM,2022-02-17,39164000,22535626
CUS000970,INDIVIDUAL,LOW,MEDIUM,2016-03-21,359576000,147655903
CUS000971,INDIVIDUAL,MEDIUM,MEDIUM,2022-03-18,26451000,126051064
CUS000972,INDIVIDUAL,MEDIUM,LONG,2018-12-22,1551572000,1588512782
CUS000973,INDIVIDUAL,HIGH,SHORT,2021-05-20,58571000,43757209
CUS000974,INDIVIDUAL,LOW,MEDIUM,2019-12-12,1987373000,2056425885
CUS000975,INDIVIDUAL,MEDIUM,MEDIUM,2021-06-22,91538000,9330462
CUS000976,INSTITUTION,LOW,LONG,2022-03-11,173807000,1225435380
CUS000977,INDIVIDUAL,HIGH,SHORT,2021-05-06,104513000,26545056
CUS000978,INSTITUTION,LOW,SHORT,2020-10-13,8225050000,1848990736
CUS000979,INDIVIDUAL,HIGH,MEDIUM,2020-11-25,7352000,14541177
CUS000980,INDIVIDUAL,HIGH,MEDIUM,2015-06-17,155814000,58489073
CUS000981,INSTITUTION,MEDIUM,SHORT,2016-02-05,23902102000,6067349856
CUS000982,INDIVIDUAL,HIGH,MEDIUM,2021-11-26,301919000,281955599
CUS000983,INDIVIDUAL,LOW,SHORT,2021-02-25,41286000,298848051
CUS000984,INDIVIDUAL,MEDIUM,MEDIUM,2021-11-18,79484000,18121803
CUS000985,INDIVIDUAL,HIGH,MEDIUM,2015-01-24,191918000,103192379
CUS000986,INDIVIDUAL,HIGH,SHORT,2022-04-21,258679000,9489252
CUS000987,INDIVIDUAL,LOW,LONG,2016-08-13,672364000,484030722
CUS000988,INDIVIDUAL,MEDIUM,SHORT,2021-10-27,315532000,14367583
CUS000989,INDIVIDUAL,HIGH,MEDIUM,2021-03-17,132809000,9833673
CUS000990,INDIVIDUAL,MEDIUM,SHORT,2022-11-08,60754000,26676562
CUS000991,INDIVIDUAL,LOW,LONG,2014-04-30,25953000,21045370
CUS000992,INDIVIDUAL,MEDIUM,MEDIUM,2021-03-04,67427000,40100490
CUS000993,INDIVIDUAL,HIGH,SHORT,2021-08-24,126379000,52171681
CUS000994,INDIVIDUAL,HIGH,MEDIUM,2021-06-11,80805000,5294081
CUS000995,INDIVIDUAL,MEDIUM,LONG,2020-12-17,47086000,13347324
CUS000996,INDIVIDUAL,MEDIUM,SHORT,2015-12-14,333034000,346797529
CUS000997,INDIVIDUAL,HIGH,SHORT,2014-02-28,183409000,38010159
CUS000998,INDIVIDUAL,HIGH,SHORT,2020-04-29,292150000,100759180
CUS000999,INDIVIDUAL,MEDIUM,LONG,2022-07-12,157333000,98732272
CUS001000,INDIVIDUAL,MEDIUM,MEDIUM,2018-10-10,540031000,40065343
CUS001001,INDIVIDUAL,HIGH,MEDIUM,2021-10-27,303747000,137452883
CUS001002,INSTITUTION,LOW,MEDIUM,2017-06-10,7030009000,1339484726
CUS001003,INDIVIDUAL,MEDIUM,MEDIUM,2021-09-28,41453000,16321599
CUS001004,INDIVIDUAL,MEDIUM,SHORT,2020-04-21,634961000,140876054
CUS001005,INDIVIDUAL,MEDIUM,LONG,2018-09-30,267562000,41002358
CUS001006,INDIVIDUAL,HIGH,SHORT,2021-08-26,79910000,174101951
CUS001007,INDIVIDUAL,MEDIUM,SHORT,2021-06-25,33178000,25028065
CUS001008,INDIVIDUAL,MEDIUM,MEDIUM,2020-10-02,15853000,1992714
CUS001009,INDIVIDUAL,HIGH,LONG,2018-03-28,250380000,66985897
CUS001010,INDIVIDUAL,MEDIUM,MEDIUM,2021-01-12,113237000,185203337
CUS001011,INDIVIDUAL,HIGH,SHORT,2022-01-06,51928000,35883788
CUS001012,INDIVIDUAL,HIGH,SHORT,2022-05-09,44900000,125971105
CUS001013,INDIVIDUAL,MEDIUM,SHORT,2021-06-11,169923000,17266465
CUS001014,INDIVIDUAL,MEDIUM,SHORT,2014-08-22,170052000,187838948
CUS001015,INDIVIDUAL,LOW,LONG,2022-04-15,79234000,109747554
CUS001016,INSTITUTION,MEDIUM,SHORT,2020-02-11,3375246000,3330450996
CUS001017,INDIVIDUAL,MEDIUM,MEDIUM,2021-02-09,182490000,393513629
CUS001018,INDIVIDUAL,HIGH,MEDIUM,2021-11-17,10572000,119366673
CUS001019,INDIVIDUAL,MEDIUM,LONG,2014-02-05,20351000,213293957
CUS001020,INSTITUTION,LOW,SHORT,2020-02-27,6174009000,9903493341
CUS001021,INDIVIDUAL,MEDIUM,MEDIUM,2021-11-26,90617000,71041851
CUS001022,INDIVIDUAL,HIGH,MEDIUM,2017-02-19,1805132000,161308726
CUS001023,INDIVIDUAL,MEDIUM,MEDIUM,2019-10-15,118554000,77479806
CUS001024,INDIVIDUAL,MEDIUM,LONG,2019-07-01,788307000,926689756
CUS001025,INDIVIDUAL,MEDIUM,MEDIUM,2017-03-21,1148525000,2712448176
CUS001026,INDIVIDUAL,HIGH,SHORT,2015-12-08,1118942000,500159957
CUS001027,INSTITUTION,MEDIUM,LONG,2019-08-13,9667831000,25849934835
CUS001028,INSTITUTION,LOW,SHORT,2019-11-01,12335662000,58595872477
CUS001029,INDIVIDUAL,LOW,LONG,2021-02-05,2525409000,6050975659
CUS001030,INDIVIDUAL,LOW,SHORT,2020-07-28,491692000,566360357
CUS001031,INDIVIDUAL,MEDIUM,MEDIUM,2020-01-15,49538000,25573683
CUS001032,INDIVIDUAL,HIGH,SHORT,2019-06-04,384114000,84876229
CUS001033,INDIVIDUAL,HIGH,MEDIUM,2020-10-27,101993000,102920828
CUS001034,INSTITUTION,LOW,LONG,2021-07-12,1768300000,10310444938
CUS001035,INDIVIDUAL,MEDIUM,MEDIUM,2016-12-27,417861000,404950278
CUS001036,INDIVIDUAL,LOW,LONG,2020-07-06,40173000,42643642
CUS001037,INDIVIDUAL,HIGH,SHORT,2021-12-13,230360000,194150972
CUS001038,INDIVIDUAL,MEDIUM,MEDIUM,2021-08-03,94929000,114905951
CUS001039,INDIVIDUAL,HIGH,MEDIUM,2016-03-25,610653000,392396529
CUS001040,INDIVIDUAL,MEDIUM,MEDIUM,2022-06-07,117195000,79235061
CUS001041,INDIVIDUAL,MEDIUM,MEDIUM,2022-10-21,361403000,359826359
CUS001042,INDIVIDUAL,LOW,LONG,2022-11-03,40580000,500631662
CUS001043,INDIVIDUAL,MEDIUM,MEDIUM,2015-11-14,254174000,293779216
CUS001044,INDIVIDUAL,LOW,MEDIUM,2014-05-21,22283000,12584127
CUS001045,INDIVIDUAL,LOW,MEDIUM,2022-11-15,39979000,78077190
CUS001046,INDIVIDUAL,MEDIUM,SHORT,2021-06-08,42209000,10301564
CUS001047,INDIVIDUAL,MEDIUM,MEDIUM,2021-05-20,8964000,77989769
CUS001048,INDIVIDUAL,HIGH,SHORT,2022-02-23,221725000,352414047
CUS001049,INDIVIDUAL,LOW,LONG,2016-01-27,131723000,257970809
CUS001050,INDIVIDUAL,MEDIUM,MEDIUM,2019-02-21,349837000,422789344
CUS001051,INDIVIDUAL,HIGH,MEDIUM,2021-04-26,16464000,15875283
CUS001052,INDIVIDUAL,LOW,LONG,2020-07-22,70247000,26848989
CUS001053,INDIVIDUAL,HIGH,SHORT,2018-03-24,92363000,100325949
CUS001054,INDIVIDUAL,MEDIUM,MEDIUM,2020-06-19,54085000,239980829
CUS001055,INDIVIDUAL,HIGH,SHORT,2020-02-24,17021000,22606770
CUS001056,INDIVIDUAL,MEDIUM,MEDIUM,2019-12-04,388371000,41678681
CUS001057,INDIVIDUAL,LOW,LONG,2022-03-23,129687000,790486847
CUS001058,INDIVIDUAL,MEDIUM,SHORT,2018-10-11,7860473000,51809255
CUS001059,INDIVIDUAL,MEDIUM,SHORT,2017-04-15,39948000,117880980
CUS001060,INSTITUTION,LOW,LONG,2021-05-31,1220850000,2317535213
CUS001061,INDIVIDUAL,MEDIUM,SHORT,2021-09-14,590176000,775884515
CUS001062,INDIVIDUAL,MEDIUM,SHORT,2022-02-10,158885000,44593267
CUS001063,INDIVIDUAL,HIGH,SHORT,2021-11-16,858284000,195498341
CUS001064,INDIVIDUAL,LOW,LONG,2019-07-15,83175000,55219850
CUS001065,INDIVIDUAL,LOW,MEDIUM,2015-02-08,3109686000,2154798279
CUS001066,INDIVIDUAL,HIGH,SHORT,2021-09-08,640061000,87400748
CUS001067,INDIVIDUAL,LOW,LONG,2022-06-02,123570000,30121776
CUS001068,INDIVIDUAL,MEDIUM,SHORT,2021-11-16,501306000,696365055
CUS001069,INDIVIDUAL,MEDIUM,LONG,2016-07-10,44001000,83087129
CUS001070,INDIVIDUAL,LOW,LONG,2017-04-25,100500000,579830314
CUS001071,INDIVIDUAL,LOW,MEDIUM,2014-08-28,20481000,14325949
CUS001072,INDIVIDUAL,HIGH,MEDIUM,2022-10-24,47709000,56191964
CUS001073,INDIVIDUAL,MEDIUM,MEDIUM,2019-01-03,81788000,389135100
CUS001074,INDIVIDUAL,LOW,MEDIUM,2021-10-14,546431000,26053708
CUS001075,INDIVIDUAL,HIGH,MEDIUM,2020-05-21,607201000,52944541
CUS001076,INDIVIDUAL,MEDIUM,MEDIUM,2022-11-09,86119000,94001849
CUS001077,INDIVIDUAL,MEDIUM,SHORT,2022-07-15,306854000,581195583
CUS001078,INDIVIDUAL,HIGH,MEDIUM,2019-09-19,253178000,280375365
CUS001079,INDIVIDUAL,MEDIUM,MEDIUM,2021-06-07,162285000,197421563
CUS001080,INDIVIDUAL,MEDIUM,SHORT,2022-06-30,108641000,78588803
CUS001081,INDIVIDUAL,MEDIUM,MEDIUM,2022-06-24,85025000,12921867
CUS001082,INDIVIDUAL,MEDIUM,SHORT,2020-08-26,76112000,129327217
CUS001083,INDIVIDUAL,MEDIUM,SHORT,2021-03-15,12159000,58043965
CUS001084,INDIVIDUAL,MEDIUM,MEDIUM,2020-07-21,379641000,196719735
CUS001085,INDIVIDUAL,MEDIUM,SHORT,2021-02-02,118838000,45175147
CUS001086,INDIVIDUAL,HIGH,SHORT,2015-06-09,39220000,11945455
CUS001087,INDIVIDUAL,HIGH,SHORT,2019-05-03,79843000,49490101
CUS001088,INDIVIDUAL,MEDIUM,LONG,2021-06-11,636000,22995517
CUS001089,INDIVIDUAL,MEDIUM,MEDIUM,2020-10-19,136516000,23438112
CUS001090,INDIVIDUAL,MEDIUM,MEDIUM,2021-07-28,69515000,10229166
CUS001091,INDIVIDUAL,HIGH,SHORT,2020-09-17,165942000,194052371
CUS001092,INDIVIDUAL,HIGH,LONG,2022-07-20,115881000,180681531
CUS001093,INDIVIDUAL,LOW,LONG,2016-04-06,227317000,93185900
CUS001094,INDIVIDUAL,LOW,LONG,2018-02-10,22566000,12996856
CUS001095,INSTITUTION,LOW,LONG,2018-12-07,28798236000,2610900572
CUS001096,INDIVIDUAL,HIGH,SHORT,2022-02-21,14226000,3281947
CUS001097,INDIVIDUAL,LOW,LONG,2021-05-05,12779000,15652090
CUS001098,INDIVIDUAL,MEDIUM,SHORT,2022-02-22,161693000,335047751
CUS001099,INDIVIDUAL,HIGH,LONG,2020-03-16,14635000,22839478
CUS001100,INDIVIDUAL,HIGH,SHORT,2021-12-17,48022000,347910209
CUS001101,INDIVIDUAL,MEDIUM,SHORT,2022-04-14,91808000,65646640
CUS001102,INDIVIDUAL,MEDIUM,MEDIUM,2019-12-26,17226000,15851014
CUS001103,INDIVIDUAL,HIGH,SHORT,2014-10-09,4133000,53723959
CUS001104,INDIVIDUAL,MEDIUM,LONG,2021-07-14,678426000,773075655
CUS001105,INDIVIDUAL,LOW,SHORT,2020-12-29,55269000,58521050
CUS001106,INDIVIDUAL,HIGH,SHORT,2022-08-10,243648000,105312097
CUS001107,INDIVIDUAL,HIGH,SHORT,2022-09-08,11393000,8516884
CUS001108,INDIVIDUAL,MEDIUM,SHORT,2019-05-16,267688000,496858642
CUS001109,INDIVIDUAL,MEDIUM,SHORT,2016-03-07,96980000,11320679
CUS001110,INDIVIDUAL,LOW,MEDIUM,2020-07-20,162315000,33320755
CUS001111,INDIVIDUAL,MEDIUM,MEDIUM,2021-05-20,66200000,32053820
CUS001112,INDIVIDUAL,MEDIUM,MEDIUM,2021-07-28,12144000,45120053
CUS001113,INDIVIDUAL,LOW,LONG,2022-02-09,61264000,36628647
CUS001114,INSTITUTION,LOW,MEDIUM,2017-03-23,2700625000,1027249288
CUS001115,INDIVIDUAL,LOW,LONG,2014-10-23,193165000,1026606684
CUS001116,INDIVIDUAL,HIGH,SHORT,2020-06-17,144774000,386115400
CUS001117,INDIVIDUAL,MEDIUM,MEDIUM,2015-09-04,25770000,7398224
CUS001118,INDIVIDUAL,MEDIUM,MEDIUM,2018-06-21,51768000,179250838
CUS001119,INDIVIDUAL,HIGH,MEDIUM,2014-08-28,48894000,37365905
CUS001120,INDIVIDUAL,LOW,MEDIUM,2015-07-28,442180000,772827747
CUS001121,INDIVIDUAL,MEDIUM,MEDIUM,2016-11-18,67513000,16876167
CUS001122,INDIVIDUAL,LOW,MEDIUM,2015-12-14,76907000,74943663
CUS001123,INDIVIDUAL,HIGH,SHORT,2018-09-06,43098000,39911710
CUS001124,INSTITUTION,LOW,LONG,2019-07-17,10210455000,1689291227
CUS001125,INSTITUTION,LOW,LONG,2017-11-28,6175734000,6346912018
CUS001126,INDIVIDUAL,HIGH,MEDIUM,2022-06-03,261702000,265479104
CUS001127,INDIVIDUAL,HIGH,SHORT,2019-11-15,156493000,62266133
CUS001128,INDIVIDUAL,HIGH,MEDIUM,2016-08-21,235516000,111208218
CUS001129,INDIVIDUAL,MEDIUM,LONG,2021-07-30,16260000,5280537
CUS001130,INSTITUTION,MEDIUM,MEDIUM,2021-07-06,767159000,1011324115
CUS001131,INDIVIDUAL,MEDIUM,MEDIUM,2022-02-23,125843000,12745275
CUS001132,INDIVIDUAL,MEDIUM,MEDIUM,2019-05-10,31423000,51216310
CUS001133,INDIVIDUAL,MEDIUM,SHORT,2021-10-19,6920000,27079272
CUS001134,INDIVIDUAL,LOW,MEDIUM,2019-12-27,65572000,53789973
CUS001135,INDIVIDUAL,HIGH,MEDIUM,2022-04-12,251285000,6368908
CUS001136,INDIVIDUAL,MEDIUM,SHORT,2021-04-20,1563000,26766106
CUS001137,INDIVIDUAL,LOW,LONG,2020-09-18,301351000,168804335
CUS001138,INDIVIDUAL,HIGH,SHORT,2019-11-11,454263000,475209957
CUS001139,INDIVIDUAL,LOW,LONG,2021-07-22,182707000,950032719
CUS001140,INDIVIDUAL,LOW,MEDIUM,2021-11-08,105579000,16590051
CUS001141,INDIVIDUAL,MEDIUM,LONG,2022-06-27,157171000,203123794
CUS001142,INDIVIDUAL,HIGH,SHORT,2020-10-14,170039000,72705150
CUS001143,INDIVIDUAL,MEDIUM,LONG,2022-01-10,133876000,37031621
CUS001144,INDIVIDUAL,HIGH,MEDIUM,2017-08-19,144439000,25558967
CUS001145,INSTITUTION,LOW,LONG,2022-03-29,2820563000,560291320
CUS001146,INDIVIDUAL,MEDIUM,LONG,2022-02-10,275720000,228075988
CUS001147,INDIVIDUAL,HIGH,SHORT,2014-01-18,303382000,40413486
CUS001148,INDIVIDUAL,MEDIUM,LONG,2021-07-29,9192000,11589639
CUS001149,INDIVIDUAL,MEDIUM,SHORT,2022-01-04,112463000,58012099
CUS001150,INDIVIDUAL,MEDIUM,LONG,2015-03-22,211947000,89536497
CUS001151,INDIVIDUAL,MEDIUM,MEDIUM,2020-09-25,525880000,181081291
CUS001152,INDIVIDUAL,MEDIUM,MEDIUM,2019-04-24,39034000,174788931
CUS001153,INDIVIDUAL,MEDIUM,MEDIUM,2021-12-02,90895000,30769479
CUS001154,INDIVIDUAL,MEDIUM,SHORT,2020-08-24,288925000,32801435
CUS001155,INDIVIDUAL,HIGH,LONG,2021-08-20,40027000,4693259
CUS001156,INDIVIDUAL,MEDIUM,SHORT,2020-08-26,276886000,22617598
CUS001157,INDIVIDUAL,LOW,LONG,2017-07-09,296927000,657608056
CUS001158,INSTITUTION,LOW,LONG,2015-05-25,10088377000,10391687449
CUS001159,INDIVIDUAL,MEDIUM,MEDIUM,2017-01-10,140282000,37767793
CUS001160,INDIVIDUAL,MEDIUM,MEDIUM,2022-07-14,4413000,18684995
CUS001161,INDIVIDUAL,MEDIUM,MEDIUM,2022-03-03,199830000,25305395
CUS001162,INDIVIDUAL,MEDIUM,MEDIUM,2015-05-02,255728000,194382680
CUS001163,INDIVIDUAL,HIGH,LONG,2021-12-09,191343000,17350017
CUS001164,INDIVIDUAL,MEDIUM,LONG,2021-12-23,42582000,50205628
CUS001165,INDIVIDUAL,MEDIUM,MEDIUM,2021-07-08,157414000,34346288
CUS001166,INSTITUTION,LOW,LONG,2020-09-25,47790377000,14255570661
CUS001167,INDIVIDUAL,LOW,LONG,2014-03-02,297892000,152428327
CUS001168,INDIVIDUAL,MEDIUM,LONG,2020-10-07,254488000,129486187
CUS001169,INDIVIDUAL,LOW,LONG,2014-04-16,139582000,37214707
CUS001170,INDIVIDUAL,LOW,SHORT,2018-08-01,59265000,44883666
CUS001171,INDIVIDUAL,MEDIUM,SHORT,2022-03-25,41079000,94836949
CUS001172,INDIVIDUAL,MEDIUM,MEDIUM,2019-09-18,117714000,162064785
CUS001173,INDIVIDUAL,MEDIUM,MEDIUM,2014-07-25,406618000,980358898
CUS001174,INDIVIDUAL,HIGH,SHORT,2022-08-02,3026000,16690326
CUS001175,INDIVIDUAL,HIGH,SHORT,2021-07-28,159235000,63639970
CUS001176,INDIVIDUAL,LOW,LONG,2021-08-27,63972000,4703963
CUS001177,INDIVIDUAL,HIGH,LONG,2022-05-05,85859000,34145455
CUS001178,INDIVIDUAL,MEDIUM,MEDIUM,2020-06-22,324969000,154455254
CUS001179,INSTITUTION,MEDIUM,SHORT,2021-06-28,2273739000,2227133333
CUS001180,INDIVIDUAL,MEDIUM,SHORT,2021-05-07,119896000,17253968
CUS001181,INDIVIDUAL,MEDIUM,SHORT,2021-04-23,15096000,35917209
CUS001182,INDIVIDUAL,MEDIUM,SHORT,2015-12-18,205276000,164366162
CUS001183,INDIVIDUAL,HIGH,MEDIUM,2019-01-22,43844000,13189844
CUS001184,INDIVIDUAL,LOW,SHORT,2021-05-07,5972000,78750271
CUS001185,INDIVIDUAL,HIGH,SHORT,2022-08-15,141292000,841667498
CUS001186,INDIVIDUAL,HIGH,SHORT,2020-06-02,277656000,43410169
CUS001187,INDIVIDUAL,MEDIUM,MEDIUM,2021-08-30,249013000,182519099
CUS001188,INDIVIDUAL,MEDIUM,SHORT,2016-04-17,98050000,53612983
CUS001189,INDIVIDUAL,HIGH,SHORT,2019-10-22,136154000,156411119
CUS001190,INDIVIDUAL,HIGH,SHORT,2017-06-03,398871000,153710922
CUS001191,INDIVIDUAL,LOW,LONG,2021-08-25,3800000,184222524
CUS001192,INDIVIDUAL,LOW,LONG,2020-07-31,208644000,26314857
CUS001193,INDIVIDUAL,MEDIUM,SHORT,2020-11-18,0,334498804
CUS001194,INDIVIDUAL,HIGH,SHORT,2022-10-28,684278000,142358265
CUS001195,INDIVIDUAL,MEDIUM,SHORT,2020-07-14,144093000,548690039
CUS001196,INDIVIDUAL,HIGH,SHORT,2015-07-08,36495000,78946332
CUS001197,INDIVIDUAL,LOW,MEDIUM,2022-07-06,6226000,22286910
CUS001198,INDIVIDUAL,MEDIUM,MEDIUM,2019-09-20,392997000,286951545
CUS001199,INDIVIDUAL,MEDIUM,LONG,2020-07-15,5421000,32237916
CUS001200,INDIVIDUAL,LOW,MEDIUM,2015-01-13,133026000,120359286
CUS001201,INDIVIDUAL,LOW,MEDIUM,2019-05-06,279543000,17722892
CUS001202,INDIVIDUAL,HIGH,MEDIUM,2019-05-02,307916000,84820953
CUS001203,INSTITUTION,HIGH,SHORT,2019-06-13,34043781000,3226435044
CUS001204,INDIVIDUAL,HIGH,SHORT,2015-06-28,62599000,31288550
CUS001205,INDIVIDUAL,LOW,MEDIUM,2021-08-25,34352000,49344105
CUS001206,INDIVIDUAL,LOW,LONG,2020-11-13,210079000,162043315
CUS001207,INDIVIDUAL,LOW,SHORT,2022-05-26,66041000,15950506
CUS001208,INDIVIDUAL,MEDIUM,SHORT,2016-05-27,1746026000,188852625
CUS001209,INDIVIDUAL,HIGH,SHORT,2019-11-19,469556000,172884969
CUS001210,INDIVIDUAL,LOW,LONG,2021-04-28,19983000,68714611
CUS001211,INDIVIDUAL,MEDIUM,LONG,2020-04-13,1588669000,1144465684
CUS001212,INDIVIDUAL,LOW,LONG,2021-07-08,52323000,130360683
CUS001213,INDIVIDUAL,MEDIUM,LONG,2021-04-13,3950000,110716206
CUS001214,INDIVIDUAL,LOW,MEDIUM,2021-03-03,1328217000,710948124
CUS001215,INDIVIDUAL,LOW,LONG,2021-11-26,180816000,73647015
CUS001216,INDIVIDUAL,MEDIUM,MEDIUM,2022-09-05,314287000,179839168
CUS001217,INDIVIDUAL,MEDIUM,MEDIUM,2020-10-13,155925000,69575762
CUS001218,INDIVIDUAL,MEDIUM,SHORT,2019-10-03,38709000,45767254
CUS001219,INDIVIDUAL,MEDIUM,MEDIUM,2020-12-22,270860000,144014179
CUS001220,INDIVIDUAL,LOW,LONG,2021-03-26,182112000,112152200
CUS001221,INDIVIDUAL,MEDIUM,SHORT,2022-01-12,629398000,18384386
CUS001222,INDIVIDUAL,MEDIUM,SHORT,2014-07-21,249396000,282132916
CUS001223,INDIVIDUAL,MEDIUM,MEDIUM,2020-07-29,69055000,30485081
CUS001224,INDIVIDUAL,HIGH,SHORT,2019-10-09,37535000,74907683
CUS001225,INDIVIDUAL,MEDIUM,MEDIUM,2022-02-17,28122000,9276506
CUS001226,INDIVIDUAL,HIGH,SHORT,2022-03-16,126823000,48154451
CUS001227,INDIVIDUAL,LOW,LONG,2015-04-28,160215000,273034423
CUS001228,INDIVIDUAL,HIGH,MEDIUM,2020-11-24,91967000,23705227
CUS001229,INDIVIDUAL,HIGH,SHORT,2021-11-22,62704000,44069789
CUS001230,INDIVIDUAL,HIGH,SHORT,2020-07-07,15612000,18932145
CUS001231,INDIVIDUAL,MEDIUM,LONG,2014-10-24,287222000,91763551
CUS001232,INDIVIDUAL,LOW,LONG,2020-08-17,140817000,107226101
CUS001233,INDIVIDUAL,MEDIUM,SHORT,2021-05-07,70478000,185393139
CUS001234,INDIVIDUAL,LOW,MEDIUM,2022-07-14,402707000,578118329
CUS001235,INDIVIDUAL,HIGH,LONG,2020-12-01,45260000,53187414
CUS001236,INDIVIDUAL,MEDIUM,MEDIUM,2016-04-18,213351000,532927393
CUS001237,INDIVIDUAL,MEDIUM,LONG,2022-03-17,262931000,117799128
CUS001238,INDIVIDUAL,LOW,LONG,2019-09-11,2908396000,364115742
CUS001239,INDIVIDUAL,HIGH,MEDIUM,2021-11-03,29579000,44645176
CUS001240,INDIVIDUAL,MEDIUM,MEDIUM,2020-06-24,445230000,78126014
CUS001241,INDIVIDUAL,LOW,LONG,2021-12-28,74852000,15055941
CUS001242,INDIVIDUAL,MEDIUM,MEDIUM,2019-05-14,170097000,107642404
CUS001243,INDIVIDUAL,LOW,LONG,2014-12-15,1715818000,4551656943
CUS001244,INDIVIDUAL,HIGH,SHORT,2020-12-02,194744000,251982865
CUS001245,INDIVIDUAL,LOW,MEDIUM,2021-10-28,259849000,290084427
CUS001246,INDIVIDUAL,HIGH,SHORT,2017-01-25,32259000,12800322
CUS001247,INDIVIDUAL,LOW,MEDIUM,2019-09-12,457363000,1456669565
CUS001248,INDIVIDUAL,HIGH,LONG,2021-07-02,50958000,28733003
CUS001249,INDIVIDUAL,HIGH,SHORT,2021-01-27,139019000,65455120
CUS001250,INDIVIDUAL,LOW,LONG,2020-07-14,284331000,143112776
CUS001251,INDIVIDUAL,MEDIUM,MEDIUM,2021-05-10,289155000,56382570
CUS001252,INDIVIDUAL,HIGH,SHORT,2020-08-11,54725000,100265445
CUS001253,INDIVIDUAL,MEDIUM,MEDIUM,2020-09-22,52729000,89989370
CUS001254,INDIVIDUAL,MEDIUM,SHORT,2018-04-24,81823000,21627307
CUS001255,INDIVIDUAL,MEDIUM,LONG,2014-11-23,19619000,29308756
CUS001256,INDIVIDUAL,MEDIUM,SHORT,2021-03-09,28560000,60693718
CUS001257,INDIVIDUAL,HIGH,MEDIUM,2018-05-08,1045781000,202841036
CUS001258,INDIVIDUAL,MEDIUM,LONG,2021-06-08,132416000,587752844
CUS001259,INDIVIDUAL,HIGH,SHORT,2016-03-29,1019331000,332391837
CUS001260,INDIVIDUAL,MEDIUM,LONG,2022-06-13,1330000,45902137
CUS001261,INDIVIDUAL,HIGH,MEDIUM,2020-08-07,80586000,130895959
CUS001262,INDIVIDUAL,HIGH,SHORT,2022-11-11,86052000,15491387
CUS001263,INDIVIDUAL,MEDIUM,MEDIUM,2018-02-02,11922000,6486020
CUS001264,INDIVIDUAL,MEDIUM,MEDIUM,2022-11-09,289496000,64299409
CUS001265,INDIVIDUAL,LOW,LONG,2020-01-06,43100000,133839233
CUS001266,INDIVIDUAL,MEDIUM,LONG,2020-06-12,392644000,270761410
CUS001267,INSTITUTION,LOW,LONG,2022-01-07,6130156000,2977932236
CUS001268,INDIVIDUAL,MEDIUM,LONG,2020-07-29,187095000,236236077
CUS001269,INSTITUTION,MEDIUM,SHORT,2016-10-14,4406517000,393871474
CUS001270,INDIVIDUAL,HIGH,SHORT,2021-08-06,204470000,142508649
CUS001271,INDIVIDUAL,HIGH,SHORT,2020-12-10,1100682000,117513475
CUS001272,INDIVIDUAL,HIGH,MEDIUM,2019-12-10,12676000,5144051
CUS001273,INDIVIDUAL,MEDIUM,MEDIUM,2019-03-18,14166000,267570857
CUS001274,INDIVIDUAL,MEDIUM,MEDIUM,2020-09-30,1119418000,626175805
CUS001275,INDIVIDUAL,LOW,LONG,2019-05-24,528824000,387667409
CUS001276,INDIVIDUAL,MEDIUM,MEDIUM,2016-09-08,878962000,46520526
CUS001277,INDIVIDUAL,MEDIUM,LONG,2020-06-11,83155000,64169449
CUS001278,INDIVIDUAL,HIGH,SHORT,2021-07-30,19752000,7265884
CUS001279,INDIVIDUAL,LOW,LONG,2016-04-21,170492000,210470905
CUS001280,INDIVIDUAL,MEDIUM,LONG,2019-07-04,135666000,57775153
CUS001281,INDIVIDUAL,HIGH,SHORT,2018-06-26,268100000,173743407
CUS001282,INDIVIDUAL,MEDIUM,SHORT,2018-06-11,199476000,74889628
CUS001283,INDIVIDUAL,LOW,MEDIUM,2017-12-10,249673000,161250857
CUS001284,INDIVIDUAL,MEDIUM,MEDIUM,2018-09-13,111100000,32865054
CUS001285,INDIVIDUAL,MEDIUM,SHORT,2019-02-21,6873000,25565342
CUS001286,INDIVIDUAL,HIGH,MEDIUM,2022-03-10,110516000,95604547
CUS001287,INDIVIDUAL,HIGH,MEDIUM,2020-12-03,81799000,126031631
CUS001288,INDIVIDUAL,HIGH,MEDIUM,2020-03-11,1201270000,884676472
CUS001289,INDIVIDUAL,LOW,MEDIUM,2021-05-21,23352000,301289561
CUS001290,INDIVIDUAL,MEDIUM,MEDIUM,2019-04-18,38697000,68430986
CUS001291,INDIVIDUAL,HIGH,SHORT,2015-12-22,24468000,14529367
CUS001292,INDIVIDUAL,MEDIUM,MEDIUM,2019-08-29,94998000,138374171
CUS001293,INDIVIDUAL,MEDIUM,SHORT,2022-10-10,23592000,15607111
CUS001294,INDIVIDUAL,HIGH,MEDIUM,2022-08-17,13327000,7145915
CUS001295,INDIVIDUAL,HIGH,SHORT,2019-12-16,62347000,31753027
CUS001296,INDIVIDUAL,HIGH,SHORT,2022-09-19,85407000,72134479
CUS001297,INDIVIDUAL,HIGH,SHORT,2020-10-05,40076000,32251345
CUS001298,INDIVIDUAL,LOW,MEDIUM,2017-08-20,152280000,39399415
CUS001299,INDIVIDUAL,HIGH,MEDIUM,2018-08-07,6321000,54101090
CUS001300,INDIVIDUAL,MEDIUM,MEDIUM,2020-04-09,675498000,1139017509
CUS001301,INDIVIDUAL,MEDIUM,LONG,2020-11-11,374867000,303934473
CUS001302,INDIVIDUAL,HIGH,MEDIUM,2020-09-08,358983000,177853570
CUS001303,INSTITUTION,MEDIUM,MEDIUM,2020-09-09,24144831000,15967045691
CUS001304,INDIVIDUAL,MEDIUM,SHORT,2015-01-14,95114000,230218750
CUS001305,INDIVIDUAL,MEDIUM,SHORT,2019-07-26,154744000,172191547
CUS001306,INDIVIDUAL,HIGH,SHORT,2019-03-08,80716000,31123262
CUS001307,INDIVIDUAL,MEDIUM,SHORT,2015-08-05,1075623000,91859646
CUS001308,INSTITUTION,LOW,MEDIUM,2019-07-08,1809813000,60559110
CUS001309,INDIVIDUAL,MEDIUM,MEDIUM,2020-11-19,65664000,186724049
CUS001310,INSTITUTION,HIGH,MEDIUM,2022-05-17,19916224000,5398438869
CUS001311,INDIVIDUAL,MEDIUM,MEDIUM,2020-10-20,90493000,22586902
CUS001312,INDIVIDUAL,HIGH,SHORT,2014-02-17,9084000,17208819
CUS001313,INDIVIDUAL,MEDIUM,SHORT,2021-06-03,77816000,22451184
CUS001314,INDIVIDUAL,HIGH,SHORT,2021-05-24,617242000,4306921180
CUS001315,INDIVIDUAL,MEDIUM,SHORT,2021-07-08,372589000,287082141
CUS001316,INDIVIDUAL,HIGH,SHORT,2020-08-10,124868000,362483339
CUS001317,INDIVIDUAL,MEDIUM,LONG,2019-10-11,15485000,65955033
CUS001318,INDIVIDUAL,LOW,LONG,2014-08-08,55555000,2290894
CUS001319,INSTITUTION,LOW,LONG,2020-06-26,17812228000,17654169187
CUS001320,INDIVIDUAL,MEDIUM,LONG,2017-12-18,551754000,310014772
CUS001321,INDIVIDUAL,HIGH,MEDIUM,2021-12-21,88881000,32457597
CUS001322,INDIVIDUAL,MEDIUM,SHORT,2017-06-27,367871000,153027704
CUS001323,INDIVIDUAL,HIGH,SHORT,2017-06-05,209878000,35560587
CUS001324,INDIVIDUAL,MEDIUM,MEDIUM,2020-02-28,648124000,819123783
CUS001325,INDIVIDUAL,MEDIUM,SHORT,2017-07-24,50930000,63100537
CUS001326,INDIVIDUAL,HIGH,SHORT,2020-06-12,17704000,31808700
CUS001327,INDIVIDUAL,LOW,LONG,2021-08-20,53120000,65402082
CUS001328,INDIVIDUAL,MEDIUM,LONG,2014-10-01,85980000,80286796
CUS001329,INDIVIDUAL,MEDIUM,SHORT,2014-03-03,200011000,48810694
CUS001330,INDIVIDUAL,LOW,LONG,2016-03-09,214910000,45949718
CUS001331,INDIVIDUAL,LOW,MEDIUM,2022-05-27,372707000,596880399
CUS001332,INDIVIDUAL,MEDIUM,MEDIUM,2019-11-20,43431000,36207061
CUS001333,INDIVIDUAL,HIGH,SHORT,2019-03-06,578065000,83539508
CUS001334,INDIVIDUAL,MEDIUM,SHORT,2021-06-15,150553000,69523265
CUS001335,INDIVIDUAL,HIGH,LONG,2019-01-11,264756000,290588456
CUS001336,INDIVIDUAL,MEDIUM,SHORT,2018-06-22,89594000,43711637
CUS001337,INDIVIDUAL,MEDIUM,SHORT,2019-02-20,49600000,92754187
CUS001338,INDIVIDUAL,MEDIUM,SHORT,2020-06-24,456328000,270604876
CUS001339,INDIVIDUAL,MEDIUM,LONG,2020-12-09,167860000,25986857
CUS001340,INDIVIDUAL,HIGH,SHORT,2020-02-05,22446000,57163736
CUS001341,INSTITUTION,MEDIUM,MEDIUM,2019-08-13,5215360000,1286302108
CUS001342,INDIVIDUAL,HIGH,MEDIUM,2021-09-14,313951000,399315654
CUS001343,INDIVIDUAL,LOW,LONG,2022-10-26,0,19557310
CUS001344,INDIVIDUAL,HIGH,SHORT,2020-06-29,160546000,153138637
CUS001345,INDIVIDUAL,HIGH,SHORT,2021-02-09,97998000,144996870
CUS001346,INDIVIDUAL,MEDIUM,SHORT,2017-12-02,6667000,38180577
CUS001347,INSTITUTION,LOW,LONG,2021-02-08,570306000,182740689
CUS001348,INDIVIDUAL,MEDIUM,MEDIUM,2021-11-25,1434750000,2316027814
CUS001349,INDIVIDUAL,MEDIUM,MEDIUM,2021-03-03,55725000,20232046
CUS001350,INDIVIDUAL,MEDIUM,MEDIUM,2019-02-27,1683526000,522116788
CUS001351,INDIVIDUAL,HIGH,SHORT,2017-10-21,101125000,2996098
CUS001352,INDIVIDUAL,LOW,SHORT,2021-03-05,11197000,12284949
CUS001353,INDIVIDUAL,HIGH,SHORT,2022-06-23,31982000,16322059
CUS001354,INDIVIDUAL,MEDIUM,SHORT,2022-09-09,523559000,238537608
CUS001355,INDIVIDUAL,HIGH,SHORT,2021-08-11,512997000,185749679
CUS001356,INDIVIDUAL,HIGH,SHORT,2021-02-08,107910000,6843841
CUS001357,INDIVIDUAL,LOW,MEDIUM,2019-11-14,75168000,7460845
CUS001358,INDIVIDUAL,LOW,LONG,2019-11-28,225548000,50155823
CUS001359,INDIVIDUAL,HIGH,SHORT,2015-11-12,42530000,4531440
CUS001360,INDIVIDUAL,LOW,LONG,2020-08-05,127302000,249979524
CUS001361,INDIVIDUAL,HIGH,SHORT,2020-12-24,444100000,846348715
CUS001362,INDIVIDUAL,MEDIUM,MEDIUM,2020-11-18,61545000,179533396
CUS001363,INDIVIDUAL,HIGH,SHORT,2018-03-24,154840000,80729901
CUS001364,INDIVIDUAL,HIGH,SHORT,2018-05-07,186765000,138603471
CUS001365,INDIVIDUAL,HIGH,SHORT,2019-06-27,972159000,120410187
CUS001366,INDIVIDUAL,MEDIUM,MEDIUM,2019-11-27,81855000,15696423
CUS001367,INDIVIDUAL,HIGH,MEDIUM,2014-07-22,96926000,31029117
CUS001368,INDIVIDUAL,MEDIUM,MEDIUM,2021-08-10,3802000,37228473
CUS001369,INDIVIDUAL,MEDIUM,SHORT,2022-08-11,12397000,13795653
CUS001370,INDIVIDUAL,HIGH,MEDIUM,2017-12-19,318574000,401790229
CUS001371,INDIVIDUAL,HIGH,MEDIUM,2020-03-19,585438000,1405315256
CUS001372,INSTITUTION,LOW,LONG,2021-05-13,16440898000,1444354304
CUS001373,INDIVIDUAL,MEDIUM,SHORT,2021-08-17,27345000,101142875
CUS001374,INDIVIDUAL,HIGH,MEDIUM,2021-07-21,29605000,5914306
CUS001375,INDIVIDUAL,LOW,LONG,2021-10-15,47441000,42406026
CUS001376,INDIVIDUAL,HIGH,SHORT,2021-04-02,203386000,38812546
CUS001377,INDIVIDUAL,MEDIUM,SHORT,2019-10-14,4832718000,3374684395
CUS001378,INDIVIDUAL,MEDIUM,SHORT,2019-06-27,653044000,237450686
CUS001379,INDIVIDUAL,LOW,MEDIUM,2021-11-12,112906000,69129306
CUS001380,INDIVIDUAL,HIGH,MEDIUM,2017-01-22,400650000,219020318
CUS001381,INDIVIDUAL,MEDIUM,MEDIUM,2021-06-28,60759000,11667284
CUS001382,INDIVIDUAL,LOW,MEDIUM,2020-09-04,182180000,14698370
CUS001383,INDIVIDUAL,LOW,MEDIUM,2021-06-02,40447000,49664542
CUS001384,INDIVIDUAL,HIGH,MEDIUM,2018-08-30,178301000,46556637
CUS001385,INDIVIDUAL,HIGH,MEDIUM,2014-07-15,91170000,1382760393
CUS001386,INDIVIDUAL,HIGH,SHORT,2021-12-21,17024000,21205112
CUS001387,INDIVIDUAL,MEDIUM,MEDIUM,2018-02-06,3872000,41014628
CUS001388,INDIVIDUAL,MEDIUM,LONG,2017-11-17,350961000,227449593
CUS001389,INSTITUTION,HIGH,MEDIUM,2020-09-08,13300043000,11294150257
CUS001390,INDIVIDUAL,HIGH,SHORT,2018-10-25,6833211000,1783919596
CUS001391,INDIVIDUAL,MEDIUM,MEDIUM,2021-08-16,4422000,31095921
CUS001392,INDIVIDUAL,MEDIUM,MEDIUM,2015-11-25,983594000,1211238667
CUS001393,INDIVIDUAL,MEDIUM,SHORT,2021-10-27,168305000,54164445
CUS001394,INDIVIDUAL,MEDIUM,MEDIUM,2014-01-13,490357000,646210461
CUS001395,INDIVIDUAL,MEDIUM,LONG,2021-08-13,41886000,162370585
CUS001396,INDIVIDUAL,HIGH,MEDIUM,2016-01-26,1879664000,900323938
CUS001397,INSTITUTION,LOW,LONG,2015-05-26,9098077000,6986852814
CUS001398,INSTITUTION,MEDIUM,MEDIUM,2019-01-31,7720858000,4478926546
CUS001399,INDIVIDUAL,HIGH,SHORT,2020-09-28,147583000,703027791
CUS001400,INDIVIDUAL,MEDIUM,SHORT,2020-12-21,388679000,67623781
CUS001401,INDIVIDUAL,HIGH,SHORT,2014-02-19,40438000,110825364
CUS001402,INDIVIDUAL,MEDIUM,MEDIUM,2017-03-03,45705000,23784134
CUS001403,INDIVIDUAL,HIGH,SHORT,2016-12-02,426793000,272090928
CUS001404,INDIVIDUAL,HIGH,SHORT,2021-04-01,18576000,263471736
CUS001405,INDIVIDUAL,MEDIUM,MEDIUM,2021-10-18,22042000,19817088
CUS001406,INDIVIDUAL,MEDIUM,LONG,2021-02-26,11502000,4446344
CUS001407,INDIVIDUAL,MEDIUM,SHORT,2015-08-08,1550000,27214853
CUS001408,INDIVIDUAL,MEDIUM,MEDIUM,2019-01-28,223590000,56873889
CUS001409,INDIVIDUAL,HIGH,SHORT,2014-10-24,98594000,169123249
CUS001410,INDIVIDUAL,MEDIUM,SHORT,2021-09-13,7326000,115342226
CUS001411,INDIVIDUAL,LOW,MEDIUM,2018-09-22,1207807000,428116691
CUS001412,INDIVIDUAL,HIGH,SHORT,2022-02-08,85351000,66500064
CUS001413,INDIVIDUAL,MEDIUM,MEDIUM,2016-03-29,173104000,194056807
CUS001414,INDIVIDUAL,LOW,LONG,2018-02-15,19704000,52449482
CUS001415,INDIVIDUAL,MEDIUM,MEDIUM,2020-11-06,1344535000,191564072
CUS001416,INDIVIDUAL,MEDIUM,MEDIUM,2016-01-20,226293000,252035176
CUS001417,INDIVIDUAL,MEDIUM,MEDIUM,2021-06-09,92859000,60506591
CUS001418,INDIVIDUAL,LOW,LONG,2017-11-30,196512000,95215559
CUS001419,INSTITUTION,LOW,SHORT,2022-03-31,1463852000,83328909
CUS001420,INDIVIDUAL,HIGH,SHORT,2017-03-06,19610000,34217580
CUS001421,INDIVIDUAL,HIGH,MEDIUM,2017-11-05,414516000,388623606
CUS001422,INDIVIDUAL,MEDIUM,MEDIUM,2016-04-18,247030000,1455269341
CUS001423,INDIVIDUAL,LOW,LONG,2018-10-31,75932000,156149105
CUS001424,INDIVIDUAL,HIGH,MEDIUM,2015-08-15,205496000,260393942
CUS001425,INDIVIDUAL,HIGH,SHORT,2019-08-09,66036000,50527954
CUS001426,INDIVIDUAL,MEDIUM,LONG,2015-07-08,975431000,101179168
CUS001427,INDIVIDUAL,HIGH,SHORT,2014-01-24,63738000,14126284
CUS001428,INDIVIDUAL,MEDIUM,MEDIUM,2017-06-27,97736000,45308851
CUS001429,INDIVIDUAL,LOW,LONG,2020-09-24,6620000,23553343
CUS001430,INDIVIDUAL,LOW,MEDIUM,2017-02-19,20936000,48886235
CUS001431,INDIVIDUAL,LOW,LONG,2022-06-13,107693000,121738452
CUS001432,INDIVIDUAL,LOW,MEDIUM,2019-05-24,127250000,110014774
CUS001433,INDIVIDUAL,HIGH,MEDIUM,2021-06-24,56704000,60423873
CUS001434,INDIVIDUAL,MEDIUM,SHORT,2021-04-08,270449000,151749751
CUS001435,INDIVIDUAL,MEDIUM,MEDIUM,2017-05-31,128165000,39511902
CUS001436,INDIVIDUAL,MEDIUM,MEDIUM,2020-08-10,61171000,88228524
CUS001437,INDIVIDUAL,MEDIUM,MEDIUM,2020-05-12,556101000,1214787965
CUS001438,INDIVIDUAL,HIGH,SHORT,2019-05-07,180203000,165280478
CUS001439,INDIVIDUAL,HIGH,SHORT,2020-12-21,77846000,8133281
CUS001440,INSTITUTION,MEDIUM,LONG,2016-02-12,21729557000,17195192222
CUS001441,INDIVIDUAL,MEDIUM,LONG,2014-09-28,759230000,49885004
CUS001442,INDIVIDUAL,MEDIUM,MEDIUM,2019-07-05,12873000,110665548
CUS001443,INDIVIDUAL,HIGH,SHORT,2021-07-05,593046000,283418178
CUS001444,INDIVIDUAL,LOW,LONG,2022-03-30,17512000,12578874
CUS001445,INDIVIDUAL,LOW,SHORT,2019-07-04,36491000,13093326
CUS001446,INDIVIDUAL,MEDIUM,MEDIUM,2021-04-07,49062000,4326115
CUS001447,INDIVIDUAL,HIGH,SHORT,2020-06-10,250986000,59641940
CUS001448,INDIVIDUAL,HIGH,MEDIUM,2019-05-02,163039000,175984138
CUS001449,INDIVIDUAL,HIGH,SHORT,2019-09-16,130389000,107986015
CUS001450,INDIVIDUAL,MEDIUM,MEDIUM,2015-08-03,65179000,114424204
CUS001451,INDIVIDUAL,MEDIUM,LONG,2021-01-08,0,45205601
CUS001452,INSTITUTION,MEDIUM,LONG,2021-09-15,2895420000,354811802
CUS001453,INDIVIDUAL,HIGH,SHORT,2021-03-03,18012000,10910710
CUS001454,INDIVIDUAL,MEDIUM,MEDIUM,2021-04-06,366963000,118593802
CUS001455,INDIVIDUAL,MEDIUM,LONG,2021-01-22,284226000,427403292
CUS001456,INSTITUTION,MEDIUM,MEDIUM,2020-03-03,7225195000,405239499
CUS001457,INDIVIDUAL,MEDIUM,SHORT,2015-09-08,331108000,223674980
CUS001458,INDIVIDUAL,MEDIUM,LONG,2020-10-12,464179000,161811777
CUS001459,INDIVIDUAL,MEDIUM,LONG,2019-04-05,104001000,437898860
CUS001460,INDIVIDUAL,MEDIUM,LONG,2020-06-16,39287000,23627141
CUS001461,INDIVIDUAL,HIGH,SHORT,2020-06-08,271115000,62652106
CUS001462,INDIVIDUAL,HIGH,SHORT,2015-07-20,19310000,115520967
CUS001463,INDIVIDUAL,HIGH,SHORT,2020-12-08,495691000,852270206
CUS001464,INDIVIDUAL,HIGH,SHORT,2021-02-05,65941000,57634983
CUS001465,INDIVIDUAL,LOW,LONG,2018-09-09,1564255000,1098476587
CUS001466,INDIVIDUAL,MEDIUM,MEDIUM,2021-03-31,292591000,1559792586
CUS001467,INDIVIDUAL,MEDIUM,SHORT,2016-05-07,35194000,141516132
CUS001468,INDIVIDUAL,HIGH,MEDIUM,2019-08-26,146379000,727551466
CUS001469,INDIVIDUAL,MEDIUM,MEDIUM,2022-10-13,101219000,75125598
CUS001470,INSTITUTION,MEDIUM,SHORT,2017-07-19,4683097000,12120720225
CUS001471,INDIVIDUAL,MEDIUM,MEDIUM,2022-04-25,19761000,18972875
CUS001472,INDIVIDUAL,LOW,MEDIUM,2014-09-27,462318000,559426431
CUS001473,INDIVIDUAL,MEDIUM,MEDIUM,2021-03-18,79395000,13765490
CUS001474,INDIVIDUAL,HIGH,SHORT,2020-02-26,585799000,130641209
CUS001475,INDIVIDUAL,HIGH,MEDIUM,2021-12-03,170813000,94229362
CUS001476,INDIVIDUAL,MEDIUM,MEDIUM,2021-12-23,367712000,156343865
CUS001477,INDIVIDUAL,HIGH,SHORT,2020-02-21,81551000,118274024
CUS001478,INDIVIDUAL,HIGH,SHORT,2018-12-17,1357573000,157108855
CUS001479,INDIVIDUAL,LOW,MEDIUM,2019-04-22,98002000,57947830
CUS001480,INDIVIDUAL,MEDIUM,SHORT,2021-12-24,4906000,24939667
CUS001481,INDIVIDUAL,MEDIUM,MEDIUM,2022-06-29,98217000,80360351
CUS001482,INDIVIDUAL,MEDIUM,MEDIUM,2022-11-16,53600000,613154653
CUS001483,INDIVIDUAL,MEDIUM,MEDIUM,2022-08-16,326719000,91862998
CUS001484,INDIVIDUAL,HIGH,SHORT,2021-05-21,15119000,39574290
CUS001485,INDIVIDUAL,LOW,LONG,2020-08-10,44240000,128071027
CUS001486,INDIVIDUAL,HIGH,MEDIUM,2018-10-30,737945000,203715487
CUS001487,INDIVIDUAL,MEDIUM,MEDIUM,2021-03-08,787170000,1404189375
CUS001488,INSTITUTION,HIGH,SHORT,2017-01-01,8604979000,4092245600
CUS001489,INDIVIDUAL,MEDIUM,MEDIUM,2021-10-08,27512000,12799292
CUS001490,INDIVIDUAL,MEDIUM,SHORT,2019-03-18,109273000,21239357
CUS001491,INDIVIDUAL,MEDIUM,SHORT,2020-10-26,38321000,147743558
CUS001492,INDIVIDUAL,HIGH,SHORT,2019-06-03,277044000,180291925
CUS001493,INDIVIDUAL,MEDIUM,LONG,2015-08-27,101854000,155140380
CUS001494,INDIVIDUAL,LOW,MEDIUM,2016-08-24,17282000,19716706
CUS001495,INDIVIDUAL,HIGH,SHORT,2020-04-24,82335000,76207954
CUS001496,INDIVIDUAL,MEDIUM,LONG,2022-08-09,49142000,35349506
CUS001497,INSTITUTION,MEDIUM,MEDIUM,2019-01-25,16053843000,795835647
CUS001498,INDIVIDUAL,MEDIUM,MEDIUM,2022-04-12,199019000,49293644
CUS001499,INSTITUTION,MEDIUM,MEDIUM,2020-04-24,67365128000,25166689506
CUS001500,INDIVIDUAL,LOW,SHORT,2021-08-30,0,29989826
CUS001501,INDIVIDUAL,HIGH,SHORT,2014-06-26,15174000,16922270
CUS001502,INDIVIDUAL,LOW,LONG,2020-11-27,87168000,40947048
CUS001503,INDIVIDUAL,HIGH,SHORT,2021-11-05,31522000,168403235
CUS001504,INDIVIDUAL,LOW,LONG,2022-07-08,31778000,45614133
CUS001505,INDIVIDUAL,LOW,MEDIUM,2019-11-21,61170000,5100588
CUS001506,INDIVIDUAL,HIGH,SHORT,2014-11-03,183207000,119174001
CUS001507,INDIVIDUAL,MEDIUM,SHORT,2019-06-21,2489149000,1004819486
CUS001508,INDIVIDUAL,MEDIUM,MEDIUM,2018-04-16,12880000,199768338
CUS001509,INDIVIDUAL,LOW,LONG,2021-01-07,220040000,138940759
CUS001510,INDIVIDUAL,LOW,SHORT,2022-01-10,2158000,38646124
CUS001511,INDIVIDUAL,LOW,MEDIUM,2016-10-29,67438000,116874166
CUS001512,INDIVIDUAL,HIGH,SHORT,2021-07-08,70091000,4581113
CUS001513,INDIVIDUAL,MEDIUM,LONG,2020-10-19,32429000,16852700
CUS001514,INDIVIDUAL,MEDIUM,SHORT,2020-01-10,213622000,227036827
CUS001515,INDIVIDUAL,MEDIUM,SHORT,2018-10-02,209446000,87542490
CUS001516,INDIVIDUAL,HIGH,MEDIUM,2016-01-15,63168000,7634492
CUS001517,INDIVIDUAL,MEDIUM,LONG,2020-04-07,136495000,24489211
CUS001518,INDIVIDUAL,MEDIUM,SHORT,2016-02-26,102148000,480910951
CUS001519,INDIVIDUAL,HIGH,MEDIUM,2021-07-21,16169000,15620898
CUS001520,INDIVIDUAL,LOW,MEDIUM,2022-09-30,10630000,10520094
CUS001521,INDIVIDUAL,LOW,LONG,2021-03-30,452492000,547598180
CUS001522,INDIVIDUAL,MEDIUM,SHORT,2021-01-15,31006000,37852647
CUS001523,INDIVIDUAL,HIGH,SHORT,2020-02-06,861134000,978982801
CUS001524,INDIVIDUAL,MEDIUM,SHORT,2015-07-07,110568000,44245693
CUS001525,INDIVIDUAL,MEDIUM,MEDIUM,2014-12-27,44681000,62250425
CUS001526,INDIVIDUAL,MEDIUM,MEDIUM,2016-05-10,22158000,447252497
CUS001527,INDIVIDUAL,LOW,MEDIUM,2022-07-08,102005000,26910090
CUS001528,INSTITUTION,MEDIUM,SHORT,2021-05-07,1542312000,17826153
CUS001529,INDIVIDUAL,LOW,LONG,2022-10-13,194099000,17035135
CUS001530,INDIVIDUAL,MEDIUM,MEDIUM,2019-06-05,260854000,515896439
CUS001531,INSTITUTION,HIGH,SHORT,2016-09-11,3663332000,3334457466
CUS001532,INDIVIDUAL,MEDIUM,LONG,2020-03-26,148464000,37610371
CUS001533,INDIVIDUAL,MEDIUM,MEDIUM,2018-06-17,57758000,15143998
CUS001534,INDIVIDUAL,MEDIUM,MEDIUM,2016-03-05,36173000,13847593
CUS001535,INSTITUTION,MEDIUM,SHORT,2014-05-06,10275636000,12082278243
CUS001536,INDIVIDUAL,HIGH,SHORT,2015-01-05,242874000,96854842
CUS001537,INDIVIDUAL,MEDIUM,LONG,2016-10-02,43478000,39965279
CUS001538,INDIVIDUAL,MEDIUM,MEDIUM,2014-03-09,247308000,113003694
CUS001539,INDIVIDUAL,MEDIUM,SHORT,2021-08-30,61436000,295463230
CUS001540,INSTITUTION,HIGH,SHORT,2015-10-02,6946980000,936462791
CUS001541,INSTITUTION,MEDIUM,SHORT,2021-05-05,3135883000,1421579045
CUS001542,INDIVIDUAL,MEDIUM,LONG,2019-05-06,272824000,168596639
CUS001543,INDIVIDUAL,HIGH,MEDIUM,2021-01-22,238421000,33595363
CUS001544,INDIVIDUAL,MEDIUM,MEDIUM,2019-09-19,456567000,21435577
CUS001545,INDIVIDUAL,MEDIUM,MEDIUM,2020-05-28,973937000,85741036
CUS001546,INDIVIDUAL,HIGH,SHORT,2022-04-15,23362000,23241316
CUS001547,INDIVIDUAL,MEDIUM,MEDIUM,2020-04-10,95332000,36870878
CUS001548,INDIVIDUAL,MEDIUM,LONG,2022-06-02,163200000,21919378
CUS001549,INDIVIDUAL,HIGH,MEDIUM,2021-01-15,221130000,17735941
CUS001550,INDIVIDUAL,LOW,MEDIUM,2014-12-15,872266000,433411538
CUS001551,INDIVIDUAL,HIGH,SHORT,2021-12-10,3979000,41643682
CUS001552,INSTITUTION,MEDIUM,SHORT,2017-01-15,3107787000,2309394305
CUS001553,INDIVIDUAL,MEDIUM,MEDIUM,2019-08-27,12684000,37542684
CUS001554,INDIVIDUAL,MEDIUM,SHORT,2020-05-08,400235000,2060058526
CUS001555,INDIVIDUAL,HIGH,SHORT,2019-06-10,573767000,263571210
CUS001556,INDIVIDUAL,MEDIUM,MEDIUM,2020-06-12,365694000,71982752
CUS001557,INDIVIDUAL,HIGH,MEDIUM,2022-09-08,47917000,197966386
CUS001558,INDIVIDUAL,HIGH,SHORT,2020-12-10,69706000,5156452
CUS001559,INDIVIDUAL,HIGH,SHORT,2021-09-14,335119000,89805323
CUS001560,INDIVIDUAL,LOW,MEDIUM,2022-08-15,258093000,520934919
CUS001561,INDIVIDUAL,MEDIUM,SHORT,2021-11-18,245413000,436111633
CUS001562,INDIVIDUAL,LOW,MEDIUM,2022-07-07,39178000,20037601
CUS001563,INDIVIDUAL,HIGH,SHORT,2020-12-24,65026000,25748985
CUS001564,INDIVIDUAL,LOW,MEDIUM,2021-06-03,278474000,35714678
CUS001565,INDIVIDUAL,LOW,LONG,2021-04-19,8418000,27048039
CUS001566,INDIVIDUAL,HIGH,SHORT,2022-06-07,229922000,50684670
CUS001567,INDIVIDUAL,HIGH,SHORT,2016-02-06,234519000,381297746
CUS001568,INDIVIDUAL,MEDIUM,MEDIUM,2017-10-12,441565000,45214177
CUS001569,INDIVIDUAL,LOW,MEDIUM,2022-03-02,61993000,102090023
CUS001570,INDIVIDUAL,LOW,MEDIUM,2021-05-17,283099000,43684997
CUS001571,INDIVIDUAL,HIGH,SHORT,2021-07-05,96808000,279209024
CUS001572,INDIVIDUAL,HIGH,SHORT,2022-09-06,615857000,52805117
CUS001573,INDIVIDUAL,MEDIUM,SHORT,2022-08-15,8374000,43289909
CUS001574,INSTITUTION,MEDIUM,MEDIUM,2016-04-28,23088380000,12215683711
CUS001575,INDIVIDUAL,HIGH,MEDIUM,2021-11-30,79737000,213256743
CUS001576,INDIVIDUAL,HIGH,SHORT,2020-12-16,84497000,73292901
CUS001577,INDIVIDUAL,HIGH,SHORT,2020-03-31,93411000,65513875
CUS001578,INDIVIDUAL,LOW,SHORT,2020-05-12,70546000,157297309
CUS001579,INDIVIDUAL,HIGH,SHORT,2014-12-06,76558000,5928104
CUS001580,INDIVIDUAL,HIGH,MEDIUM,2021-03-29,1745166000,563907096
CUS001581,INDIVIDUAL,HIGH,MEDIUM,2021-02-17,171171000,310447507
CUS001582,INSTITUTION,LOW,LONG,2014-04-22,1181874000,1768346173
CUS001583,INDIVIDUAL,MEDIUM,LONG,2019-07-02,116892000,62277141
CUS001584,INDIVIDUAL,HIGH,SHORT,2020-10-05,106522000,5812979
CUS001585,INDIVIDUAL,HIGH,SHORT,2021-11-26,109919000,9190042
CUS001586,INDIVIDUAL,MEDIUM,SHORT,2017-08-14,622371000,543831125
CUS001587,INDIVIDUAL,MEDIUM,LONG,2020-10-06,21216000,2012473663
CUS001588,INDIVIDUAL,HIGH,SHORT,2015-01-12,202496000,697843203
CUS001589,INDIVIDUAL,MEDIUM,SHORT,2019-11-20,65501000,65401567
CUS001590,INDIVIDUAL,LOW,MEDIUM,2021-06-25,39224000,8229856
CUS001591,INDIVIDUAL,MEDIUM,MEDIUM,2022-06-13,169476000,20545182
CUS001592,INDIVIDUAL,HIGH,MEDIUM,2014-09-21,3196688000,3055446672
CUS001593,INDIVIDUAL,LOW,MEDIUM,2020-07-03,33614000,11971361
CUS001594,INDIVIDUAL,MEDIUM,LONG,2021-03-02,303778000,882258521
CUS001595,INDIVIDUAL,MEDIUM,SHORT,2021-08-04,120620000,487091414
CUS001596,INDIVIDUAL,HIGH,SHORT,2022-11-15,172753000,123480760
CUS001597,INDIVIDUAL,MEDIUM,SHORT,2020-09-14,149049000,26228293
CUS001598,INDIVIDUAL,MEDIUM,MEDIUM,2020-11-06,147839000,458383534
CUS001599,INDIVIDUAL,MEDIUM,MEDIUM,2021-02-01,52668000,95347082
CUS001600,INDIVIDUAL,MEDIUM,LONG,2015-05-05,187604000,215182089
CUS001601,INDIVIDUAL,LOW,LONG,2020-06-17,1411595000,2478864646
CUS001602,INDIVIDUAL,HIGH,SHORT,2021-01-14,1171390000,895138320
CUS001603,INSTITUTION,LOW,MEDIUM,2022-04-22,11583060000,36545408137
CUS001604,INDIVIDUAL,HIGH,MEDIUM,2022-08-15,11707000,43606443
CUS001605,INDIVIDUAL,MEDIUM,LONG,2018-05-29,393757000,52801791
CUS001606,INSTITUTION,LOW,SHORT,2022-06-07,2116845000,720324343
CUS001607,INDIVIDUAL,LOW,LONG,2020-12-16,199405000,92985449
CUS001608,INDIVIDUAL,HIGH,SHORT,2018-10-15,6200000,9797610
CUS001609,INDIVIDUAL,LOW,LONG,2019-12-24,489081000,354919826
CUS001610,INDIVIDUAL,HIGH,SHORT,2021-01-07,284483000,158736895
CUS001611,INSTITUTION,LOW,LONG,2020-05-05,4810467000,7460647742
CUS001612,INDIVIDUAL,HIGH,LONG,2022-03-18,13884000,40415897
CUS001613,INDIVIDUAL,LOW,MEDIUM,2020-03-09,60137000,15971042
CUS001614,INDIVIDUAL,HIGH,MEDIUM,2014-04-09,113288000,6750647
CUS001615,INDIVIDUAL,MEDIUM,MEDIUM,2020-11-25,586205000,253404259
CUS001616,INDIVIDUAL,MEDIUM,SHORT,2018-12-23,229934000,155629740
CUS001617,INDIVIDUAL,LOW,SHORT,2021-12-17,1062039000,125402432
CUS001618,INDIVIDUAL,MEDIUM,LONG,2017-10-14,20585000,51787954
CUS001619,INSTITUTION,LOW,MEDIUM,2021-01-21,11313319000,20358560308
CUS001620,INDIVIDUAL,LOW,SHORT,2017-02-06,57728000,17185470
CUS001621,INDIVIDUAL,MEDIUM,MEDIUM,2022-07-01,95479000,28472706
CUS001622,INDIVIDUAL,HIGH,SHORT,2020-04-20,776321000,240485914
CUS001623,INDIVIDUAL,HIGH,MEDIUM,2016-07-21,5774000,187584332
CUS001624,INDIVIDUAL,MEDIUM,LONG,2021-05-14,70263000,11357036
CUS001625,INDIVIDUAL,MEDIUM,SHORT,2020-10-01,61792000,42268404
CUS001626,INDIVIDUAL,LOW,LONG,2014-03-07,41235000,86762900
CUS001627,INDIVIDUAL,HIGH,SHORT,2019-10-25,25722000,12484596
CUS001628,INDIVIDUAL,MEDIUM,LONG,2021-07-07,96359000,93324340
CUS001629,INDIVIDUAL,HIGH,SHORT,2020-10-22,212094000,119076441
CUS001630,INDIVIDUAL,MEDIUM,SHORT,2016-02-18,19987000,103877366
CUS001631,INDIVIDUAL,LOW,LONG,2021-09-10,493998000,68187273
CUS001632,INSTITUTION,LOW,SHORT,2021-01-29,1919355000,342682495
CUS001633,INDIVIDUAL,MEDIUM,MEDIUM,2021-06-15,18684000,18309445
CUS001634,INDIVIDUAL,LOW,LONG,2021-06-02,8042000,18283421
CUS001635,INDIVIDUAL,HIGH,SHORT,2022-02-24,0,904414423
CUS001636,INDIVIDUAL,MEDIUM,MEDIUM,2019-06-10,87614000,95118460
CUS001637,INDIVIDUAL,LOW,MEDIUM,2020-06-10,14040000,24830805
CUS001638,INDIVIDUAL,LOW,LONG,2019-07-26,271857000,172786598
CUS001639,INSTITUTION,LOW,LONG,2020-08-31,9033543000,146584564
CUS001640,INDIVIDUAL,LOW,SHORT,2022-07-01,80294000,62576682
CUS001641,INDIVIDUAL,MEDIUM,MEDIUM,2021-07-29,537480000,126902066
CUS001642,INDIVIDUAL,MEDIUM,MEDIUM,2022-03-23,2242650000,825924165
CUS001643,INDIVIDUAL,LOW,LONG,2020-09-24,210295000,823185791
CUS001644,INDIVIDUAL,MEDIUM,MEDIUM,2020-09-28,59663000,163971177
CUS001645,INDIVIDUAL,HIGH,MEDIUM,2021-11-25,184219000,9012372
CUS001646,INDIVIDUAL,MEDIUM,MEDIUM,2021-11-02,27435000,51755140
CUS001647,INDIVIDUAL,HIGH,SHORT,2020-12-01,0,2941939461
CUS001648,INDIVIDUAL,HIGH,SHORT,2021-12-20,98535000,50789651
CUS001649,INDIVIDUAL,MEDIUM,MEDIUM,2022-05-20,6384000,20432404
CUS001650,INDIVIDUAL,MEDIUM,MEDIUM,2020-04-17,370544000,230638578
CUS001651,INSTITUTION,LOW,LONG,2017-03-06,6997603000,5358171730
CUS001652,INDIVIDUAL,HIGH,LONG,2021-07-05,21717000,172754925
CUS001653,INDIVIDUAL,MEDIUM,SHORT,2020-08-21,71342000,162526173
CUS001654,INDIVIDUAL,MEDIUM,LONG,2016-11-17,142465000,137976364
CUS001655,INDIVIDUAL,MEDIUM,MEDIUM,2022-03-22,125220000,224723021
CUS001656,INDIVIDUAL,HIGH,MEDIUM,2019-08-09,258902000,152299388
CUS001657,INDIVIDUAL,HIGH,MEDIUM,2014-07-03,35891000,71189071
CUS001658,INDIVIDUAL,HIGH,MEDIUM,2021-01-05,40380000,42653761
CUS001659,INSTITUTION,MEDIUM,LONG,2019-04-24,5336884000,3989377727
CUS001660,INDIVIDUAL,HIGH,SHORT,2020-06-15,67561000,184606030
CUS001661,INDIVIDUAL,MEDIUM,MEDIUM,2018-02-07,53376000,93549388
CUS001662,INDIVIDUAL,LOW,LONG,2018-05-04,84695000,171934162
CUS001663,INDIVIDUAL,HIGH,SHORT,2020-11-13,274774000,89802309
CUS001664,INDIVIDUAL,MEDIUM,MEDIUM,2019-03-05,781102000,1030211921
CUS001665,INDIVIDUAL,MEDIUM,LONG,2021-11-01,292507000,64020239
CUS001666,INDIVIDUAL,LOW,LONG,2021-11-23,127659000,37111838
CUS001667,INDIVIDUAL,LOW,LONG,2022-03-02,23709000,67942695
CUS001668,INDIVIDUAL,MEDIUM,MEDIUM,2021-03-23,28415000,29155748
CUS001669,INDIVIDUAL,HIGH,MEDIUM,2018-08-20,284709000,859990582
CUS001670,INDIVIDUAL,MEDIUM,MEDIUM,2020-09-09,62770000,14322243
CUS001671,INDIVIDUAL,LOW,MEDIUM,2018-10-21,310631000,1057338274
CUS001672,INDIVIDUAL,MEDIUM,SHORT,2020-06-30,171880000,65388311
CUS001673,INDIVIDUAL,MEDIUM,MEDIUM,2018-12-05,572192000,122238952
CUS001674,INDIVIDUAL,MEDIUM,LONG,2022-06-15,162788000,109596852
CUS001675,INDIVIDUAL,MEDIUM,LONG,2016-03-14,77008000,113575620
CUS001676,INDIVIDUAL,HIGH,SHORT,2018-01-07,271836000,177679822
CUS001677,INDIVIDUAL,HIGH,MEDIUM,2021-02-25,525249000,1150519181
CUS001678,INDIVIDUAL,MEDIUM,MEDIUM,2019-06-28,162133000,448842238
CUS001679,INDIVIDUAL,HIGH,SHORT,2015-05-14,261246000,41838663
CUS001680,INDIVIDUAL,HIGH,SHORT,2019-07-02,30236000,12991746
CUS001681,INDIVIDUAL,HIGH,SHORT,2020-07-22,160591000,96444999
CUS001682,INDIVIDUAL,MEDIUM,SHORT,2021-09-21,88962000,21599316
CUS001683,INDIVIDUAL,MEDIUM,MEDIUM,2020-06-10,211112000,113955160
CUS001684,INDIVIDUAL,MEDIUM,MEDIUM,2020-11-02,397563000,327690801
CUS001685,INDIVIDUAL,MEDIUM,SHORT,2021-04-13,82116000,22084076
CUS001686,INDIVIDUAL,HIGH,SHORT,2018-07-22,208640000,119018238
CUS001687,INDIVIDUAL,MEDIUM,MEDIUM,2015-06-25,4335000,27184820
CUS001688,INDIVIDUAL,MEDIUM,SHORT,2021-08-12,392572000,355497514
CUS001689,INDIVIDUAL,MEDIUM,SHORT,2015-04-24,53559000,10076154
CUS001690,INDIVIDUAL,LOW,SHORT,2021-08-06,48456000,18053104
CUS001691,INSTITUTION,LOW,LONG,2021-06-23,3506518000,5224738018
CUS001692,INDIVIDUAL,MEDIUM,SHORT,2021-01-05,123036000,35078286
CUS001693,INDIVIDUAL,HIGH,SHORT,2016-08-11,16397000,23650463
CUS001694,INDIVIDUAL,LOW,LONG,2017-06-02,214185000,96134077
CUS001695,INDIVIDUAL,MEDIUM,SHORT,2022-03-16,24392000,25023653
CUS001696,INDIVIDUAL,MEDIUM,SHORT,2021-09-08,115138000,130276885
CUS001697,INDIVIDUAL,LOW,MEDIUM,2019-10-22,1439293000,1369664408
CUS001698,INDIVIDUAL,LOW,LONG,2016-06-26,482931000,181305419
CUS001699,INDIVIDUAL,LOW,SHORT,2021-07-06,329644000,1130169627
CUS001700,INDIVIDUAL,HIGH,SHORT,2021-09-09,15740000,75858035
CUS001701,INDIVIDUAL,LOW,MEDIUM,2019-05-27,79190000,93708917
CUS001702,INDIVIDUAL,LOW,MEDIUM,2016-09-16,201006000,67927800
CUS001703,INDIVIDUAL,LOW,LONG,2021-09-22,203347000,127121796
CUS001704,INDIVIDUAL,MEDIUM,SHORT,2020-10-29,95473000,198920436
CUS001705,INSTITUTION,MEDIUM,MEDIUM,2022-02-25,4185473000,10025819668
CUS001706,INDIVIDUAL,MEDIUM,SHORT,2022-09-05,92519000,35487202
CUS001707,INSTITUTION,MEDIUM,SHORT,2014-10-23,10745163000,2274180635
CUS001708,INDIVIDUAL,MEDIUM,SHORT,2022-09-16,543820000,370115725
CUS001709,INDIVIDUAL,MEDIUM,SHORT,2022-02-09,141089000,99757880
CUS001710,INDIVIDUAL,LOW,LONG,2020-08-31,13766000,6259043
CUS001711,INDIVIDUAL,MEDIUM,SHORT,2022-03-30,52851000,9619596
CUS001712,INDIVIDUAL,LOW,MEDIUM,2020-09-04,16012000,23889855
CUS001713,INDIVIDUAL,HIGH,SHORT,2022-08-31,130200000,519188200
CUS001714,INDIVIDUAL,HIGH,SHORT,2015-10-20,214969000,13392525
CUS001715,INSTITUTION,MEDIUM,SHORT,2016-10-06,2447722000,105513698
CUS001716,INDIVIDUAL,LOW,MEDIUM,2015-12-16,307608000,1458364812
CUS001717,INDIVIDUAL,LOW,LONG,2018-03-29,125022000,163154834
CUS001718,INDIVIDUAL,HIGH,MEDIUM,2017-06-27,0,1231138232
CUS001719,INDIVIDUAL,MEDIUM,MEDIUM,2021-08-24,44892000,76231832
CUS001720,INDIVIDUAL,HIGH,SHORT,2019-12-03,528756000,393645191
CUS001721,INDIVIDUAL,MEDIUM,MEDIUM,2022-06-28,29505000,81533454
CUS001722,INDIVIDUAL,HIGH,SHORT,2021-10-04,221371000,291284046
CUS001723,INDIVIDUAL,MEDIUM,LONG,2021-08-10,368550000,126956022
CUS001724,INDIVIDUAL,LOW,MEDIUM,2015-06-30,275949000,143334735
CUS001725,INDIVIDUAL,MEDIUM,MEDIUM,2022-11-01,66041000,49969566
CUS001726,INDIVIDUAL,HIGH,MEDIUM,2021-03-05,448773000,261697693
CUS001727,INDIVIDUAL,LOW,LONG,2022-04-12,130944000,169637442
CUS001728,INSTITUTION,LOW,SHORT,2021-03-26,16870484000,149772758416
CUS001729,INDIVIDUAL,HIGH,LONG,2022-10-20,32530000,331854096
CUS001730,INDIVIDUAL,HIGH,MEDIUM,2020-07-30,372334000,92074030
CUS001731,INDIVIDUAL,MEDIUM,SHORT,2014-08-12,84872000,202726029
CUS001732,INDIVIDUAL,HIGH,SHORT,2022-06-02,56205000,10247980
CUS001733,INDIVIDUAL,MEDIUM,MEDIUM,2022-06-15,146503000,34116636
CUS001734,INDIVIDUAL,HIGH,SHORT,2019-06-28,391638000,209421215
CUS001735,INDIVIDUAL,MEDIUM,SHORT,2021-11-18,188179000,18043846
CUS001736,INDIVIDUAL,MEDIUM,MEDIUM,2019-06-06,302088000,44180177
CUS001737,INSTITUTION,MEDIUM,MEDIUM,2022-04-20,7166565000,11991671325
CUS001738,INDIVIDUAL,HIGH,MEDIUM,2017-12-27,341370000,184116143
CUS001739,INDIVIDUAL,LOW,SHORT,2020-12-24,134639000,200371137
CUS001740,INDIVIDUAL,HIGH,MEDIUM,2020-10-30,263678000,221986665
CUS001741,INDIVIDUAL,MEDIUM,LONG,2019-02-22,160685000,179380406
CUS001742,INDIVIDUAL,HIGH,MEDIUM,2017-06-11,494495000,293493584
CUS001743,INDIVIDUAL,HIGH,SHORT,2019-09-16,293750000,115182090
CUS001744,INDIVIDUAL,MEDIUM,SHORT,2019-12-27,334638000,44320026
CUS001745,INDIVIDUAL,MEDIUM,MEDIUM,2020-06-12,136662000,219581383
CUS001746,INDIVIDUAL,MEDIUM,MEDIUM,2021-12-14,187062000,230576111
CUS001747,INDIVIDUAL,HIGH,SHORT,2021-06-23,42084000,7698203
CUS001748,INDIVIDUAL,MEDIUM,SHORT,2016-06-20,1306118000,72007067
CUS001749,INDIVIDUAL,HIGH,SHORT,2021-01-27,57583000,24792814
CUS001750,INDIVIDUAL,MEDIUM,SHORT,2019-07-24,22425000,91275388
CUS001751,INDIVIDUAL,HIGH,MEDIUM,2017-06-14,27968000,27669193
CUS001752,INDIVIDUAL,MEDIUM,MEDIUM,2022-06-17,44831000,145039409
CUS001753,INDIVIDUAL,HIGH,SHORT,2015-01-09,198464000,66539866
CUS001754,INDIVIDUAL,HIGH,MEDIUM,2021-09-28,8675000,13502985
CUS001755,INDIVIDUAL,MEDIUM,SHORT,2016-01-16,582244000,69982067
CUS001756,INDIVIDUAL,MEDIUM,MEDIUM,2020-04-14,577021000,542250056
CUS001757,INDIVIDUAL,LOW,LONG,2021-08-11,262744000,190418917
CUS001758,INDIVIDUAL,HIGH,SHORT,2021-04-14,54698000,45527960
CUS001759,INDIVIDUAL,MEDIUM,SHORT,2014-08-05,49592000,13882098
CUS001760,INDIVIDUAL,LOW,LONG,2019-10-17,252723000,35378787
CUS001761,INDIVIDUAL,MEDIUM,SHORT,2015-01-09,353543000,1381178239
CUS001762,INDIVIDUAL,LOW,SHORT,2019-07-09,417652000,167824334
CUS001763,INDIVIDUAL,MEDIUM,SHORT,2022-04-05,40654000,185915902
CUS001764,INDIVIDUAL,HIGH,LONG,2021-02-23,85415000,83493714
CUS001765,INDIVIDUAL,HIGH,SHORT,2016-10-01,175139000,43275132
CUS001766,INDIVIDUAL,HIGH,SHORT,2020-07-24,432712000,62710655
CUS001767,INDIVIDUAL,HIGH,SHORT,2019-03-08,102934000,26545291
CUS001768,INDIVIDUAL,MEDIUM,MEDIUM,2019-04-17,83783000,5198767
CUS001769,INDIVIDUAL,HIGH,SHORT,2021-10-13,118584000,62489421
CUS001770,INSTITUTION,LOW,LONG,2020-02-05,4650559000,457732038
CUS001771,INDIVIDUAL,MEDIUM,MEDIUM,2021-11-16,21776000,13793166
CUS001772,INDIVIDUAL,MEDIUM,MEDIUM,2020-08-21,75684000,163900406
CUS001773,INDIVIDUAL,HIGH,SHORT,2021-11-18,9976000,41194560
CUS001774,INDIVIDUAL,HIGH,LONG,2021-12-13,5167000,26923778
CUS001775,INDIVIDUAL,HIGH,SHORT,2021-02-04,160106000,81569953
CUS001776,INSTITUTION,LOW,MEDIUM,2021-11-26,2739095000,2973782119
CUS001777,INDIVIDUAL,HIGH,SHORT,2014-02-15,59695000,78986513
CUS001778,INDIVIDUAL,HIGH,MEDIUM,2022-01-21,14381000,10970259
CUS001779,INDIVIDUAL,MEDIUM,SHORT,2021-10-26,174769000,78182417
CUS001780,INDIVIDUAL,MEDIUM,MEDIUM,2021-12-06,68957000,45393411
CUS001781,INDIVIDUAL,MEDIUM,SHORT,2019-01-14,82679000,24472505
CUS001782,INDIVIDUAL,HIGH,SHORT,2020-05-15,57145000,84718144
CUS001783,INDIVIDUAL,LOW,MEDIUM,2016-08-21,286054000,58337267
CUS001784,INDIVIDUAL,HIGH,SHORT,2021-04-05,38046000,34112277
CUS001785,INDIVIDUAL,HIGH,SHORT,2020-08-21,135885000,21478909
CUS001786,INDIVIDUAL,HIGH,SHORT,2017-05-18,109237000,68286717
CUS001787,INDIVIDUAL,MEDIUM,SHORT,2018-05-24,269521000,171510792
CUS001788,INDIVIDUAL,HIGH,SHORT,2021-05-21,221411000,315212413
CUS001789,INDIVIDUAL,HIGH,SHORT,2021-08-11,5085000,118361497
CUS001790,INDIVIDUAL,HIGH,MEDIUM,2015-09-23,243652000,135987728
CUS001791,INDIVIDUAL,LOW,LONG,2022-01-27,66159000,279166175
CUS001792,INDIVIDUAL,MEDIUM,LONG,2020-06-19,143463000,125418540
CUS001793,INDIVIDUAL,LOW,LONG,2021-12-22,81728000,79575799
CUS001794,INDIVIDUAL,HIGH,SHORT,2021-09-17,371765000,230816495
CUS001795,INDIVIDUAL,HIGH,SHORT,2016-06-23,16092000,52073338
CUS001796,INDIVIDUAL,MEDIUM,MEDIUM,2019-08-21,8024000,102440033
CUS001797,INDIVIDUAL,LOW,LONG,2020-07-01,521109000,66910229
CUS001798,INDIVIDUAL,MEDIUM,MEDIUM,2021-11-17,74365000,95127284
CUS001799,INDIVIDUAL,MEDIUM,SHORT,2017-12-20,125725000,24924979
CUS001800,INDIVIDUAL,MEDIUM,MEDIUM,2015-06-30,237722000,7344936556
CUS001801,INDIVIDUAL,LOW,LONG,2020-05-28,65011000,113670717
CUS001802,INDIVIDUAL,HIGH,MEDIUM,2020-06-15,393433000,352418212
CUS001803,INDIVIDUAL,MEDIUM,SHORT,2018-05-11,158173000,8697904
CUS001804,INDIVIDUAL,MEDIUM,SHORT,2020-11-27,2225726000,1180799229
CUS001805,INDIVIDUAL,HIGH,SHORT,2016-07-18,103454000,94353190
CUS001806,INDIVIDUAL,MEDIUM,LONG,2014-04-02,330326000,1121582261
CUS001807,INDIVIDUAL,MEDIUM,MEDIUM,2019-02-28,366174000,791435872
CUS001808,INSTITUTION,LOW,SHORT,2021-08-11,7592701000,1360386542
CUS001809,INDIVIDUAL,MEDIUM,MEDIUM,2014-11-08,524688000,195877269
CUS001810,INDIVIDUAL,LOW,MEDIUM,2020-02-27,49236000,72188903
CUS001811,INDIVIDUAL,HIGH,SHORT,2018-01-18,565388000,35308256
CUS001812,INDIVIDUAL,HIGH,SHORT,2021-03-16,900361000,3699966386
CUS001813,INDIVIDUAL,MEDIUM,MEDIUM,2019-04-16,136055000,211060457
CUS001814,INSTITUTION,LOW,LONG,2021-02-01,9327258000,16117819248
CUS001815,INDIVIDUAL,MEDIUM,MEDIUM,2021-03-03,70718000,122052832
CUS001816,INDIVIDUAL,MEDIUM,MEDIUM,2019-05-21,148808000,126820267
CUS001817,INDIVIDUAL,MEDIUM,MEDIUM,2022-06-21,5182000,23010494
CUS001818,INDIVIDUAL,MEDIUM,MEDIUM,2021-11-24,15218000,125513258
CUS001819,INDIVIDUAL,MEDIUM,LONG,2019-08-08,25237000,76236198
CUS001820,INDIVIDUAL,MEDIUM,MEDIUM,2017-07-04,665940000,380204168
CUS001821,INDIVIDUAL,MEDIUM,MEDIUM,2022-03-24,264108000,445054314
CUS001822,INDIVIDUAL,HIGH,SHORT,2020-07-31,105614000,87188146
CUS001823,INSTITUTION,MEDIUM,MEDIUM,2022-10-13,4399320000,6784064450
CUS001824,INDIVIDUAL,HIGH,MEDIUM,2019-03-28,153122000,255467782
CUS001825,INDIVIDUAL,MEDIUM,SHORT,2022-05-12,363436000,1419105916
CUS001826,INDIVIDUAL,HIGH,SHORT,2019-05-09,456709000,21077212
CUS001827,INDIVIDUAL,LOW,MEDIUM,2016-04-25,847314000,13684516
CUS001828,INDIVIDUAL,MEDIUM,MEDIUM,2019-07-19,155388000,35799411
CUS001829,INDIVIDUAL,LOW,SHORT,2022-07-07,119712000,33555143
CUS001830,INDIVIDUAL,MEDIUM,SHORT,2019-08-07,643904000,897873146
CUS001831,INDIVIDUAL,HIGH,MEDIUM,2015-04-02,500958000,52644384
CUS001832,INDIVIDUAL,LOW,LONG,2018-07-25,64123000,27260998
CUS001833,INDIVIDUAL,MEDIUM,LONG,2021-12-15,81651000,39368795
CUS001834,INSTITUTION,LOW,LONG,2020-12-15,19633466000,15598826906
CUS001835,INSTITUTION,MEDIUM,LONG,2015-03-10,12275434000,163144027664
CUS001836,INDIVIDUAL,HIGH,MEDIUM,2021-06-02,17800000,98250402
CUS001837,INDIVIDUAL,HIGH,SHORT,2020-07-10,64281000,14876106
CUS001838,INDIVIDUAL,HIGH,MEDIUM,2022-05-10,112402000,53697055
CUS001839,INDIVIDUAL,HIGH,MEDIUM,2021-06-21,10272000,154225672
CUS001840,INDIVIDUAL,HIGH,MEDIUM,2019-08-07,176844000,56510950
CUS001841,INDIVIDUAL,LOW,LONG,2021-05-11,43360000,30912607
CUS001842,INDIVIDUAL,MEDIUM,MEDIUM,2017-07-22,150458000,32191379
CUS001843,INDIVIDUAL,MEDIUM,SHORT,2021-11-10,77203000,133831820
CUS001844,INDIVIDUAL,MEDIUM,MEDIUM,2022-07-08,195186000,824206297
CUS001845,INDIVIDUAL,HIGH,MEDIUM,2021-09-10,44049000,12880525
CUS001846,INDIVIDUAL,LOW,MEDIUM,2020-10-13,371110000,482125610
CUS001847,INDIVIDUAL,HIGH,MEDIUM,2022-04-19,24572000,5147488
CUS001848,INDIVIDUAL,LOW,SHORT,2021-01-14,37301000,48684907
CUS001849,INDIVIDUAL,LOW,MEDIUM,2016-07-25,1536970000,4523765294
CUS001850,INDIVIDUAL,LOW,LONG,2022-07-19,322164000,71263461
CUS001851,INSTITUTION,LOW,SHORT,2015-05-29,5832725000,6587133138
CUS001852,INDIVIDUAL,HIGH,MEDIUM,2020-08-06,58264000,4231201
CUS001853,INSTITUTION,HIGH,SHORT,2022-01-11,3464828000,941564404
CUS001854,INDIVIDUAL,MEDIUM,MEDIUM,2020-05-04,873470000,360340637
CUS001855,INDIVIDUAL,LOW,MEDIUM,2021-03-29,26792000,11899782
CUS001856,INDIVIDUAL,HIGH,SHORT,2022-07-01,109888000,225929552
CUS001857,INDIVIDUAL,HIGH,SHORT,2022-09-15,61709000,29424776
CUS001858,INDIVIDUAL,HIGH,SHORT,2022-08-01,42310000,45237080
CUS001859,INDIVIDUAL,HIGH,SHORT,2022-03-17,16561000,12930210
CUS001860,INDIVIDUAL,MEDIUM,LONG,2020-05-21,778116000,413795115
CUS001861,INDIVIDUAL,LOW,MEDIUM,2021-11-11,55567000,31573739
CUS001862,INDIVIDUAL,MEDIUM,SHORT,2019-01-15,250385000,329589709
CUS001863,INDIVIDUAL,HIGH,MEDIUM,2020-02-28,519928000,357732967
CUS001864,INDIVIDUAL,MEDIUM,MEDIUM,2014-07-24,35140000,731017531
CUS001865,INDIVIDUAL,MEDIUM,LONG,2022-04-14,54042000,48676845
CUS001866,INSTITUTION,MEDIUM,MEDIUM,2020-08-25,3012504000,127234378
CUS001867,INDIVIDUAL,LOW,MEDIUM,2020-06-15,117566000,20455902
CUS001868,INDIVIDUAL,LOW,LONG,2018-12-14,18122000,50167605
CUS001869,INDIVIDUAL,HIGH,SHORT,2017-07-01,89928000,86544801
CUS001870,INDIVIDUAL,MEDIUM,SHORT,2021-10-08,87173000,17720716
CUS001871,INDIVIDUAL,HIGH,SHORT,2014-11-27,100676000,8682029
CUS001872,INDIVIDUAL,LOW,LONG,2022-02-11,141811000,14646883
CUS001873,INDIVIDUAL,MEDIUM,MEDIUM,2020-09-30,264884000,112900498
CUS001874,INDIVIDUAL,HIGH,SHORT,2016-02-17,16597000,102976895
CUS001875,INDIVIDUAL,MEDIUM,LONG,2022-01-13,231509000,36900544
CUS001876,INDIVIDUAL,HIGH,SHORT,2018-08-04,153977000,13660411
CUS001877,INDIVIDUAL,HIGH,SHORT,2018-07-22,90461000,46550042
CUS001878,INDIVIDUAL,MEDIUM,MEDIUM,2015-11-06,17772000,34622837
CUS001879,INDIVIDUAL,MEDIUM,MEDIUM,2021-03-17,460070000,3259594894
CUS001880,INDIVIDUAL,LOW,MEDIUM,2021-07-08,137321000,13945334
CUS001881,INDIVIDUAL,MEDIUM,MEDIUM,2020-05-06,1082352000,1117451733
CUS001882,INDIVIDUAL,LOW,MEDIUM,2019-12-05,299637000,78831331
CUS001883,INDIVIDUAL,HIGH,SHORT,2020-11-27,154017000,58384669
CUS001884,INDIVIDUAL,HIGH,MEDIUM,2017-11-12,151312000,188720330
CUS001885,INDIVIDUAL,MEDIUM,MEDIUM,2018-06-22,522437000,776173084
CUS001886,INDIVIDUAL,MEDIUM,MEDIUM,2019-01-10,223009000,103921011
CUS001887,INDIVIDUAL,HIGH,SHORT,2022-08-15,0,19674372
CUS001888,INDIVIDUAL,MEDIUM,MEDIUM,2022-01-07,44149000,117730645
CUS001889,INDIVIDUAL,MEDIUM,MEDIUM,2020-02-17,46686000,145667144
CUS001890,INDIVIDUAL,MEDIUM,MEDIUM,2017-10-27,34269000,13091342
CUS001891,INDIVIDUAL,HIGH,SHORT,2015-07-08,250185000,94287210
CUS001892,INDIVIDUAL,MEDIUM,SHORT,2021-03-03,20330000,121784659
CUS001893,INDIVIDUAL,MEDIUM,MEDIUM,2015-02-03,53945000,47222317
CUS001894,INDIVIDUAL,LOW,LONG,2018-04-20,0,462251901
CUS001895,INDIVIDUAL,HIGH,SHORT,2022-03-31,314528000,307322948
CUS001896,INDIVIDUAL,HIGH,SHORT,2021-05-04,16693000,51038556
CUS001897,INSTITUTION,LOW,LONG,2021-10-15,2264347000,69435733
CUS001898,INDIVIDUAL,HIGH,MEDIUM,2016-07-22,50290000,19602005
CUS001899,INDIVIDUAL,LOW,MEDIUM,2015-07-27,83399000,145592756
CUS001900,INDIVIDUAL,HIGH,MEDIUM,2018-01-30,144032000,108591448
CUS001901,INDIVIDUAL,HIGH,MEDIUM,2020-11-11,619538000,81526565
CUS001902,INDIVIDUAL,MEDIUM,LONG,2022-06-22,160435000,93044359
CUS001903,INDIVIDUAL,HIGH,SHORT,2021-12-31,11306000,48785867
CUS001904,INDIVIDUAL,MEDIUM,MEDIUM,2014-09-07,16554000,10342644
CUS001905,INDIVIDUAL,MEDIUM,MEDIUM,2022-08-02,72909000,73117026
CUS001906,INDIVIDUAL,MEDIUM,SHORT,2020-07-16,249912000,173812307
CUS001907,INDIVIDUAL,MEDIUM,SHORT,2015-09-28,96019000,7838030
CUS001908,INDIVIDUAL,MEDIUM,SHORT,2022-10-31,703957000,195796693
CUS001909,INDIVIDUAL,MEDIUM,MEDIUM,2021-05-24,17025000,147340579
CUS001910,INDIVIDUAL,HIGH,SHORT,2022-03-11,369037000,96757783
CUS001911,INDIVIDUAL,MEDIUM,MEDIUM,2015-10-09,85801000,305712506
CUS001912,INDIVIDUAL,MEDIUM,MEDIUM,2020-02-10,241493000,341348049
CUS001913,INDIVIDUAL,HIGH,SHORT,2022-10-19,8873000,7287335
CUS001914,INDIVIDUAL,MEDIUM,SHORT,2020-07-30,53184000,112037026
CUS001915,INDIVIDUAL,MEDIUM,SHORT,2021-09-28,130720000,151700224
CUS001916,INDIVIDUAL,HIGH,SHORT,2016-12-15,27305000,34427622
CUS001917,INDIVIDUAL,MEDIUM,MEDIUM,2020-06-05,201978000,50837136
CUS001918,INDIVIDUAL,MEDIUM,MEDIUM,2021-11-18,12091000,26283991
CUS001919,INDIVIDUAL,MEDIUM,MEDIUM,2022-07-28,11088000,12866953
CUS001920,INDIVIDUAL,HIGH,SHORT,2022-04-28,20791000,91105513
CUS001921,INDIVIDUAL,MEDIUM,MEDIUM,2019-09-04,369228000,210219088
CUS001922,INDIVIDUAL,MEDIUM,SHORT,2019-01-30,914637000,965090767
CUS001923,INDIVIDUAL,HIGH,SHORT,2022-08-31,38524000,56395204
CUS001924,INDIVIDUAL,HIGH,MEDIUM,2021-11-09,305904000,70686591
CUS001925,INDIVIDUAL,LOW,LONG,2017-10-20,8040000,25650599
CUS001926,INDIVIDUAL,HIGH,MEDIUM,2021-03-18,7781000,90619364
CUS001927,INDIVIDUAL,HIGH,SHORT,2020-09-07,235957000,213679241
CUS001928,INDIVIDUAL,HIGH,MEDIUM,2022-03-10,1099853000,202447783
CUS001929,INDIVIDUAL,HIGH,SHORT,2021-02-19,233552000,88311030
CUS001930,INDIVIDUAL,HIGH,SHORT,2022-06-09,295648000,151712732
CUS001931,INDIVIDUAL,HIGH,LONG,2014-02-10,209245000,1368015623
CUS001932,INDIVIDUAL,HIGH,SHORT,2018-08-09,206942000,575567705
CUS001933,INDIVIDUAL,HIGH,SHORT,2020-03-30,1000660000,292844993
CUS001934,INDIVIDUAL,LOW,MEDIUM,2021-02-24,10207000,74411947
CUS001935,INDIVIDUAL,MEDIUM,SHORT,2018-04-03,447526000,335432504
CUS001936,INDIVIDUAL,LOW,MEDIUM,2015-05-01,222925000,11597411
CUS001937,INDIVIDUAL,HIGH,LONG,2017-07-03,670937000,2130834190
CUS001938,INDIVIDUAL,HIGH,SHORT,2021-07-08,51209000,7690156
CUS001939,INDIVIDUAL,LOW,SHORT,2017-03-30,27600000,89630819
CUS001940,INDIVIDUAL,HIGH,LONG,2019-07-24,59422000,503428282
CUS001941,INDIVIDUAL,MEDIUM,LONG,2020-08-17,125346000,75189572
CUS001942,INDIVIDUAL,LOW,LONG,2021-07-27,222572000,169453693
CUS001943,INDIVIDUAL,MEDIUM,MEDIUM,2020-12-09,35066000,161178238
CUS001944,INSTITUTION,MEDIUM,SHORT,2016-11-20,6072822000,1671296822
CUS001945,INDIVIDUAL,HIGH,SHORT,2020-04-14,117607000,171494613
CUS001946,INDIVIDUAL,LOW,LONG,2020-04-10,489562000,1451935758
CUS001947,INDIVIDUAL,HIGH,MEDIUM,2021-01-29,154779000,79317341
CUS001948,INDIVIDUAL,LOW,SHORT,2020-12-04,330710000,49244721
CUS001949,INDIVIDUAL,HIGH,SHORT,2020-09-01,32403000,6921876
CUS001950,INDIVIDUAL,HIGH,MEDIUM,2021-06-04,143137000,11803311
CUS001951,INDIVIDUAL,HIGH,LONG,2021-10-19,19973000,58641526
CUS001952,INDIVIDUAL,MEDIUM,SHORT,2019-04-01,100232000,117970117
CUS001953,INDIVIDUAL,MEDIUM,LONG,2017-12-22,67709000,215998272
CUS001954,INSTITUTION,LOW,MEDIUM,2021-02-22,3017744000,29536380
CUS001955,INDIVIDUAL,MEDIUM,MEDIUM,2021-02-08,150291000,57095430
CUS001956,INDIVIDUAL,MEDIUM,LONG,2020-12-25,41535000,82208037
CUS001957,INDIVIDUAL,MEDIUM,SHORT,2022-06-15,54974000,89604986
CUS001958,INDIVIDUAL,MEDIUM,SHORT,2021-12-02,64576000,51944562
CUS001959,INDIVIDUAL,HIGH,SHORT,2021-01-27,38400000,37346691
CUS001960,INDIVIDUAL,HIGH,SHORT,2021-05-28,7368000,197110974
CUS001961,INDIVIDUAL,HIGH,SHORT,2021-04-27,16055000,24831742
CUS001962,INDIVIDUAL,MEDIUM,MEDIUM,2020-09-04,72002000,238861496
CUS001963,INDIVIDUAL,MEDIUM,SHORT,2022-06-30,4660000,77484735
CUS001964,INDIVIDUAL,MEDIUM,SHORT,2019-05-23,157734000,104129814
CUS001965,INDIVIDUAL,LOW,MEDIUM,2016-06-16,7553000,150221735
CUS001966,INDIVIDUAL,MEDIUM,SHORT,2022-09-05,79537000,57755615
CUS001967,INDIVIDUAL,MEDIUM,MEDIUM,2022-05-20,50001000,58614085
CUS001968,INDIVIDUAL,MEDIUM,MEDIUM,2022-04-19,183210000,101937219
CUS001969,INDIVIDUAL,MEDIUM,SHORT,2015-06-19,1761091000,976720654
CUS001970,INDIVIDUAL,LOW,MEDIUM,2020-12-04,329481000,217807834
CUS001971,INDIVIDUAL,MEDIUM,LONG,2022-09-16,81777000,7342900
CUS001972,INDIVIDUAL,HIGH,MEDIUM,2016-12-12,232551000,53297799
CUS001973,INDIVIDUAL,MEDIUM,SHORT,2017-01-11,67983000,56895543
CUS001974,INSTITUTION,HIGH,SHORT,2020-06-30,7741826000,815877979
CUS001975,INDIVIDUAL,MEDIUM,LONG,2016-03-11,38312000,143923741
CUS001976,INDIVIDUAL,HIGH,SHORT,2019-01-15,467718000,570624878
CUS001977,INSTITUTION,LOW,SHORT,2021-07-27,6709957000,1667044061
CUS001978,INDIVIDUAL,MEDIUM,MEDIUM,2021-08-11,47112000,58095945
CUS001979,INDIVIDUAL,LOW,MEDIUM,2020-10-29,145313000,582105063
CUS001980,INDIVIDUAL,MEDIUM,MEDIUM,2014-09-14,3142668000,507520810
CUS001981,INDIVIDUAL,MEDIUM,SHORT,2019-11-27,21521000,9730912
CUS001982,INDIVIDUAL,HIGH,SHORT,2018-11-11,95702000,13876312
CUS001983,INDIVIDUAL,MEDIUM,LONG,2021-01-26,39801000,21308446
CUS001984,INDIVIDUAL,HIGH,MEDIUM,2017-06-08,62664000,159266975
CUS001985,INDIVIDUAL,HIGH,SHORT,2019-04-09,981556000,56851873
CUS001986,INDIVIDUAL,MEDIUM,MEDIUM,2015-10-30,182762000,1165817868
CUS001987,INDIVIDUAL,HIGH,SHORT,2020-11-25,414252000,290371916
CUS001988,INDIVIDUAL,HIGH,SHORT,2022-08-04,129703000,61104056
CUS001989,INDIVIDUAL,MEDIUM,SHORT,2016-05-06,388482000,459048692
CUS001990,INDIVIDUAL,MEDIUM,MEDIUM,2020-10-27,89838000,148204577
CUS001991,INDIVIDUAL,HIGH,SHORT,2017-02-26,654378000,891510753
CUS001992,INDIVIDUAL,MEDIUM,SHORT,2019-12-09,139489000,170602416
CUS001993,INDIVIDUAL,MEDIUM,LONG,2022-10-14,115152000,30436185
CUS001994,INDIVIDUAL,HIGH,SHORT,2018-06-20,275917000,659325778
CUS001995,INDIVIDUAL,HIGH,SHORT,2021-12-24,14324000,14181091
CUS001996,INDIVIDUAL,HIGH,SHORT,2020-08-14,186249000,79650833
CUS001997,INDIVIDUAL,LOW,LONG,2017-06-09,101612000,36692683
CUS001998,INDIVIDUAL,MEDIUM,MEDIUM,2020-07-03,12890000,23549682
CUS001999,INDIVIDUAL,HIGH,SHORT,2018-02-03,1231408000,1129910505
CUS002000,INDIVIDUAL,HIGH,LONG,2018-08-30,317294000,55732885
