stock_code,company_name,company_short_name,exchange,instrument_type,icb_level,icb_code,icb_name
A32,CTCP 32,,UPCOM,STOCK,4,3765,Giầy dép
AAA,CTCP Nhựa An Phát Xanh,,HOSE,STOCK,4,1353,"Nhựa, cao su & sợi"
AAH,CTCP Hợp Nhất,,UPCOM,STOCK,4,1771,Khai thác Than
AAM,CTCP Thủy sản MeKong,,HOSE,STOCK,4,3573,Nuôi trồng nông & hải sản
AAN,CTCP Lương thực A An,,HOSE,STOCK,4,3573,Nuôi trồng nông & hải sản
AAS,CTCP Chứng khoán SmartInvest ,,UPCOM,STOCK,4,8777,Môi giới chứng khoán
AAT,CTCP Tập Đoàn Tiên Sơn Thanh Hóa ,,HOSE,STOCK,4,3763,Hàng May mặc
AAV,CTCP AAV Group,,UPCOM,STOCK,4,8633,Bất động sản
ABB,Ngân hàng TMCP An Bình,,UPCOM,STOCK,4,8355,Ngân hàng
ABC,CTCP Truyền thông VMG,,UPCOM,STOCK,4,6575,Viễn thông di động
ABI,CTCP Bảo hiểm Ngân hàng Nông nghiệp Việt Nam,,UPCOM,STOCK,4,8536,Bảo hiểm phi nhân thọ
ABR,CTCP Đầu tư Nhãn hiệu Việt,,HOSE,STOCK,4,2791,Tư vấn & Hỗ trợ KD
ABS,CTCP Dịch vụ Nông nghiệp Bình Thuận,,HOSE,STOCK,4,1357,"Sản phẩm hóa dầu, Nông dược & Hóa chất khác"
ABT,CTCP Xuất nhập khẩu Thủy sản Bến Tre,,HOSE,STOCK,4,3573,Nuôi trồng nông & hải sản
ABW,CTCP Chứng khoán An Bình,,UPCOM,STOCK,4,8777,Môi giới chứng khoán
ACB,Ngân hàng TMCP Á Châu,,HOSE,STOCK,4,8355,Ngân hàng
ACC,CTCP Đầu tư và Xây dựng Bình Dương ACC,,HOSE,STOCK,4,2353,Vật liệu xây dựng & Nội thất
ACE,CTCP Bê tông Ly tâm An Giang,,UPCOM,STOCK,4,2353,Vật liệu xây dựng & Nội thất
ACG,CTCP Gỗ An Cường,,HOSE,STOCK,4,1733,Lâm sản và Chế biến gỗ
ACL,CTCP Xuất nhập khẩu Thủy sản Cửu Long An Giang,,HOSE,STOCK,4,3573,Nuôi trồng nông & hải sản
ACM,CTCP Tập đoàn Khoáng sản Á Cường,,UPCOM,STOCK,4,1775,Khai khoáng
ACS,CTCP Xây lắp Thương mại 2,,UPCOM,STOCK,4,2357,Xây dựng
ACV,Tổng Công ty Cảng Hàng không Việt Nam - CTCP,,UPCOM,STOCK,4,2777,"Kho bãi, hậu cần và bảo dưỡng"
ADC,CTCP Mỹ thuật và Truyền thông,,HNX,STOCK,4,5557,"Sách, ấn bản & sản phẩm văn hóa"
ADG,CTCP Clever Group,,HOSE,STOCK,4,5555,Dịch vụ truyền thông
ADP,CTCP Sơn Á Đông,,HOSE,STOCK,4,2353,Vật liệu xây dựng & Nội thất
ADS,CTCP Damsan,,HOSE,STOCK,4,3763,Hàng May mặc
AFX,CTCP Xuất nhập khẩu Nông sản Thực phẩm An Giang,,HOSE,STOCK,4,5337,Phân phối thực phẩm
AG1,CTCP 28.1,,UPCOM,STOCK,4,3763,Hàng May mặc
AGF,CTCP Xuất nhập khẩu Thủy sản An Giang,,UPCOM,STOCK,4,3573,Nuôi trồng nông & hải sản
AGG,CTCP Đầu tư và Phát triển Bất động sản An Gia,,HOSE,STOCK,4,8633,Bất động sản
AGM,CTCP Xuất Nhập khẩu An Giang,,UPCOM,STOCK,4,3577,Thực phẩm
AGP,CTCP Dược phẩm Agimexpharm,,UPCOM,STOCK,4,4577,Dược phẩm
AGR,CTCP Chứng khoán Agribank,,HOSE,STOCK,4,8777,Môi giới chứng khoán
AGX,CTCP Thực phẩm Nông Sản xuất khẩu Sài Gòn,,UPCOM,STOCK,4,5337,Phân phối thực phẩm
AIC,Tổng Công ty Cổ phần Bảo hiểm DBV,,UPCOM,STOCK,4,8536,Bảo hiểm phi nhân thọ
AIG,CTCP Nguyên liệu Á Châu AIG,,UPCOM,STOCK,4,3577,Thực phẩm
ALC,CTCP Âu Lạc,,UPCOM,STOCK,4,2773,Vận tải Thủy
ALT,CTCP Văn hóa Tân Bình,,HNX,STOCK,4,5557,"Sách, ấn bản & sản phẩm văn hóa"
ALV,CTCP Tập đoàn MCST,,UPCOM,STOCK,4,2357,Xây dựng
AMC,CTCP Khoáng sản Á Châu,,HNX,STOCK,4,1775,Khai khoáng
AME,CTCP Alphanam E&C,,HNX,STOCK,4,2737,Thiết bị điện
AMP,CTCP Armephaco,,UPCOM,STOCK,4,4577,Dược phẩm
AMS,CTCP Cơ khí Xây dựng AMECC,,UPCOM,STOCK,4,2797,Nhà cung cấp thiết bị
AMV,CTCP Sản xuất Kinh doanh Dược và Trang thiết bị Y tế Việt Mỹ,,HNX,STOCK,4,4535,Thiết bị y tế
ANI,CTCP ANI,,UPCOM,STOCK,4,7535,Sản xuất & Phân phối Điện
ANT,CTCP Rau quả Thực phẩm An Giang,,HOSE,STOCK,4,3577,Thực phẩm
ANV,CTCP Nam Việt,,HOSE,STOCK,4,3573,Nuôi trồng nông & hải sản
APC,CTCP Chiếu xạ An Phú,,UPCOM,STOCK,4,4573,Công nghệ sinh học
APF,CTCP Nông sản Thực phẩm Quảng Ngãi,,UPCOM,STOCK,4,3577,Thực phẩm
APG,CTCP Chứng khoán APG,,HOSE,STOCK,4,8777,Môi giới chứng khoán
APH,CTCP Tập đoàn An Phát Holdings,,HOSE,STOCK,4,2723,Containers & Đóng gói
API,CTCP Đầu tư Châu Á - Thái Bình Dương,,HNX,STOCK,4,8633,Bất động sản
APL,CTCP Cơ khí và Thiết bị áp lực - VVMI,,UPCOM,STOCK,4,2757,Máy công nghiệp
APP,CTCP Phát triển Phụ gia và Sản phẩm Dầu Mỏ,,UPCOM,STOCK,4,1357,"Sản phẩm hóa dầu, Nông dược & Hóa chất khác"
APS,CTCP Chứng khoán Châu Á Thái Bình Dương,,HNX,STOCK,4,8777,Môi giới chứng khoán
APT,CTCP Kinh doanh Thủy Hải Sản Sài Gòn,,UPCOM,STOCK,4,3573,Nuôi trồng nông & hải sản
ARM,CTCP Xuất nhập khẩu Hàng không,,HNX,STOCK,4,2797,Nhà cung cấp thiết bị
ART,CTCP Chứng khoán ARTEX,,UPCOM,STOCK,4,8777,Môi giới chứng khoán
ASG,CTCP Tập đoàn ASG,,HOSE,STOCK,4,2777,"Kho bãi, hậu cần và bảo dưỡng"
ASM,CTCP Tập đoàn Sao Mai,,HOSE,STOCK,4,3573,Nuôi trồng nông & hải sản
ASP,CTCP Tập đoàn Dầu khí An Pha,,HOSE,STOCK,4,7573,Phân phối xăng dầu & khí đốt
AST,CTCP Dịch vụ Hàng không Taseco,,HOSE,STOCK,4,5379,Phân phối hàng chuyên dụng
ATA,CTCP Ntaco,,UPCOM,STOCK,4,3573,Nuôi trồng nông & hải sản
ATG,CTCP ATG Planet,,UPCOM,STOCK,4,1775,Khai khoáng
ATS,CTCP Tập đoàn Đầu tư ATS,,HNX,STOCK,4,5757,Nhà hàng và quán bar
AVC,CTCP Thủy điện A Vương,,UPCOM,STOCK,4,7535,Sản xuất & Phân phối Điện
AVG,CTCP Phân bón Quốc tế Âu Việt,,UPCOM,STOCK,4,1357,"Sản phẩm hóa dầu, Nông dược & Hóa chất khác"
BAB,Ngân hàng TMCP Bắc Á,,HNX,STOCK,4,8355,Ngân hàng
BAF,CTCP Nông nghiệp BAF Việt Nam,,HOSE,STOCK,4,3573,Nuôi trồng nông & hải sản
BAL,CTCP Bao bì Bia - Rượu - Nước giải khát,,UPCOM,STOCK,4,2723,Containers & Đóng gói
BAX,CTCP Thống Nhất,,HNX,STOCK,4,2357,Xây dựng
BBH,CTCP Bao bì Hoàng Thạch,,UPCOM,STOCK,4,2723,Containers & Đóng gói
BBM,CTCP Bia Hà Nội - Nam Định,,UPCOM,STOCK,4,3533,Sản xuất bia
BBS,CTCP VICEM Bao bì Bút Sơn,,HNX,STOCK,4,2723,Containers & Đóng gói
BBT,CTCP Bông Bạch Tuyết,,UPCOM,STOCK,4,3767,Hàng cá nhân
BCA,CTCP B.C.H,,UPCOM,STOCK,4,1757,Thép và sản phẩm thép
BCB,CTCP 397,,UPCOM,STOCK,4,1771,Khai thác Than
BCC,CTCP Xi măng Bỉm Sơn,,HNX,STOCK,4,2353,Vật liệu xây dựng & Nội thất
BCE,CTCP Xây dựng và Giao thông Bình Dương,,HOSE,STOCK,4,2357,Xây dựng
BCF,CTCP Thực phẩm Bích Chi,,HNX,STOCK,4,3577,Thực phẩm
BCM,Tập đoàn Đầu tư và Phát triển Công nghiệp Becamex - CTCP,,HOSE,STOCK,4,8633,Bất động sản
BCP,CTCP Dược ENLIE,,UPCOM,STOCK,4,4577,Dược phẩm
BCV,CTCP Du lịch và Thương mại Bằng Giang Cao Bằng - Vimico,,UPCOM,STOCK,4,5753,Khách sạn
BDG,CTCP May mặc Bình Dương,,UPCOM,STOCK,4,3763,Hàng May mặc
BDT,CTCP Xây lắp và Vật liệu Xây dựng Đồng Tháp,,UPCOM,STOCK,4,2353,Vật liệu xây dựng & Nội thất
BDW,CTCP Cấp thoát nước Bình Định,,UPCOM,STOCK,4,7577,Nước
BED,CTCP Sách và Thiết bị Trường học Đà Nẵng,,HNX,STOCK,4,5557,"Sách, ấn bản & sản phẩm văn hóa"
BEL,CTCP Điện tử Biên Hòa,,UPCOM,STOCK,4,3743,Điện tử tiêu dùng
BFC,CTCP Phân bón Bình Điền,,HOSE,STOCK,4,1357,"Sản phẩm hóa dầu, Nông dược & Hóa chất khác"
BGE,CTCP BCG Energy,,UPCOM,STOCK,4,7535,Sản xuất & Phân phối Điện
BGW,CTCP Nước sạch Bắc Giang,,UPCOM,STOCK,4,7577,Nước
BHA,CTCP Thủy điện Bắc Hà,,UPCOM,STOCK,4,7535,Sản xuất & Phân phối Điện
BHC,CTCP Bê tông Biên Hòa,,UPCOM,STOCK,4,2353,Vật liệu xây dựng & Nội thất
BHG,CTCP Chè Biển Hồ,,UPCOM,STOCK,4,3537,Đồ uống & giải khát
BHH,CTCP Bia Hà Nội - Hưng Yên 89,,UPCOM,STOCK,4,3533,Sản xuất bia
BHI,Tổng Công ty cổ phần Bảo hiểm Sài Gòn - Hà Nội,,UPCOM,STOCK,4,8536,Bảo hiểm phi nhân thọ
BHK,CTCP Bia Hà Nội - Kim Bài,,UPCOM,STOCK,4,3533,Sản xuất bia
BHN,Tổng Công ty cổ phần Bia - Rượu - Nước giải khát Hà Nội,,HOSE,STOCK,4,3533,Sản xuất bia
BHP,CTCP Bia Hà Nội - Hải Phòng,,UPCOM,STOCK,4,3533,Sản xuất bia
BIC,Tổng Công ty cổ phần Bảo hiểm Ngân hàng Đầu tư và Phát triển Việt Nam,,HOSE,STOCK,4,8536,Bảo hiểm phi nhân thọ
BID,Ngân hàng TMCP Đầu tư và Phát triển Việt Nam,,HOSE,STOCK,4,8355,Ngân hàng
BIG,CTCP Tập đoàn Đầu tư Big,,UPCOM,STOCK,4,3573,Nuôi trồng nông & hải sản
BIO,CTCP Vắc xin và Sinh phẩm Nha Trang,,UPCOM,STOCK,4,4577,Dược phẩm
BKC,CTCP Khoáng sản Bắc Kạn,,HNX,STOCK,4,1775,Khai khoáng
BKG,CTCP Đầu tư BKG Việt Nam,,HOSE,STOCK,4,3726,Thiết bị gia dụng
BLF,CTCP Thủy sản Bạc Liêu,,UPCOM,STOCK,4,3573,Nuôi trồng nông & hải sản
BLI,Tổng Công ty cổ phần Bảo hiểm Bảo Long,,UPCOM,STOCK,4,8536,Bảo hiểm phi nhân thọ
BLN,CTCP Vận tải và Dịch vụ Liên Ninh,,UPCOM,STOCK,4,5759,Vận tải hành khách & Du lịch
BLT,CTCP Lương thực Bình Định,,UPCOM,STOCK,4,3577,Thực phẩm
BMC,CTCP Khoáng sản Bình Định,,HOSE,STOCK,4,1775,Khai khoáng
BMD,CTCP Môi trường và Dịch vụ Đô thị Bình Thuận,,UPCOM,STOCK,4,2799,Chất thải & Môi trường
BMF,CTCP Vật liệu Xây dựng và Chất đốt Đồng Nai,,UPCOM,STOCK,4,7573,Phân phối xăng dầu & khí đốt
BMG,CTCP May Bình Minh,,UPCOM,STOCK,4,3763,Hàng May mặc
BMI,Tổng Công ty cổ phần Bảo Minh,,HOSE,STOCK,4,8536,Bảo hiểm phi nhân thọ
BMJ,CTCP Khoáng sản Miền Đông AHP,,UPCOM,STOCK,4,1775,Khai khoáng
BMK,CTCP Kỹ thuật nhiệt Mèo Đen,,UPCOM,STOCK,4,2353,Vật liệu xây dựng & Nội thất
BMP,CTCP Nhựa Bình Minh,,HOSE,STOCK,4,2353,Vật liệu xây dựng & Nội thất
BMS,CTCP Chứng khoán Bảo Minh,,UPCOM,STOCK,4,8777,Môi giới chứng khoán
BMV,CTCP Bột mỳ Vinafood 1,,UPCOM,STOCK,4,3577,Thực phẩm
BNA,CTCP Tập đoàn Đầu tư Bảo Ngọc,,HNX,STOCK,4,3577,Thực phẩm
BNW,CTCP Nước sạch Bắc Ninh,,UPCOM,STOCK,4,7577,Nước
BOT,CTCP BOT Cầu Thái Hà,,UPCOM,STOCK,4,2357,Xây dựng
BPC,CTCP VICEM Bao bì Bỉm Sơn,,HNX,STOCK,4,2723,Containers & Đóng gói
BQB,CTCP Bia Hà Nội - Quảng Bình,,UPCOM,STOCK,4,3533,Sản xuất bia
BQP,CTCP Nhựa Chất lượng cao Bình Thuận,,UPCOM,STOCK,4,1353,"Nhựa, cao su & sợi"
BRC,CTCP Cao su Bến Thành,,HOSE,STOCK,4,1353,"Nhựa, cao su & sợi"
BRR,CTCP Cao su Bà Rịa,,UPCOM,STOCK,4,1353,"Nhựa, cao su & sợi"
BRS,CTCP Dịch vụ Đô thị Bà Rịa,,UPCOM,STOCK,4,2799,Chất thải & Môi trường
BSA,CTCP Thủy điện Buôn Đôn,,UPCOM,STOCK,4,7535,Sản xuất & Phân phối Điện
BSD,"CTCP Bia, Rượu Sài Gòn - Đồng Xuân",,UPCOM,STOCK,4,3533,Sản xuất bia
BSG,CTCP Xe khách Sài Gòn,,UPCOM,STOCK,4,5759,Vận tải hành khách & Du lịch
BSH,CTCP Bia Sài Gòn - Hà Nội,,UPCOM,STOCK,4,3533,Sản xuất bia
BSI,CTCP Chứng khoán BIDV,,HOSE,STOCK,4,8777,Môi giới chứng khoán
BSL,CTCP Bia Sài Gòn - Sông Lam,,UPCOM,STOCK,4,3533,Sản xuất bia
BSP,CTCP Bia Sài Gòn - Phú Thọ,,UPCOM,STOCK,4,3533,Sản xuất bia
BSQ,CTCP Bia Sài Gòn - Quảng Ngãi,,UPCOM,STOCK,4,3533,Sản xuất bia
BSR,CTCP - Tổng Công ty Lọc hóa dầu Việt Nam,,HOSE,STOCK,4,0533,Sản xuất và Khai thác dầu khí
BT1,CTCP Bảo vệ Thực vật 1 Trung Ương,,UPCOM,STOCK,4,1357,"Sản phẩm hóa dầu, Nông dược & Hóa chất khác"
BT6,CTCP Beton 6,,UPCOM,STOCK,4,2353,Vật liệu xây dựng & Nội thất
BTB,CTCP Bia Hà Nội - Thái Bình,,UPCOM,STOCK,4,3533,Sản xuất bia
BTD,CTCP Bê tông Ly tâm Thủ Đức,,UPCOM,STOCK,4,2353,Vật liệu xây dựng & Nội thất
BTG,CTCP Bao bì Tiền Giang,,UPCOM,STOCK,4,2723,Containers & Đóng gói
BTH,CTCP Chế tạo Biến thế và Vật liệu Điện Hà Nội,,UPCOM,STOCK,4,2737,Thiết bị điện
BTN,CTCP Đầu tư Bitco Bình Định,,UPCOM,STOCK,4,2353,Vật liệu xây dựng & Nội thất
BTP,CTCP Nhiệt điện Bà Rịa,,HOSE,STOCK,4,7535,Sản xuất & Phân phối Điện
BTS,CTCP Xi măng VICEM Bút Sơn,,HNX,STOCK,4,2353,Vật liệu xây dựng & Nội thất
BTT,CTCP Thương mại Dịch vụ Bến Thành,,HOSE,STOCK,4,5373,Bán lẻ phức hợp
BTU,CTCP Công trình Đô thị Bến Tre,,UPCOM,STOCK,4,2799,Chất thải & Môi trường
BTV,CTCP Dịch vụ Du lịch Bến Thành,,UPCOM,STOCK,4,5759,Vận tải hành khách & Du lịch
BTW,CTCP Cấp nước Bến Thành,,HNX,STOCK,4,7577,Nước
BVB,Ngân hàng TMCP Bản Việt,,HOSE,STOCK,4,8355,Ngân hàng
BVG,CTCP Group Bắc Việt,,UPCOM,STOCK,4,1757,Thép và sản phẩm thép
BVH,Tập đoàn Bảo Việt,,HOSE,STOCK,4,8575,Bảo hiểm nhân thọ
BVL,CTCP BV Land,,UPCOM,STOCK,4,8637,"Tư Vấn, Định giá, Môi giới Bất động sản"
BVN,CTCP Bông Việt Nam,,UPCOM,STOCK,4,3767,Hàng cá nhân
BVS,CTCP Chứng khoán Bảo Việt,,HNX,STOCK,4,8777,Môi giới chứng khoán
BWA,CTCP Cấp thoát nước và Xây dựng Bảo Lộc,,UPCOM,STOCK,4,7577,Nước
BWE,CTCP - Tổng công ty nước - môi trường Bình Dương,,HOSE,STOCK,4,7577,Nước
BWS,CTCP Cấp nước Bà Rịa - Vũng Tàu,,UPCOM,STOCK,4,7577,Nước
BXH,CTCP VICEM Bao bì Hải Phòng,,HNX,STOCK,4,2723,Containers & Đóng gói
C21,CTCP Thế Kỷ 21 ,,UPCOM,STOCK,4,8633,Bất động sản
C22,CTCP 22,,UPCOM,STOCK,4,3577,Thực phẩm
C32,CTCP Đầu tư và Xây dựng 3-2,,HOSE,STOCK,4,2353,Vật liệu xây dựng & Nội thất
C47,CTCP Xây dựng 47,,HOSE,STOCK,4,2357,Xây dựng
C4G,CTCP Tập đoàn CIENCO4,,UPCOM,STOCK,4,2357,Xây dựng
C69,CTCP Xây dựng 1369,,HNX,STOCK,4,2357,Xây dựng
C92,CTCP Xây dựng và Đầu tư 492,,UPCOM,STOCK,4,2357,Xây dựng
CAD,CTCP Chế biến và Xuất nhập khẩu Thủy sản Cadovimex,,UPCOM,STOCK,4,3573,Nuôi trồng nông & hải sản
CAG,CTCP Cảng An Giang,,HNX,STOCK,4,2777,"Kho bãi, hậu cần và bảo dưỡng"
CAN,CTCP Đồ hộp Hạ Long,,HNX,STOCK,4,3577,Thực phẩm
CAP,CTCP Lâm Nông sản Thực phẩm Yên Bái,,HNX,STOCK,4,1737,Sản xuất giấy
CAR,CTCP Tập đoàn Giáo dục Trí Việt,,HNX,STOCK,4,2793,Đào tạo & Việc làm
CAT,CTCP Thủy sản Cà Mau,,UPCOM,STOCK,4,3573,Nuôi trồng nông & hải sản
CBI,CTCP Gang thép Cao Bằng,,UPCOM,STOCK,4,1757,Thép và sản phẩm thép
CBS,CTCP Mía Đường Cao Bằng,,UPCOM,STOCK,4,3577,Thực phẩm
CC1,Tổng Công ty Xây dựng Số 1 - CTCP,,UPCOM,STOCK,4,2357,Xây dựng
CCA,CTCP Xuất nhập khẩu Thuỷ sản Cần Thơ,,UPCOM,STOCK,4,3573,Nuôi trồng nông & hải sản
CCC,CTCP Xây dựng CDC,,HOSE,STOCK,4,2357,Xây dựng
CCI,CTCP Đầu tư Phát triển Công nghiệp Thương mại Củ Chi,,HOSE,STOCK,4,7573,Phân phối xăng dầu & khí đốt
CCL,CTCP Đầu tư và Phát triển Đô thị Dầu khí Cửu Long,,HOSE,STOCK,4,8633,Bất động sản
CCM,CTCP khoáng sản và Xi măng Cần Thơ,,UPCOM,STOCK,4,2353,Vật liệu xây dựng & Nội thất
CCP,CTCP Cảng Cửa Cấm Hải Phòng,,UPCOM,STOCK,4,2777,"Kho bãi, hậu cần và bảo dưỡng"
CCR,CTCP Cảng Cam Ranh,,HNX,STOCK,4,2777,"Kho bãi, hậu cần và bảo dưỡng"
CCS,CTCP Chíp Sáng,,UPCOM,STOCK,4,8633,Bất động sản
CCT,CTCP Cảng Cần Thơ,,UPCOM,STOCK,4,2777,"Kho bãi, hậu cần và bảo dưỡng"
CCV,CTCP Tư vấn Xây dựng Công nghiệp và Đô thị Việt Nam,,UPCOM,STOCK,4,2357,Xây dựng
CDC,CTCP Chương Dương,,HOSE,STOCK,4,2357,Xây dựng
CDG,CTCP Cầu Đuống,,UPCOM,STOCK,4,2353,Vật liệu xây dựng & Nội thất
CDN,CTCP Cảng Đà Nẵng,,HNX,STOCK,4,2777,"Kho bãi, hậu cần và bảo dưỡng"
CDO,CTCP Tư vấn Thiết kế và Phát triển Đô thị,,UPCOM,STOCK,4,2357,Xây dựng
CDP,CTCP Dược phẩm Trung ương Codupha,,UPCOM,STOCK,4,4577,Dược phẩm
CDR,CTCP Xây dựng Cao su Đồng Nai,,UPCOM,STOCK,4,2357,Xây dựng
CEN,CTCP CENCON Việt Nam,,UPCOM,STOCK,4,5373,Bán lẻ phức hợp
CEO,CTCP Tập đoàn C.E.O,,HNX,STOCK,4,8633,Bất động sản
CET,CTCP HTC Holding,,HNX,STOCK,4,3767,Hàng cá nhân
CFM,CTCP CFM Private Equity,,UPCOM,STOCK,4,2793,Đào tạo & Việc làm
CFV,CTCP Cà phê Thắng Lợi,,UPCOM,STOCK,4,3537,Đồ uống & giải khát
CGV,CTCP Vinaceglass,,UPCOM,STOCK,4,2353,Vật liệu xây dựng & Nội thất
CH5,CTCP Xây dựng Số 5 Hà Nội,,UPCOM,STOCK,4,2357,Xây dựng
CHC,CTCP Cẩm Hà,,UPCOM,STOCK,4,2353,Vật liệu xây dựng & Nội thất
CHP,CTCP Thủy điện Miền Trung,,HOSE,STOCK,4,7535,Sản xuất & Phân phối Điện
CHS,CTCP Chiếu sáng Công cộng Thành phố Hồ Chí Minh,,UPCOM,STOCK,4,7575,Tiện ích khác
CI5,CTCP Đầu Tư Xây dựng Số 5,,UPCOM,STOCK,4,2357,Xây dựng
CIA,CTCP Dịch vụ Sân bay Quốc tế Cam Ranh,,HNX,STOCK,4,2777,"Kho bãi, hậu cần và bảo dưỡng"
CID,CTCP Xây dựng và Phát triển Cơ sở Hạ tầng,,UPCOM,STOCK,4,2357,Xây dựng
CIG,CTCP COMA 18,,HOSE,STOCK,4,2357,Xây dựng
CII,CTCP Đầu tư Hạ tầng Kỹ thuật Thành phố Hồ Chí Minh,,HOSE,STOCK,4,2357,Xây dựng
CIP,CTCP Xây lắp và Sản xuất Công nghiệp,,UPCOM,STOCK,4,2357,Xây dựng
CJC,CTCP Cơ điện Miền Trung,,HNX,STOCK,4,2737,Thiết bị điện
CK8,CTCP Cơ khí 120,,UPCOM,STOCK,4,8633,Bất động sản
CKA,CTCP Cơ Khí An Giang,,UPCOM,STOCK,4,2757,Máy công nghiệp
CKD,CTCP Cơ khí Đông Anh LICOGI,,UPCOM,STOCK,4,2757,Máy công nghiệp
CKG,CTCP Tập đoàn CIC,,HOSE,STOCK,4,8633,Bất động sản
CKV,CTCP COKYVINA,,HNX,STOCK,4,9578,Thiết bị viễn thông
CLC,CTCP Cát Lợi,,HOSE,STOCK,4,3785,Thuốc lá
CLH,CTCP Xi măng La Hiên VVMI,,HNX,STOCK,4,2353,Vật liệu xây dựng & Nội thất
CLI,CTCP Tập đoàn CNCTech,,UPCOM,STOCK,4,1755,Kim Loại màu
CLL,CTCP Cảng Cát Lái,,HOSE,STOCK,4,2777,"Kho bãi, hậu cần và bảo dưỡng"
CLM,CTCP Xuất nhập khẩu Than - Vinacomin,,HNX,STOCK,4,1771,Khai thác Than
CLW,CTCP Cấp nước Chợ Lớn,,HOSE,STOCK,4,7577,Nước
CLX,CTCP Xuất nhập khẩu và Đầu tư Chợ Lớn (CHOLIMEX),,UPCOM,STOCK,4,3577,Thực phẩm
CMC,CTCP Đầu tư CMC,,HNX,STOCK,4,2757,Máy công nghiệp
CMD,CTCP Vật liệu Xây dựng và Trang trí nội thất Thành phố Hồ Chí Minh,,UPCOM,STOCK,4,2353,Vật liệu xây dựng & Nội thất
CMF,CTCP Thực phẩm Cholimex,,UPCOM,STOCK,4,3577,Thực phẩm
CMG,CTCP Tập đoàn Công nghệ CMC,,HOSE,STOCK,4,9533,Dịch vụ Máy tính
CMI,CTCP CMISTONE Việt Nam,,UPCOM,STOCK,4,2353,Vật liệu xây dựng & Nội thất
CMK,CTCP Cơ khí Mạo Khê - Vinacomin,,UPCOM,STOCK,4,2757,Máy công nghiệp
CMM,CTCP Camimex,,UPCOM,STOCK,4,3577,Thực phẩm
CMN,CTCP Lương thực Thực phẩm Colusa - Miliket,,UPCOM,STOCK,4,3577,Thực phẩm
CMP,CTCP Cảng Chân Mây,,UPCOM,STOCK,4,2777,"Kho bãi, hậu cần và bảo dưỡng"
CMS,CTCP Tập Đoàn CMH Việt Nam,,HNX,STOCK,4,2357,Xây dựng
CMT,CTCP Công nghệ Mạng và Truyền thông,,UPCOM,STOCK,4,9537,Phần mềm
CMV,CTCP Thương nghiệp Cà Mau,,HOSE,STOCK,4,5373,Bán lẻ phức hợp
CMW,CTCP Cấp nước Cà Mau,,UPCOM,STOCK,4,7577,Nước
CMX,CTCP Camimex Group,,HOSE,STOCK,4,3573,Nuôi trồng nông & hải sản
CNA,CTCP Tổng Công ty Chè Nghệ An,,UPCOM,STOCK,4,3573,Nuôi trồng nông & hải sản
CNC,CTCP Công nghệ Cao Traphaco,,UPCOM,STOCK,4,4577,Dược phẩm
CNG,CTCP CNG Việt Nam,,HOSE,STOCK,4,7573,Phân phối xăng dầu & khí đốt
CNN,"CTCP Tư vấn Công nghệ, Thiết bị và Kiểm Định Xây dựng - Coninco",,UPCOM,STOCK,4,2357,Xây dựng
CNT,CTCP Tập đoàn CNT,,UPCOM,STOCK,4,8633,Bất động sản
COM,CTCP Vật tư - Xăng Dầu,,HOSE,STOCK,4,5379,Phân phối hàng chuyên dụng
CPA,CTCP Cà phê Phước An,,UPCOM,STOCK,4,3537,Đồ uống & giải khát
CPC,CTCP Thuốc sát trùng Cần Thơ,,HNX,STOCK,4,1357,"Sản phẩm hóa dầu, Nông dược & Hóa chất khác"
CPH,CTCP Phục vụ Mai táng Hải Phòng,,UPCOM,STOCK,4,5377,Dịch vụ tiêu dùng chuyên ngành
CPI,CTCP Đầu tư Cảng Cái Lân,,UPCOM,STOCK,4,2777,"Kho bãi, hậu cần và bảo dưỡng"
CQN,CTCP Cảng Quảng Ninh,,UPCOM,STOCK,4,2777,"Kho bãi, hậu cần và bảo dưỡng"
CQT,CTCP Xi măng Quán Triều VVMI,,UPCOM,STOCK,4,2353,Vật liệu xây dựng & Nội thất
CRC,CTCP Create Capital Việt Nam,,HOSE,STOCK,4,2353,Vật liệu xây dựng & Nội thất
CRE,CTCP Bất động sản Thế Kỷ,,HOSE,STOCK,4,8633,Bất động sản
CRV,CTCP Tập đoàn Bất động sản CRV,,HOSE,STOCK,4,8633,Bất động sản
CSC,CTCP Tập đoàn Cotana,,HNX,STOCK,4,2357,Xây dựng
CSI,CTCP Chứng khoán Kirin,,UPCOM,STOCK,4,8777,Môi giới chứng khoán
CSM,CTCP Công nghiệp Cao su Miền Nam,,HOSE,STOCK,4,3357,Lốp xe
CST,CTCP Than Cao Sơn - TKV,,HNX,STOCK,4,1771,Khai thác Than
CSV,CTCP Hóa chất Cơ bản Miền Nam,,HOSE,STOCK,4,1357,"Sản phẩm hóa dầu, Nông dược & Hóa chất khác"
CT3,CTCP Đầu tư và Xây dựng Công trình 3,,UPCOM,STOCK,4,2357,Xây dựng
CT6,CTCP Công trình 6,,UPCOM,STOCK,4,2357,Xây dựng
CTB,CTCP Chế tạo Bơm Hải Dương,,HNX,STOCK,4,2757,Máy công nghiệp
CTD,CTCP Xây dựng Coteccons,,HOSE,STOCK,4,2357,Xây dựng
CTF,CTCP City Auto,,HOSE,STOCK,4,3353,Sản xuất ô tô
CTG,Ngân hàng TMCP Công Thương Việt Nam,,HOSE,STOCK,4,8355,Ngân hàng
CTI,CTCP Đầu tư Phát triển Cường Thuận IDICO,,HOSE,STOCK,4,2357,Xây dựng
CTP,CTCP Tập đoàn CTP Group,,HNX,STOCK,4,3537,Đồ uống & giải khát
CTR,Tổng Công ty cổ phần Công trình Viettel,,HOSE,STOCK,4,2357,Xây dựng
CTS,CTCP Chứng khoán VietinBank,,HOSE,STOCK,4,8777,Môi giới chứng khoán
CTT,CTCP Chế tạo Máy - Vinacomin,,HNX,STOCK,4,2757,Máy công nghiệp
CTW,CTCP Cấp thoát nước Cần Thơ,,UPCOM,STOCK,4,7577,Nước
CTX,Tổng Công ty cổ phần Đầu tư Xây dựng và Thương mại Việt Nam,,UPCOM,STOCK,4,2357,Xây dựng
CVN,CTCP Vinam,,UPCOM,STOCK,4,4535,Thiết bị y tế
CVT,CTCP CMC,,HOSE,STOCK,4,2353,Vật liệu xây dựng & Nội thất
CX8,CTCP Đầu tư và Xây lắp Constrexim Số 8,,HNX,STOCK,4,2357,Xây dựng
D11,CTCP Địa ốc 11,,HNX,STOCK,4,8633,Bất động sản
D2D,CTCP Phát triển Đô thị Công nghiệp số 2,,HOSE,STOCK,4,8633,Bất động sản
DAC,CTCP 382 Đông Anh,,UPCOM,STOCK,4,2353,Vật liệu xây dựng & Nội thất
DAD,CTCP Đầu tư và Phát triển Giáo dục Đà Nẵng,,HNX,STOCK,4,5557,"Sách, ấn bản & sản phẩm văn hóa"
DAE,CTCP Sách Giáo dục tại Thành phố Đà Nẵng,,HNX,STOCK,4,5557,"Sách, ấn bản & sản phẩm văn hóa"
DAG,CTCP Tập đoàn Nhựa Đông Á,,UPCOM,STOCK,4,1353,"Nhựa, cao su & sợi"
DAH,CTCP Tập đoàn Khách sạn Đông Á,,HOSE,STOCK,4,5753,Khách sạn
DAS,CTCP Máy - Thiết bị Dầu khí Đà Nẵng,,UPCOM,STOCK,4,3353,Sản xuất ô tô
DAT,CTCP Đầu tư du lịch và Phát triển Thủy sản,,HOSE,STOCK,4,3573,Nuôi trồng nông & hải sản
DBC,CTCP Tập đoàn Dabaco Việt Nam,,HOSE,STOCK,4,3573,Nuôi trồng nông & hải sản
DBD,CTCP Dược - Trang thiết bị Y tế Bình Định (Bidiphar),,HOSE,STOCK,4,4577,Dược phẩm
DBM,CTCP Dược - Vật tư Y Tế Đăk Lăk,,UPCOM,STOCK,4,4577,Dược phẩm
DBT,CTCP Dược phẩm Bến Tre,,HOSE,STOCK,4,4577,Dược phẩm
DC1,CTCP Đầu tư Phát triển Xây dựng Số 1,,UPCOM,STOCK,4,2357,Xây dựng
DC2,CTCP Đầu tư Phát triển - Xây dựng (DIC) số 2,,HNX,STOCK,4,2357,Xây dựng
DC4,CTCP DICERA Holdings,,HOSE,STOCK,4,2357,Xây dựng
DCF,CTCP Xây dựng và Thiết kế Số 1,,UPCOM,STOCK,4,2357,Xây dựng
DCG,CTCP Tổng Công ty May Đáp Cầu,,UPCOM,STOCK,4,3763,Hàng May mặc
DCH,CTCP Địa chính Hà Nội,,UPCOM,STOCK,4,8637,"Tư Vấn, Định giá, Môi giới Bất động sản"
DCL,CTCP Dược phẩm Cửu Long,,HOSE,STOCK,4,4577,Dược phẩm
DCM,CTCP - Tổng công ty Phân bón Dầu khí Cà Mau,,HOSE,STOCK,4,1357,"Sản phẩm hóa dầu, Nông dược & Hóa chất khác"
DCR,CTCP Gạch men Cosevco,,UPCOM,STOCK,4,2353,Vật liệu xây dựng & Nội thất
DCS,CTCP Tập đoàn EDX,,UPCOM,STOCK,4,3726,Thiết bị gia dụng
DCT,CTCP Tấm lợp Vật liệu Xây dựng Đồng Nai,,UPCOM,STOCK,4,2353,Vật liệu xây dựng & Nội thất
DCV,CTCP Quản lý Quỹ Đầu tư Dragon Capital Việt Nam,,UPCOM,STOCK,4,8771,Quản lý tài sản
DDB,CTCP Thương mại và Xây dựng Đông Dương,,UPCOM,STOCK,4,2353,Vật liệu xây dựng & Nội thất
DDG,CTCP Đầu tư Công nghiệp Xuất nhập khẩu Đông Dương,,UPCOM,STOCK,4,7573,Phân phối xăng dầu & khí đốt
DDH,CTCP Đảm bảo Giao thông Đường thủy Hải Phòng,,UPCOM,STOCK,4,2777,"Kho bãi, hậu cần và bảo dưỡng"
DDM,CTCP Hàng Hải Đông Đô,,UPCOM,STOCK,4,2773,Vận tải Thủy
DDN,CTCP Dược và Thiết bị Y tế Đà Nẵng,,UPCOM,STOCK,4,4577,Dược phẩm
DDV,CTCP DAP - VINACHEM,,UPCOM,STOCK,4,1357,"Sản phẩm hóa dầu, Nông dược & Hóa chất khác"
DFC,CTCP Xích líp Đông Anh,,UPCOM,STOCK,4,1757,Thép và sản phẩm thép
DFF,CTCP Tập đoàn Đua Fat,,UPCOM,STOCK,4,2357,Xây dựng
DGC,CTCP Tập đoàn Hóa chất Đức Giang,,HOSE,STOCK,4,1357,"Sản phẩm hóa dầu, Nông dược & Hóa chất khác"
DGT,CTCP Công trình Giao thông Đồng Nai,,UPCOM,STOCK,4,2353,Vật liệu xây dựng & Nội thất
DGW,CTCP Thế Giới Số,,HOSE,STOCK,4,5379,Phân phối hàng chuyên dụng
DHA,CTCP Hóa An,,HOSE,STOCK,4,2353,Vật liệu xây dựng & Nội thất
DHB,CTCP Phân đạm và Hóa chất Hà Bắc,,UPCOM,STOCK,4,1357,"Sản phẩm hóa dầu, Nông dược & Hóa chất khác"
DHC,CTCP Đông Hải Bến Tre,,HOSE,STOCK,4,1737,Sản xuất giấy
DHD,CTCP Dược Vật tư Y tế Hải Dương,,UPCOM,STOCK,4,4577,Dược phẩm
DHG,CTCP Dược Hậu Giang,,HOSE,STOCK,4,4577,Dược phẩm
DHM,CTCP Đầu tư và Thương mại DHM,,HOSE,STOCK,4,1775,Khai khoáng
DHN,CTCP Dược phẩm Hà Nội,,UPCOM,STOCK,4,4577,Dược phẩm
DHP,CTCP Điện cơ Hải Phòng,,HNX,STOCK,4,2737,Thiết bị điện
DHT,CTCP Dược phẩm Hà Tây,,HNX,STOCK,4,4577,Dược phẩm
DIC,CTCP Đầu tư và Thương mại DIC,,UPCOM,STOCK,4,2353,Vật liệu xây dựng & Nội thất
DID,CTCP DIC - Đồng Tiến,,UPCOM,STOCK,4,2353,Vật liệu xây dựng & Nội thất
DIG,Tổng Công ty cổ phần Đầu tư Phát triển Xây dựng,,HOSE,STOCK,4,8633,Bất động sản
DIH,CTCP Đầu tư Phát triển Xây dựng - Hội An,,HNX,STOCK,4,8633,Bất động sản
DKC,CTCP Chợ Lạng Sơn,,UPCOM,STOCK,4,5373,Bán lẻ phức hợp
DKG,CTCP Tập đoàn Damik,,UPCOM,STOCK,4,2353,Vật liệu xây dựng & Nội thất
DL1,CTCP Tập đoàn Alpha Seven,,HNX,STOCK,4,2777,"Kho bãi, hậu cần và bảo dưỡng"
DLD,CTCP Du lịch Đắk Lắk,,UPCOM,STOCK,4,5753,Khách sạn
DLG,CTCP Tập đoàn Đức Long Gia Lai,,HOSE,STOCK,4,2357,Xây dựng
DLR,CTCP Địa ốc Đà Lạt,,UPCOM,STOCK,4,2357,Xây dựng
DLT,CTCP Du lịch và Thương mại - Vinacomin,,UPCOM,STOCK,4,5759,Vận tải hành khách & Du lịch
DM7,CTCP Dệt May 7,,UPCOM,STOCK,4,3763,Hàng May mặc
DMC,CTCP Xuất nhập khẩu Y Tế DOMESCO,,HOSE,STOCK,4,4577,Dược phẩm
DMN,CTCP Domenal,,UPCOM,STOCK,4,3573,Nuôi trồng nông & hải sản
DMX,CTCP Đầu tư Điện máy Xanh,,HOSE,STOCK,4,5373,Bán lẻ phức hợp
DNA,CTCP Điện Nước An Giang,,UPCOM,STOCK,4,7577,Nước
DNC,CTCP Điện Nước Lắp máy Hải Phòng,,HNX,STOCK,4,7535,Sản xuất & Phân phối Điện
DND,CTCP Đầu tư Xây dựng và Vật liệu Đồng Nai,,UPCOM,STOCK,4,2353,Vật liệu xây dựng & Nội thất
DNE,CTCP Môi trường Đô thị Đà Nẵng,,UPCOM,STOCK,4,2799,Chất thải & Môi trường
DNH,CTCP Thủy điện Đa Nhim - Hàm Thuận - Đa Mi,,UPCOM,STOCK,4,7535,Sản xuất & Phân phối Điện
DNL,CTCP Logistics Cảng Đà Nẵng,,UPCOM,STOCK,4,2777,"Kho bãi, hậu cần và bảo dưỡng"
DNM,Tổng Công ty cổ phần Y tế DANAMECO,,UPCOM,STOCK,4,4537,Dụng cụ y tế
DNN,CTCP Cấp nước Đà Nẵng,,UPCOM,STOCK,4,7577,Nước
DNP,CTCP DNP Holding,,HNX,STOCK,4,2353,Vật liệu xây dựng & Nội thất
DNT,CTCP Du lịch Đồng Nai,,UPCOM,STOCK,4,5755,Dịch vụ giải trí
DNW,CTCP Cấp nước Đồng Nai,,UPCOM,STOCK,4,7577,Nước
DOC,CTCP Vật tư Nông Nghiệp Đồng Nai,,UPCOM,STOCK,4,1357,"Sản phẩm hóa dầu, Nông dược & Hóa chất khác"
DOP,CTCP Vận tải Xăng dầu Đồng Tháp,,UPCOM,STOCK,4,2779,Dịch vụ vận tải
DP1,CTCP Dược phẩm Trung ương CPC1,,UPCOM,STOCK,4,4577,Dược phẩm
DP2,CTCP Dược phẩm Trung ương 2,,UPCOM,STOCK,4,4577,Dược phẩm
DP3,CTCP Dược phẩm Trung ương 3,,HNX,STOCK,4,4577,Dược phẩm
DPC,CTCP Nhựa Đà Nẵng,,UPCOM,STOCK,4,2723,Containers & Đóng gói
DPG,CTCP Tập đoàn Đạt Phương,,HOSE,STOCK,4,2357,Xây dựng
DPH,CTCP Dược phẩm Hải Phòng,,UPCOM,STOCK,4,4577,Dược phẩm
DPM,Tổng công ty Phân bón và Hóa chất Dầu khí - CTCP,,HOSE,STOCK,4,1357,"Sản phẩm hóa dầu, Nông dược & Hóa chất khác"
DPP,CTCP Dược Đồng Nai,,UPCOM,STOCK,4,4577,Dược phẩm
DPR,CTCP Cao su Đồng Phú,,HOSE,STOCK,4,1353,"Nhựa, cao su & sợi"
DQC,CTCP Tập đoàn Điện Quang,,HOSE,STOCK,4,3726,Thiết bị gia dụng
DRC,CTCP Cao su Đà Nẵng,,HOSE,STOCK,4,3357,Lốp xe
DRG,CTCP Cao su Đắk Lắk,,UPCOM,STOCK,4,1353,"Nhựa, cao su & sợi"
DRH,CTCP DRH Holdings,,HOSE,STOCK,4,8633,Bất động sản
DRI,CTCP Đầu tư Cao su Đắk Lắk,,UPCOM,STOCK,4,1353,"Nhựa, cao su & sợi"
DRL,CTCP Thủy điện - Điện Lực 3,,HOSE,STOCK,4,7535,Sản xuất & Phân phối Điện
DS3,CTCP DS3,,HNX,STOCK,4,2777,"Kho bãi, hậu cần và bảo dưỡng"
DSC,CTCP Chứng khoán DSC,,HOSE,STOCK,4,8777,Môi giới chứng khoán
DSD,CTCP DHC Suối Đôi,,UPCOM,STOCK,4,5755,Dịch vụ giải trí
DSE,CTCP Chứng khoán DNSE,,HOSE,STOCK,4,8777,Môi giới chứng khoán
DSG,CTCP Kính Đáp Cầu,,UPCOM,STOCK,4,2353,Vật liệu xây dựng & Nội thất
DSH,CTCP Đông Sơn Holding,,UPCOM,STOCK,4,2357,Xây dựng
DSN,CTCP Công viên nước Đầm Sen,,HOSE,STOCK,4,5755,Dịch vụ giải trí
DSP,CTCP Dịch vụ Du lịch Phú Thọ,,UPCOM,STOCK,4,5759,Vận tải hành khách & Du lịch
DST,CTCP Đầu tư Sao Thăng Long,,HNX,STOCK,4,5557,"Sách, ấn bản & sản phẩm văn hóa"
DTA,CTCP Đệ Tam,,HOSE,STOCK,4,8633,Bất động sản
DTC,CTCP Viglacera Đông Triều,,UPCOM,STOCK,4,2353,Vật liệu xây dựng & Nội thất
DTD,CTCP Đầu tư Phát triển Thành Đạt,,HNX,STOCK,4,8633,Bất động sản
DTG,CTCP Dược phẩm Tipharco,,HNX,STOCK,4,4577,Dược phẩm
DTH,CTCP Dược - Vật tư Y Tế Thanh Hóa,,UPCOM,STOCK,4,4535,Thiết bị y tế
DTI,CTCP Đầu tư Đức Trung,,UPCOM,STOCK,4,5753,Khách sạn
DTK,Tổng Công ty Điện lực TKV - CTCP,,HNX,STOCK,4,7535,Sản xuất & Phân phối Điện
DTL,CTCP Đại Thiên Lộc,,HOSE,STOCK,4,1757,Thép và sản phẩm thép
DTP,CTCP Dược phẩm CPC1 Hà Nội,,UPCOM,STOCK,4,4577,Dược phẩm
DTT,CTCP Kỹ nghệ Đô Thành,,HOSE,STOCK,4,1353,"Nhựa, cao su & sợi"
DUS,CTCP Dịch vụ Đô thị Đà Lạt,,UPCOM,STOCK,4,2799,Chất thải & Môi trường
DVC,CTCP Thương mại Dịch vụ Tổng hợp Cảng Hải Phòng,,UPCOM,STOCK,4,7573,Phân phối xăng dầu & khí đốt
DVG,CTCP Đại Việt Group DVG,,UPCOM,STOCK,4,2353,Vật liệu xây dựng & Nội thất
DVM,CTCP Dược liệu Việt Nam,,HNX,STOCK,4,4577,Dược phẩm
DVN,Tổng Công ty Dược Việt Nam - CTCP,,UPCOM,STOCK,4,4577,Dược phẩm
DVP,CTCP Đầu tư và Phát triển Cảng Đình Vũ,,HOSE,STOCK,4,2777,"Kho bãi, hậu cần và bảo dưỡng"
DVW,CTCP Dịch vụ và Xây dựng Cấp nước Đồng Nai,,UPCOM,STOCK,4,2357,Xây dựng
DWC,CTCP Cấp nước Đắk Lắk,,UPCOM,STOCK,4,7577,Nước
DWS,CTCP Cấp nước và Môi trường đô thị Đồng Tháp,,UPCOM,STOCK,4,7577,Nước
DXG,CTCP Bluemarq Group,,HOSE,STOCK,4,8633,Bất động sản
DXL,CTCP Du Lịch và Xuất nhập khẩu Lạng Sơn,,UPCOM,STOCK,4,5753,Khách sạn
DXP,CTCP Cảng Đoạn Xá,,HNX,STOCK,4,2777,"Kho bãi, hậu cần và bảo dưỡng"
DXS,CTCP Dịch vụ Bất động sản Đất Xanh,,HOSE,STOCK,4,8637,"Tư Vấn, Định giá, Môi giới Bất động sản"
DXV,CTCP VICEM Vật liệu Xây dựng Đà Nẵng,,HOSE,STOCK,4,2353,Vật liệu xây dựng & Nội thất
E12,CTCP Xây dựng Điện VNECO12,,UPCOM,STOCK,4,2357,Xây dựng
E29,CTCP Đầu tư Xây dựng và Kỹ thuật 29,,UPCOM,STOCK,4,2357,Xây dựng
EBS,CTCP Sách Giáo dục tại Thành phố Hà Nội,,HNX,STOCK,4,5557,"Sách, ấn bản & sản phẩm văn hóa"
ECI,CTCP Tập Đoàn ECI,,HNX,STOCK,4,5557,"Sách, ấn bản & sản phẩm văn hóa"
ECO,CTCP Nhựa sinh thái Việt Nam,,UPCOM,STOCK,4,1353,"Nhựa, cao su & sợi"
EFI,CTCP Đầu tư Tài chính Giáo dục,,UPCOM,STOCK,4,8633,Bất động sản
EGL,CTCP Môi trường Đô thị Gia Lâm,,UPCOM,STOCK,4,2799,Chất thải & Môi trường
EIB,Ngân hàng TMCP Xuất nhập khẩu Việt Nam,,HOSE,STOCK,4,8355,Ngân hàng
EIC,CTCP EVN Quốc tế,,UPCOM,STOCK,4,2357,Xây dựng
EID,CTCP Đầu tư và Phát triển Giáo dục Hà Nội,,HNX,STOCK,4,5557,"Sách, ấn bản & sản phẩm văn hóa"
EIN,CTCP Đầu tư - Thương mại - Dịch vụ Điện Lực,,UPCOM,STOCK,4,5753,Khách sạn
ELC,CTCP Công Nghệ - Viễn Thông Elcom,,HOSE,STOCK,4,9578,Thiết bị viễn thông
EME,CTCP Điện cơ,,UPCOM,STOCK,4,2737,Thiết bị điện
EMG,CTCP Thiết bị Phụ tùng Cơ điện,,UPCOM,STOCK,4,2737,Thiết bị điện
EMS,Tổng Công ty Chuyển phát nhanh Bưu Điện - CTCP,,UPCOM,STOCK,4,2771,Chuyển phát nhanh
EVE,CTCP Everpia,,HOSE,STOCK,4,3763,Hàng May mặc
EVF,Công ty Tài chính Tổng hợp Cổ phần Điện lực,,HOSE,STOCK,4,8773,Tài chính cá nhân
EVG,CTCP Tập đoàn EverLand,,HOSE,STOCK,4,2357,Xây dựng
EVS,CTCP Chứng khoán EVS,,HNX,STOCK,4,8777,Môi giới chứng khoán
F88,CTCP Đầu tư F88,,UPCOM,STOCK,4,8773,Tài chính cá nhân
FBC,CTCP Cơ khí Phổ Yên,,UPCOM,STOCK,4,2757,Máy công nghiệp
FCC,CTCP Liên hợp Thực phẩm,,UPCOM,STOCK,4,8633,Bất động sản
FCM,CTCP Bê tông Phan Vũ Hà Nam,,HOSE,STOCK,4,2353,Vật liệu xây dựng & Nội thất
FCN,CTCP Tập đoàn FECON,,HOSE,STOCK,4,2357,Xây dựng
FCS,CTCP Lương thực Thành phố Hồ Chí Minh,,UPCOM,STOCK,4,3577,Thực phẩm
FDC,CTCP Ngoại thương và Phát triển Đầu tư Thành phố Hồ Chí Minh,,HOSE,STOCK,4,8633,Bất động sản
FGL,CTCP Cà phê Gia Lai,,UPCOM,STOCK,4,3537,Đồ uống & giải khát
FHN,CTCP Xuất nhập khẩu Lương thực - Thực phẩm Hà Nội,,UPCOM,STOCK,4,5337,Phân phối thực phẩm
FHS,CTCP Phát hành Sách Thành phố Hồ Chí Minh,,UPCOM,STOCK,4,5557,"Sách, ấn bản & sản phẩm văn hóa"
FIC,Tổng Công ty Vật liệu Xây dựng số 1 - CTCP,,UPCOM,STOCK,4,2353,Vật liệu xây dựng & Nội thất
FID,CTCP Đầu tư và Phát triển Doanh nghiệp Việt Nam,,HNX,STOCK,4,2353,Vật liệu xây dựng & Nội thất
FIR,CTCP Địa ốc First Real,,HOSE,STOCK,4,8633,Bất động sản
FIT,CTCP Tập đoàn F.I.T,,HOSE,STOCK,4,4577,Dược phẩm
FMC,CTCP Thực phẩm Sao Ta,,HOSE,STOCK,4,3573,Nuôi trồng nông & hải sản
FOC,CTCP Dịch vụ Trực tuyến FPT,,UPCOM,STOCK,4,5555,Dịch vụ truyền thông
FOX,CTCP Viễn thông FPT,,UPCOM,STOCK,4,6535,Viễn thông cố định
FPT,CTCP FPT,,HOSE,STOCK,4,9537,Phần mềm
FRC,CTCP Lâm đặc sản Xuất khẩu Quảng Nam,,UPCOM,STOCK,4,1733,Lâm sản và Chế biến gỗ
FRM,CTCP Lâm Nghiệp Sài Gòn,,UPCOM,STOCK,4,1733,Lâm sản và Chế biến gỗ
FRT,CTCP Bán lẻ Kỹ thuật số FPT,,HOSE,STOCK,4,5379,Phân phối hàng chuyên dụng
FSO,CTCP Cơ khí đóng tàu Thủy sản Việt Nam,,UPCOM,STOCK,4,2753,Xe tải & Đóng tàu
FT1,CTCP Phụ tùng Máy số 1,,UPCOM,STOCK,4,2757,Máy công nghiệp
FTI,CTCP Công nghiệp - Thương mại Hữu Nghị,,UPCOM,STOCK,4,3355,Phụ tùng ô tô
FTM,CTCP Đầu tư và Phát triển Đức Quân,,UPCOM,STOCK,4,3763,Hàng May mặc
FTS,CTCP Chứng khoán FPT,,HOSE,STOCK,4,8777,Môi giới chứng khoán
G20,CTCP Đầu tư Dệt may Vĩnh Phúc,,UPCOM,STOCK,4,3763,Hàng May mặc
G36,Tổng Công ty 36 - CTCP,,UPCOM,STOCK,4,2357,Xây dựng
GAS,Tổng Công ty Khí Việt Nam - CTCP,,HOSE,STOCK,4,7573,Phân phối xăng dầu & khí đốt
GCB,CTCP Petec Bình Định,,UPCOM,STOCK,4,7573,Phân phối xăng dầu & khí đốt
GCF,CTCP Thực phẩm G.C,,UPCOM,STOCK,4,3577,Thực phẩm
GDA,CTCP Tôn Đông Á,,UPCOM,STOCK,4,1757,Thép và sản phẩm thép
GDH,CTCP Tập đoàn GDC,,UPCOM,STOCK,4,2357,Xây dựng
GDT,CTCP Chế biến Gỗ Đức Thành,,HOSE,STOCK,4,3726,Thiết bị gia dụng
GDW,CTCP Cấp nước Gia Định,,HNX,STOCK,4,7577,Nước
GEE,CTCP Điện lực Gelex,,HOSE,STOCK,4,2737,Thiết bị điện
GEG,CTCP Điện Gia Lai,,HOSE,STOCK,4,7535,Sản xuất & Phân phối Điện
GEL,CTCP Hạ tầng GELEX,,HOSE,STOCK,4,2353,Vật liệu xây dựng & Nội thất
GER,CTCP Thể thao Ngôi sao Geru,,UPCOM,STOCK,4,1353,"Nhựa, cao su & sợi"
GEX,CTCP Tập đoàn GELEX,,HOSE,STOCK,4,2737,Thiết bị điện
GGG,CTCP Ô tô Giải Phóng,,UPCOM,STOCK,4,3353,Sản xuất ô tô
GH3,CTCP Công trình Giao thông Hà Nội,,UPCOM,STOCK,4,2357,Xây dựng
GHC,CTCP Thủy điện Gia Lai,,HOSE,STOCK,4,7535,Sản xuất & Phân phối Điện
GIC,CTCP VSC Green Logistics,,HNX,STOCK,4,2777,"Kho bãi, hậu cần và bảo dưỡng"
GIL,CTCP Sản xuất Kinh doanh và Xuất nhập khẩu Bình Thạnh,,HOSE,STOCK,4,3763,Hàng May mặc
GKM,CTCP GKM Holdings,,HNX,STOCK,4,2353,Vật liệu xây dựng & Nội thất
GLC,CTCP Vàng Lào Cai,,UPCOM,STOCK,4,1777,Khai thác vàng
GLT,CTCP Kỹ thuật Điện Toàn cầu,,HNX,STOCK,4,3743,Điện tử tiêu dùng
GLW,CTCP Cấp thoát nước Gia Lai,,UPCOM,STOCK,4,7577,Nước
GMA,CTCP G-Automobile,,HNX,STOCK,4,3353,Sản xuất ô tô
GMC,CTCP Garmex Sài Gòn,,UPCOM,STOCK,4,3763,Hàng May mặc
GMD,CTCP Tập đoàn Gemadept,,HOSE,STOCK,4,2777,"Kho bãi, hậu cần và bảo dưỡng"
GMH,CTCP Minh Hưng Quảng Trị,,HOSE,STOCK,4,2353,Vật liệu xây dựng & Nội thất
GMX,CTCP Gạch ngói Gốm Xây dựng Mỹ Xuân,,HNX,STOCK,4,2353,Vật liệu xây dựng & Nội thất
GND,CTCP Gạch ngói Đồng Nai,,UPCOM,STOCK,4,2353,Vật liệu xây dựng & Nội thất
GPC,CTCP Tập đoàn Green+,,UPCOM,STOCK,4,4577,Dược phẩm
GSM,CTCP Thủy điện Hương Sơn,,UPCOM,STOCK,4,7535,Sản xuất & Phân phối Điện
GSP,CTCP Vận tải Sản Phẩm Khí Quốc tế,,HOSE,STOCK,4,2773,Vận tải Thủy
GTA,CTCP Chế biến gỗ Thuận An,,HOSE,STOCK,4,1733,Lâm sản và Chế biến gỗ
GTD,CTCP Giầy Thượng Đình,,UPCOM,STOCK,4,3765,Giầy dép
GTS,CTCP Công trình Giao thông Sài Gòn,,UPCOM,STOCK,4,2357,Xây dựng
GTT,CTCP Thuận Thảo,,UPCOM,STOCK,4,5755,Dịch vụ giải trí
GTX,CTCP Global Tanker,,UPCOM,STOCK,4,2773,Vận tải Thủy
GVR,Tập đoàn Công nghiệp Cao su Việt Nam - CTCP,,HOSE,STOCK,4,1353,"Nhựa, cao su & sợi"
GVT,CTCP Giấy Việt Trì,,UPCOM,STOCK,4,1737,Sản xuất giấy
H11,CTCP Xây dựng HUD101,,UPCOM,STOCK,4,2357,Xây dựng
HAC,CTCP Chứng khoán Hải Phòng,,UPCOM,STOCK,4,8777,Môi giới chứng khoán
HAD,CTCP Bia Hà Nội - Hải Dương,,HNX,STOCK,4,3533,Sản xuất bia
HAF,CTCP Thực phẩm Hà Nội,,UPCOM,STOCK,4,3577,Thực phẩm
HAG,CTCP Hoàng Anh Gia Lai,,HOSE,STOCK,4,3573,Nuôi trồng nông & hải sản
HAH,CTCP Vận tải và Xếp dỡ Hải An,,HOSE,STOCK,4,2777,"Kho bãi, hậu cần và bảo dưỡng"
HAM,CTCP Vật tư Hậu Giang,,UPCOM,STOCK,4,2353,Vật liệu xây dựng & Nội thất
HAN,Tổng Công ty Xây dựng Hà Nội - CTCP,,UPCOM,STOCK,4,2357,Xây dựng
HAP,CTCP Tập đoàn Hapaco,,HOSE,STOCK,4,1737,Sản xuất giấy
HAR,CTCP Đầu tư Thương mại Bất động sản An Dương Thảo Điền,,HOSE,STOCK,4,8633,Bất động sản
HAS,CTCP Hacisco,,HOSE,STOCK,4,2357,Xây dựng
HAT,CTCP Thương mại Bia Hà Nội,,HNX,STOCK,4,3533,Sản xuất bia
HAV,CTCP Rượu Hapro,,UPCOM,STOCK,4,3535,Vang & Rượu mạnh
HAX,CTCP Dịch vụ Ô tô Hàng Xanh,,HOSE,STOCK,4,3353,Sản xuất ô tô
HBC,CTCP Tập đoàn Xây dựng Hòa Bình,,UPCOM,STOCK,4,2357,Xây dựng
HBD,CTCP Bao Bì PP Bình Dương,,UPCOM,STOCK,4,2723,Containers & Đóng gói
HBH,CTCP Habeco - Hải Phòng,,UPCOM,STOCK,4,3533,Sản xuất bia
HBS,CTCP Chứng khoán Hòa Bình,,HNX,STOCK,4,8777,Môi giới chứng khoán
HC1,CTCP Xây dựng Số 1 Hà Nội,,UPCOM,STOCK,4,2357,Xây dựng
HC3,CTCP Xây dựng Số 3 Hải Phòng,,UPCOM,STOCK,4,2357,Xây dựng
HCC,CTCP Bê tông Hòa Cầm - Intimex,,HNX,STOCK,4,2353,Vật liệu xây dựng & Nội thất
HCD,CTCP Đầu tư Sản xuất và Thương mại HCD,,HOSE,STOCK,4,1353,"Nhựa, cao su & sợi"
HCI,CTCP Đầu tư Xây dựng Hà Nội ,,UPCOM,STOCK,4,2357,Xây dựng
HCM,CTCP Chứng khoán Thành phố Hồ Chí Minh,,HOSE,STOCK,4,8777,Môi giới chứng khoán
HCT,CTCP Thương mại Dịch vụ Vận tải Xi măng Hải Phòng,,HNX,STOCK,4,2779,Dịch vụ vận tải
HD2,CTCP Đầu tư Phát triển Nhà HUD2,,UPCOM,STOCK,4,8633,Bất động sản
HD6,CTCP Đầu tư và Phát triển Nhà Số 6 Hà Nội,,UPCOM,STOCK,4,8633,Bất động sản
HD8,CTCP Đầu tư Phát triển Nhà và Đô thị HUD8,,UPCOM,STOCK,4,8633,Bất động sản
HDA,CTCP Hãng sơn Đông Á,,HNX,STOCK,4,2353,Vật liệu xây dựng & Nội thất
HDB,Ngân hàng TMCP Phát triển Thành phố Hồ Chí Minh,,HOSE,STOCK,4,8355,Ngân hàng
HDC,CTCP Phát triển Nhà Bà Rịa - Vũng Tàu,,HOSE,STOCK,4,8633,Bất động sản
HDG,CTCP Tập đoàn Hà Đô,,HOSE,STOCK,4,7535,Sản xuất & Phân phối Điện
HDM,CTCP Dệt may Huế,,UPCOM,STOCK,4,3763,Hàng May mặc
HDP,CTCP Dược Hà Tĩnh,,UPCOM,STOCK,4,4577,Dược phẩm
HDW,CTCP Kinh doanh Nước sạch Hải Dương,,UPCOM,STOCK,4,7577,Nước
HEC,CTCP Tư vấn Xây dựng Thủy Lợi II,,UPCOM,STOCK,4,2791,Tư vấn & Hỗ trợ KD
HEJ,Tổng Công ty Tư vấn Xây dựng Thủy lợi Việt Nam - CTCP,,UPCOM,STOCK,4,2357,Xây dựng
HEP,CTCP Môi trường và Công trình Đô thị Huế,,UPCOM,STOCK,4,2799,Chất thải & Môi trường
HES,CTCP Dịch vụ Giải trí Hà Nội,,UPCOM,STOCK,4,5755,Dịch vụ giải trí
HEV,CTCP Sách Đại học - Dạy nghề,,HNX,STOCK,4,5557,"Sách, ấn bản & sản phẩm văn hóa"
HFB,CTCP Công trình Cầu phà Thành phố Hồ Chí Minh,,UPCOM,STOCK,4,2357,Xây dựng
HFC,CTCP Xăng dầu HFC,,UPCOM,STOCK,4,7573,Phân phối xăng dầu & khí đốt
HFX,CTCP Sản xuất - Xuất nhập khẩu Thanh Hà,,UPCOM,STOCK,4,5373,Bán lẻ phức hợp
HGM,CTCP Cơ khí và Khoáng sản Hà Giang,,HNX,STOCK,4,1775,Khai khoáng
HGT,CTCP Du lịch Hương Giang,,UPCOM,STOCK,4,5759,Vận tải hành khách & Du lịch
HHB,CTCP Bia Hà Nội - Hồng Hà,,UPCOM,STOCK,4,3533,Sản xuất bia
HHC,CTCP Bánh kẹo Hải Hà ,,HNX,STOCK,4,3577,Thực phẩm
HHG,CTCP Hoàng Hà,,UPCOM,STOCK,4,5759,Vận tải hành khách & Du lịch
HHN,CTCP Vận tải và Dịch vụ Hàng hóa Hà Nội,,UPCOM,STOCK,4,2777,"Kho bãi, hậu cần và bảo dưỡng"
HHP,CTCP HHP Global,,HOSE,STOCK,4,1737,Sản xuất giấy
HHS,CTCP Đầu tư Dịch vụ Hoàng Huy,,HOSE,STOCK,4,3353,Sản xuất ô tô
HHV,CTCP Đầu tư Hạ tầng Giao thông Đèo Cả,,HOSE,STOCK,4,2357,Xây dựng
HID,CTCP Halcom Việt Nam,,HOSE,STOCK,4,2357,Xây dựng
HII,CTCP An Tiến Industries,,HOSE,STOCK,4,1353,"Nhựa, cao su & sợi"
HIO,CTCP Helio Energy,,UPCOM,STOCK,4,7535,Sản xuất & Phân phối Điện
HJC,CTCP Hòa Việt,,UPCOM,STOCK,4,3785,Thuốc lá
HJS,CTCP Thủy điện Nậm Mu,,HNX,STOCK,4,7535,Sản xuất & Phân phối Điện
HKB,CTCP Nông nghiệp và Thực phẩm Hà Nội - Kinh Bắc,,UPCOM,STOCK,4,3577,Thực phẩm
HKT,CTCP QP Holdings,,HNX,STOCK,4,3537,Đồ uống & giải khát
HLA,CTCP Hữu Liên Á Châu,,UPCOM,STOCK,4,1757,Thép và sản phẩm thép
HLB,CTCP Bia và Nước giải khát Hạ Long,,UPCOM,STOCK,4,3533,Sản xuất bia
HLC,CTCP Than Hà Lầm - Vinacomin,,HNX,STOCK,4,1771,Khai thác Than
HLD,CTCP Đầu tư và Phát triển Bất động sản Hudland,,HNX,STOCK,4,8633,Bất động sản
HLO,CTCP Công nghệ Ha Lô,,UPCOM,STOCK,4,2733,Hàng điện & điện tử
HLS,CTCP Sứ Kỹ thuật Hoàng Liên Sơn,,UPCOM,STOCK,4,2733,Hàng điện & điện tử
HLT,CTCP Dệt may Hoàng Thị Loan,,UPCOM,STOCK,4,3763,Hàng May mặc
HLY,CTCP Gốm Xây Dựng Yên Hưng,,UPCOM,STOCK,4,2353,Vật liệu xây dựng & Nội thất
HMC,CTCP Kim khí Thành phố Hồ Chí Minh - VNSTEEL,,HOSE,STOCK,4,1757,Thép và sản phẩm thép
HMD,CTCP Hóa chất Minh Đức,,UPCOM,STOCK,4,1357,"Sản phẩm hóa dầu, Nông dược & Hóa chất khác"
HMG,CTCP Kim khí Hà Nội - VNSTEEL,,UPCOM,STOCK,4,1757,Thép và sản phẩm thép
HMH,CTCP Hải Minh,,HNX,STOCK,4,2779,Dịch vụ vận tải
HMR,CTCP Đá Hoàng Mai,,HNX,STOCK,4,2353,Vật liệu xây dựng & Nội thất
HMS,CTCP Xây dựng Bảo tàng Hồ Chí Minh,,UPCOM,STOCK,4,2357,Xây dựng
HNA,CTCP Thủy điện Hủa Na,,HOSE,STOCK,4,7535,Sản xuất & Phân phối Điện
HNB,CTCP Bến xe Hà Nội,,UPCOM,STOCK,4,2777,"Kho bãi, hậu cần và bảo dưỡng"
HND,CTCP Nhiệt điện Hải Phòng,,UPCOM,STOCK,4,7535,Sản xuất & Phân phối Điện
HNF,CTCP Thực phẩm Hữu Nghị,,UPCOM,STOCK,4,3577,Thực phẩm
HNG,CTCP Nông nghiệp Quốc tế Hoàng Anh Gia Lai,,UPCOM,STOCK,4,3573,Nuôi trồng nông & hải sản
HNI,CTCP May Hữu Nghị,,UPCOM,STOCK,4,3763,Hàng May mặc
HNM,CTCP Sữa Hà Nội,,UPCOM,STOCK,4,3577,Thực phẩm
HNP,CTCP Hanel Xốp nhựa,,UPCOM,STOCK,4,1353,"Nhựa, cao su & sợi"
HNR,CTCP Rượu và Nước giải khát Hà Nội,,UPCOM,STOCK,4,3535,Vang & Rượu mạnh
HOM,CTCP Xi măng VICEM Hoàng Mai,,HNX,STOCK,4,2353,Vật liệu xây dựng & Nội thất
HOT,CTCP Du lịch - Dịch vụ Hội An,,UPCOM,STOCK,4,5759,Vận tải hành khách & Du lịch
HPA,CTCP Phát triển Nông nghiệp Hòa Phát,,HOSE,STOCK,4,3573,Nuôi trồng nông & hải sản
HPB,CTCP Bao bì PP,,UPCOM,STOCK,4,2723,Containers & Đóng gói
HPD,CTCP Thủy điện ĐăK Đoa,,UPCOM,STOCK,4,7535,Sản xuất & Phân phối Điện
HPG,CTCP Tập đoàn Hòa Phát,,HOSE,STOCK,4,1757,Thép và sản phẩm thép
HPH,CTCP Hóa Chất Hưng Phát Hà Bắc,,UPCOM,STOCK,4,1357,"Sản phẩm hóa dầu, Nông dược & Hóa chất khác"
HPI,CTCP Khu công nghiệp Hiệp Phước,,UPCOM,STOCK,4,8633,Bất động sản
HPO,CTCP Công nghiệp Hapulico,,UPCOM,STOCK,4,2737,Thiết bị điện
HPP,CTCP Sơn Hải Phòng,,UPCOM,STOCK,4,2353,Vật liệu xây dựng & Nội thất
HPT,CTCP Dịch vụ Công nghệ Tin học HPT,,UPCOM,STOCK,4,9537,Phần mềm
HPW,CTCP Cấp nước Hải Phòng,,UPCOM,STOCK,4,7577,Nước
HPX,CTCP Đầu tư Hải Phát,,HOSE,STOCK,4,8633,Bất động sản
HQC,CTCP Tư vấn Thương mại Dịch vụ Địa Ốc Hoàng Quân,,HOSE,STOCK,4,8633,Bất động sản
HRB,CTCP Harec Đầu tư và Thương mại,,UPCOM,STOCK,4,8633,Bất động sản
HRC,CTCP Cao su Hòa Bình,,HOSE,STOCK,4,1353,"Nhựa, cao su & sợi"
HSA,CTCP Hestia,,UPCOM,STOCK,4,2791,Tư vấn & Hỗ trợ KD
HSG,CTCP Tập đoàn Hoa Sen,,HOSE,STOCK,4,1757,Thép và sản phẩm thép
HSL,CTCP Đầu tư Phát triển Thực phẩm Hồng Hà,,HOSE,STOCK,4,3577,Thực phẩm
HSM,Tổng Công ty cổ phần Dệt may Hà Nội,,UPCOM,STOCK,4,3763,Hàng May mặc
HSP,CTCP Sơn Tổng hợp Hà Nội,,UPCOM,STOCK,4,2353,Vật liệu xây dựng & Nội thất
HSV,CTCP Tập đoàn HSV Việt Nam,,UPCOM,STOCK,4,1757,Thép và sản phẩm thép
HT1,CTCP Xi Măng Vicem Hà Tiên,,HOSE,STOCK,4,2353,Vật liệu xây dựng & Nội thất
HTC,CTCP Thương mại Hóc Môn,,HNX,STOCK,4,7573,Phân phối xăng dầu & khí đốt
HTE,CTCP Đầu tư Kinh doanh Điện lực Thành phố Hồ Chí Minh,,UPCOM,STOCK,4,2737,Thiết bị điện
HTG,Tổng Công ty cổ phần Dệt may Hòa Thọ,,HOSE,STOCK,4,3763,Hàng May mặc
HTI,CTCP Đầu tư Phát triển Hạ tầng IDICO,,HOSE,STOCK,4,2357,Xây dựng
HTL,CTCP Kỹ thuật và Ô tô Trường Long,,HOSE,STOCK,4,3353,Sản xuất ô tô
HTM,Tổng Công ty Thương mại Hà Nội - CTCP,,UPCOM,STOCK,4,5373,Bán lẻ phức hợp
HTN,CTCP Hưng Thịnh Incons,,HOSE,STOCK,4,8633,Bất động sản
HTP,CTCP In Sách Giáo khoa Hòa Phát,,UPCOM,STOCK,4,5557,"Sách, ấn bản & sản phẩm văn hóa"
HTT,CTCP Thương mại Hà Tây,,UPCOM,STOCK,4,5373,Bán lẻ phức hợp
HTV,CTCP Logistics Vicem,,HOSE,STOCK,4,2773,Vận tải Thủy
HU1,CTCP Đầu tư và Xây dựng HUD1,,HOSE,STOCK,4,2357,Xây dựng
HU3,CTCP Đầu tư và Xây dựng HUD3,,UPCOM,STOCK,4,2357,Xây dựng
HU4,CTCP Đầu tư và Xây dựng HUD4,,UPCOM,STOCK,4,2357,Xây dựng
HU6,CTCP Đầu tư Phát triển Nhà và Đô thị HUD6,,UPCOM,STOCK,4,8633,Bất động sản
HUB,CTCP Xây lắp Thừa Thiên Huế,,HOSE,STOCK,4,2357,Xây dựng
HUG,Tổng Công ty May Hưng Yên - CTCP,,UPCOM,STOCK,4,3763,Hàng May mặc
HUT,CTCP Tasco,,HNX,STOCK,4,3353,Sản xuất ô tô
HVA,CTCP Đầu tư HVA,,UPCOM,STOCK,4,8775,Tài chính đặc biệt
HVH,CTCP Đầu tư và Công nghệ HVC,,HOSE,STOCK,4,2357,Xây dựng
HVN,Tổng Công ty Hàng không Việt Nam - CTCP,,HOSE,STOCK,4,5751,Hàng không
HVT,CTCP Hóa chất Việt Trì,,HNX,STOCK,4,1357,"Sản phẩm hóa dầu, Nông dược & Hóa chất khác"
HVX,CTCP Xi măng VICEM Hải Vân,,UPCOM,STOCK,4,2353,Vật liệu xây dựng & Nội thất
HWS,CTCP Cấp nước Huế,,UPCOM,STOCK,4,7577,Nước
IBD,CTCP In Tổng hợp Bình Dương,,UPCOM,STOCK,4,5557,"Sách, ấn bản & sản phẩm văn hóa"
ICC,CTCP Xây dựng Công nghiệp (ICC),,UPCOM,STOCK,4,2357,Xây dựng
ICF,CTCP Đầu tư Thương mại Thủy sản,,UPCOM,STOCK,4,3573,Nuôi trồng nông & hải sản
ICG,CTCP Xây dựng Sông Hồng,,HNX,STOCK,4,2357,Xây dựng
ICI,CTCP Đầu tư và Xây dựng Công nghiệp,,UPCOM,STOCK,4,2357,Xây dựng
ICN,CTCP Đầu tư Xây dựng Dầu khí IDICO,,UPCOM,STOCK,4,2357,Xây dựng
ICT,CTCP Viễn thông - Tin học Bưu điện,,HOSE,STOCK,4,9537,Phần mềm
IDC,Tổng Công ty IDICO - CTCP,,HNX,STOCK,4,8633,Bất động sản
IDI,CTCP Đầu tư và Phát triển Đa Quốc Gia - IDI,,HOSE,STOCK,4,3573,Nuôi trồng nông & hải sản
IDJ,CTCP Đầu tư IDJ Việt Nam,,HNX,STOCK,4,8633,Bất động sản
IDP,CTCP Sữa Quốc tế Lof,,UPCOM,STOCK,4,3577,Thực phẩm
IDV,CTCP Phát triển Hạ tầng Vĩnh Phúc,,HNX,STOCK,4,8633,Bất động sản
IFS,CTCP Thực phẩm Quốc tế,,UPCOM,STOCK,4,3537,Đồ uống & giải khát
IJC,CTCP Phát triển Hạ tầng Kỹ thuật,,HOSE,STOCK,4,8633,Bất động sản
ILA,CTCP ILA,,UPCOM,STOCK,4,2353,Vật liệu xây dựng & Nội thất
ILB,CTCP ICD Tân Cảng - Long Bình,,HOSE,STOCK,4,2777,"Kho bãi, hậu cần và bảo dưỡng"
ILC,CTCP Hợp tác Lao động với nước ngoài,,UPCOM,STOCK,4,2793,Đào tạo & Việc làm
ILS,CTCP Đầu tư Thương mại và Dịch vụ Quốc tế,,UPCOM,STOCK,4,2723,Containers & Đóng gói
IME,CTCP Cơ khí và Xây lắp Công nghiệp,,UPCOM,STOCK,4,2757,Máy công nghiệp
IMP,CTCP Dược phẩm Imexpharm,,HOSE,STOCK,4,4577,Dược phẩm
IN4,CTCP In Số 4,,UPCOM,STOCK,4,5557,"Sách, ấn bản & sản phẩm văn hóa"
INC,CTCP Tư vấn Đầu tư IDICO,,HNX,STOCK,4,2357,Xây dựng
INN,CTCP Bao bì và In Nông nghiệp,,HNX,STOCK,4,2723,Containers & Đóng gói
IPA,CTCP Tập đoàn Đầu tư I.P.A,,HNX,STOCK,4,2791,Tư vấn & Hỗ trợ KD
IRC,CTCP Cao su Công nghiệp,,UPCOM,STOCK,4,1353,"Nhựa, cao su & sợi"
ISG,CTCP Vận tải biển và Hợp tác Lao động Quốc tế,,UPCOM,STOCK,4,2773,Vận tải Thủy
ISH,CTCP Thủy điện Srok Phu Miêng IDICO,,UPCOM,STOCK,4,7535,Sản xuất & Phân phối Điện
IST,CTCP ICD Tân Cảng Sóng Thần,,UPCOM,STOCK,4,2777,"Kho bãi, hậu cần và bảo dưỡng"
ITA,CTCP Đầu tư và Công nghiệp Tân Tạo,,UPCOM,STOCK,4,8633,Bất động sản
ITC,CTCP Đầu tư và Kinh doanh Nhà,,HOSE,STOCK,4,8633,Bất động sản
ITD,CTCP Công nghệ ITD,,HOSE,STOCK,4,9537,Phần mềm
ITQ,CTCP Tập đoàn Thiên Quang,,HNX,STOCK,4,1757,Thép và sản phẩm thép
ITS,CTCP Đầu tư Thương mại và Dịch vụ - Vinacomin,,UPCOM,STOCK,4,2757,Máy công nghiệp
IVS,CTCP Chứng khoán Guotai Haitong (Việt Nam),,HNX,STOCK,4,8777,Môi giới chứng khoán
JOS,CTCP Chế biến Thủy sản xuất khẩu Minh Hải,,UPCOM,STOCK,4,3573,Nuôi trồng nông & hải sản
JVC,CTCP Đầu tư và Phát triển Y tế Việt Nhật,,HOSE,STOCK,4,4535,Thiết bị y tế
KAI,CTCP Chứng khoán KAFI,,UPCOM,STOCK,4,8777,Môi giới chứng khoán
KBC,Tổng Công ty Phát triển Đô thị Kinh Bắc - CTCP,,HOSE,STOCK,4,8633,Bất động sản
KCB,CTCP Khoáng sản và Luyện kim Cao Bằng - Vimico,,UPCOM,STOCK,4,1775,Khai khoáng
KDC,CTCP Tập đoàn KIDO,,HOSE,STOCK,4,3577,Thực phẩm
KDH,CTCP Đầu tư và Kinh doanh Nhà Khang Điền,,HOSE,STOCK,4,8633,Bất động sản
KDM,CTCP Tập Đoàn GCL,,HNX,STOCK,4,2357,Xây dựng
KGM,CTCP Xuất nhập khẩu Kiên Giang,,UPCOM,STOCK,4,5373,Bán lẻ phức hợp
KHD,CTCP Khai thác Chế biến Khoáng sản Hải Dương,,UPCOM,STOCK,4,1775,Khai khoáng
KHG,CTCP Tập đoàn Khải Hoàn Land,,HOSE,STOCK,4,8633,Bất động sản
KHP,CTCP Điện lực Khánh Hòa,,HOSE,STOCK,4,7535,Sản xuất & Phân phối Điện
KHS,CTCP Kiên Hùng,,HNX,STOCK,4,3573,Nuôi trồng nông & hải sản
KHW,CTCP Cấp thoát nước Khánh Hòa,,UPCOM,STOCK,4,7577,Nước
KHX,CTCP Phát hành sách Khánh Hòa,,UPCOM,STOCK,4,5557,"Sách, ấn bản & sản phẩm văn hóa"
KIP,CTCP K.I.P Việt Nam,,UPCOM,STOCK,4,2737,Thiết bị điện
KKC,CTCP Tập Đoàn Thành Thái,,HNX,STOCK,4,1757,Thép và sản phẩm thép
KLB,Ngân hàng TMCP Kiên Long,,HOSE,STOCK,4,8355,Ngân hàng
KMR,CTCP Mirae,,HOSE,STOCK,4,3763,Hàng May mặc
KMT,CTCP Kim khí Miền Trung,,HNX,STOCK,4,1757,Thép và sản phẩm thép
KOS,CTCP KOSY,,HOSE,STOCK,4,8633,Bất động sản
KPF,CTCP Đầu tư tài sản Koji,,UPCOM,STOCK,4,2353,Vật liệu xây dựng & Nội thất
KSB,CTCP Khoáng sản và Xây dựng Bình Dương,,HOSE,STOCK,4,2353,Vật liệu xây dựng & Nội thất
KSD,CTCP Đầu tư DNA,,HNX,STOCK,4,3722,Đồ gia dụng lâu bền
KSF,CTCP Tập đoàn Sunshine,,HNX,STOCK,4,8633,Bất động sản
KSQ,CTCP CNC Capital Việt Nam,,UPCOM,STOCK,4,2353,Vật liệu xây dựng & Nội thất
KST,CTCP KASATI,,HNX,STOCK,4,9578,Thiết bị viễn thông
KSV,Tổng Công ty Khoáng sản TKV - CTCP,,HNX,STOCK,4,1775,Khai khoáng
KTC,CTCP Thương mại Kiên Giang,,UPCOM,STOCK,4,3577,Thực phẩm
KTL,CTCP Kim Khí Thăng Long,,UPCOM,STOCK,4,1757,Thép và sản phẩm thép
KTS,CTCP Đường Kon Tum,,HNX,STOCK,4,3577,Thực phẩm
KTT,CTCP Tập đoàn Đầu tư KTT,,UPCOM,STOCK,4,2357,Xây dựng
KVC,CTCP Sản xuất Xuất nhập khẩu Inox Kim Vĩ,,UPCOM,STOCK,4,1757,Thép và sản phẩm thép
L10,CTCP Lilama 10,,HOSE,STOCK,4,2757,Máy công nghiệp
L12,CTCP Licogi 12,,UPCOM,STOCK,4,2357,Xây dựng
L14,CTCP Licogi 14,,HNX,STOCK,4,2357,Xây dựng
L18,CTCP Đầu tư và Xây dựng Số 18,,HNX,STOCK,4,2357,Xây dựng
L35,CTCP Cơ khí Lắp máy Lilama,,UPCOM,STOCK,4,2757,Máy công nghiệp
L40,CTCP Đầu Tư và Xây dựng 40,,HNX,STOCK,4,2357,Xây dựng
L43,CTCP Lilama 45.3,,UPCOM,STOCK,4,2357,Xây dựng
L45,CTCP Lilama 45.1,,UPCOM,STOCK,4,2357,Xây dựng
L61,CTCP Lilama 69-1,,UPCOM,STOCK,4,2757,Máy công nghiệp
L62,CTCP Lilama 69-2,,UPCOM,STOCK,4,2757,Máy công nghiệp
L63,CTCP Lilama 69-3,,UPCOM,STOCK,4,2757,Máy công nghiệp
LAF,CTCP Chế biến hàng Xuất khẩu Long An,,HOSE,STOCK,4,3577,Thực phẩm
LAI,CTCP Đầu Tư Xây dựng Long An-IDICO,,UPCOM,STOCK,4,2357,Xây dựng
LAS,CTCP Supe Phốt phát và Hóa chất Lâm Thao,,HNX,STOCK,4,1357,"Sản phẩm hóa dầu, Nông dược & Hóa chất khác"
LAW,CTCP Cấp thoát nước Long An,,UPCOM,STOCK,4,7577,Nước
LBE,CTCP Thương mại và Dịch vụ LVA,,HNX,STOCK,4,3767,Hàng cá nhân
LBM,CTCP Khoáng sản và Vật liệu Xây dựng Lâm Đồng,,HOSE,STOCK,4,2353,Vật liệu xây dựng & Nội thất
LCD,CTCP Lắp máy - Thí nghiệm Cơ điện,,HNX,STOCK,4,2357,Xây dựng
LCG,CTCP Lizen,,HOSE,STOCK,4,2357,Xây dựng
LCM,CTCP Khai thác và Chế biến khoáng sản Lào Cai,,UPCOM,STOCK,4,1775,Khai khoáng
LDG,CTCP Đầu tư LDG,,HOSE,STOCK,4,8633,Bất động sản
LDP,CTCP Dược Lâm Đồng (Ladophar),,HNX,STOCK,4,4577,Dược phẩm
LDW,CTCP Cấp thoát nước Lâm Đồng,,UPCOM,STOCK,4,7577,Nước
LEC,CTCP Bất động sản Điện lực Miền Trung,,UPCOM,STOCK,4,8633,Bất động sản
LG9,CTCP Cơ giới và Xây lắp Số 9,,UPCOM,STOCK,4,2357,Xây dựng
LGC,CTCP Đầu tư Cầu đường CII,,HOSE,STOCK,4,2357,Xây dựng
LGL,CTCP Đầu tư và Phát triển Đô thị Long Giang,,HOSE,STOCK,4,8633,Bất động sản
LHC,CTCP Đầu tư và Xây dựng Thủy lợi Lâm Đồng,,HNX,STOCK,4,2357,Xây dựng
LHG,CTCP Long Hậu,,HOSE,STOCK,4,8633,Bất động sản
LIC,Tổng Công ty LICOGI - CTCP,,UPCOM,STOCK,4,2353,Vật liệu xây dựng & Nội thất
LIG,CTCP Licogi 13,,HNX,STOCK,4,2357,Xây dựng
LIX,CTCP Bột Giặt Lix,,HOSE,STOCK,4,3767,Hàng cá nhân
LKW,CTCP Cấp nước Long Khánh,,UPCOM,STOCK,4,7577,Nước
LLM,Tổng Công ty Lắp máy Việt Nam - CTCP,,UPCOM,STOCK,4,2757,Máy công nghiệp
LM3,CTCP Lilama 3,,UPCOM,STOCK,4,2357,Xây dựng
LM7,CTCP Lilama 7,,UPCOM,STOCK,4,2757,Máy công nghiệp
LM8,CTCP Lilama 18,,HOSE,STOCK,4,2357,Xây dựng
LMC,CTCP LUMI Holdings,,UPCOM,STOCK,4,1775,Khai khoáng
LMH,CTCP Quốc Tế Holding,,UPCOM,STOCK,4,8633,Bất động sản
LMI,CTCP Đầu tư Xây dựng Lắp máy IDICO,,UPCOM,STOCK,4,2757,Máy công nghiệp
LNC,CTCP Lệ Ninh,,UPCOM,STOCK,4,1353,"Nhựa, cao su & sợi"
LO5,CTCP Lilama 5,,UPCOM,STOCK,4,2757,Máy công nghiệp
LPB,Ngân hàng TMCP Lộc Phát Việt Nam,,HOSE,STOCK,4,8355,Ngân hàng
LPS,CTCP Chứng khoán LPS,,HOSE,STOCK,4,8777,Môi giới chứng khoán
LPT,CTCP Thương mại và Sản xuất Lập Phương Thành,,UPCOM,STOCK,4,2793,Đào tạo & Việc làm
LQN,CTCP Licogi Quảng Ngãi,,UPCOM,STOCK,4,2357,Xây dựng
LSG,CTCP Bất động sản Sài Gòn Vina,,UPCOM,STOCK,4,8633,Bất động sản
LSS,CTCP Mía Đường Lam Sơn,,HOSE,STOCK,4,3577,Thực phẩm
LTC,CTCP Điện nhẹ Viễn Thông,,UPCOM,STOCK,4,9572,Phần cứng
LUT,CTCP Đầu tư Xây dựng Lương Tài,,UPCOM,STOCK,4,2357,Xây dựng
M10,Tổng Công ty May 10 - CTCP,,UPCOM,STOCK,4,3763,Hàng May mặc
MA1,CTCP Thiết bị,,UPCOM,STOCK,4,8633,Bất động sản
MAC,CTCP Tập đoàn Macstar,,HNX,STOCK,4,2753,Xe tải & Đóng tàu
MAS,CTCP Dịch vụ Hàng không Sân bay Đà Nẵng,,HNX,STOCK,4,5759,Vận tải hành khách & Du lịch
MBB,Ngân hàng TMCP Quân đội,,HOSE,STOCK,4,8355,Ngân hàng
MBG,CTCP Tập đoàn MBG,,HNX,STOCK,4,2353,Vật liệu xây dựng & Nội thất
MBN,CTCP Môi trường và Công trình đô thị Bắc Ninh,,UPCOM,STOCK,4,2799,Chất thải & Môi trường
MBS,CTCP Chứng khoán MB,,HNX,STOCK,4,8777,Môi giới chứng khoán
MBT,CTCP Bất động sản cho thuê Minh Bảo Tín,,UPCOM,STOCK,4,8633,Bất động sản
MCC,CTCP Gạch ngói Cao cấp,,HNX,STOCK,4,2353,Vật liệu xây dựng & Nội thất
MCF,CTCP Xây lắp Cơ khí và Lương thực Thực phẩm,,HNX,STOCK,4,3577,Thực phẩm
MCG,CTCP Năng lượng và Bất động sản MCG,,UPCOM,STOCK,4,2357,Xây dựng
MCH,CTCP Hàng tiêu dùng Masan,,HOSE,STOCK,4,3577,Thực phẩm
MCM,CTCP Giống Bò sữa Mộc Châu,,HOSE,STOCK,4,3577,Thực phẩm
MCO,CTCP Đầu tư và Xây dựng BDC Việt Nam,,HNX,STOCK,4,2357,Xây dựng
MCP,CTCP In và Bao bì Mỹ Châu,,HOSE,STOCK,4,2723,Containers & Đóng gói
MDA,CTCP Môi trường Đô thị Đông Anh,,UPCOM,STOCK,4,2799,Chất thải & Môi trường
MDC,CTCP Than Mông Dương - Vinacomin,,HNX,STOCK,4,1771,Khai thác Than
MDF,CTCP Gỗ MDF VRG - Quảng Trị,,UPCOM,STOCK,4,1733,Lâm sản và Chế biến gỗ
MDG,CTCP Miền Đông,,HOSE,STOCK,4,2353,Vật liệu xây dựng & Nội thất
MEC,CTCP Cơ khí - Lắp máy Sông Đà,,UPCOM,STOCK,4,2357,Xây dựng
MED,CTCP Dược Trung ương Mediplantex,,HNX,STOCK,4,4577,Dược phẩm
MEF,CTCP MEINFA,,UPCOM,STOCK,4,4537,Dụng cụ y tế
MEL,CTCP Thép Mê Lin,,HNX,STOCK,4,1757,Thép và sản phẩm thép
MES,CTCP Cơ điện Công trình,,UPCOM,STOCK,4,2357,Xây dựng
MFS,CTCP Dịch vụ Kỹ thuật Mobifone,,UPCOM,STOCK,4,6575,Viễn thông di động
MGC,CTCP Địa chất mỏ - TKV,,UPCOM,STOCK,4,1775,Khai khoáng
MGG,Tổng Công ty Đức Giang - CTCP,,UPCOM,STOCK,4,3763,Hàng May mặc
MGR,CTCP Tập đoàn MGROUP,,UPCOM,STOCK,4,8633,Bất động sản
MH3,CTCP Khu Công nghiệp Cao su Bình Long,,UPCOM,STOCK,4,8633,Bất động sản
MHC,CTCP MHC,,HOSE,STOCK,4,2779,Dịch vụ vận tải
MHL,CTCP Minh Hữu Liên,,UPCOM,STOCK,4,1757,Thép và sản phẩm thép
MIC,CTCP Kỹ nghệ Khoáng sản Quảng Nam,,HNX,STOCK,4,1775,Khai khoáng
MIE,Tổng Công ty Máy và Thiết bị Công nghiệp - CTCP,,UPCOM,STOCK,4,2757,Máy công nghiệp
MIG,Tổng Công ty cổ phần Bảo hiểm Quân Đội,,HOSE,STOCK,4,8536,Bảo hiểm phi nhân thọ
MKP,CTCP Hoá - Dược phẩm Mekophar,,UPCOM,STOCK,4,4577,Dược phẩm
MKV,CTCP Dược thú Y Cai Lậy,,HNX,STOCK,4,4577,Dược phẩm
MLC,CTCP Môi trường Đô thị Tỉnh Lào Cai,,UPCOM,STOCK,4,2799,Chất thải & Môi trường
MLS,CTCP Chăn nuôi - Mitraco,,UPCOM,STOCK,4,3573,Nuôi trồng nông & hải sản
MML,CTCP Masan MeatLife,,UPCOM,STOCK,4,3577,Thực phẩm
MNB,Tổng Công ty May Nhà Bè - CTCP,,UPCOM,STOCK,4,3763,Hàng May mặc
MND,CTCP Môi trường Nam Định,,UPCOM,STOCK,4,2799,Chất thải & Môi trường
MPC,CTCP Tập đoàn Thủy sản Minh Phú,,UPCOM,STOCK,4,3573,Nuôi trồng nông & hải sản
MPT,CTCP Tập đoàn MPT,,UPCOM,STOCK,4,3763,Hàng May mặc
MPY,CTCP Môi trường Đô thị Phú Yên,,UPCOM,STOCK,4,2799,Chất thải & Môi trường
MQB,CTCP Môi trường và Phát triển Đô thị Quảng Bình,,UPCOM,STOCK,4,2799,Chất thải & Môi trường
MQN,CTCP Môi trường đô thị Quảng Ngãi,,UPCOM,STOCK,4,2799,Chất thải & Môi trường
MRF,CTCP Merufa,,UPCOM,STOCK,4,4535,Thiết bị y tế
MSB,Ngân hàng TMCP Hàng hải Việt Nam,,HOSE,STOCK,4,8355,Ngân hàng
MSH,CTCP May Sông Hồng,,HOSE,STOCK,4,3763,Hàng May mặc
MSN,CTCP Tập đoàn Masan,,HOSE,STOCK,4,3577,Thực phẩm
MSR,CTCP Masan High-Tech Materials,,UPCOM,STOCK,4,1775,Khai khoáng
MST,CTCP Đầu tư MST,,HNX,STOCK,4,2357,Xây dựng
MTA,Tổng Công ty Khoáng sản và Thương mại Hà Tĩnh - CTCP,,UPCOM,STOCK,4,1775,Khai khoáng
MTB,CTCP Môi trường và Công trình Đô thị Thái Bình,,UPCOM,STOCK,4,2799,Chất thải & Môi trường
MTG,CTCP MT Gas,,UPCOM,STOCK,4,7573,Phân phối xăng dầu & khí đốt
MTH,CTCP Môi trường Đô thị Hà Đông,,UPCOM,STOCK,4,2799,Chất thải & Môi trường
MTL,CTCP Dịch vụ Môi trường Đô thị Từ Liêm,,UPCOM,STOCK,4,2799,Chất thải & Môi trường
MTP,CTCP Dược Medipharco,,UPCOM,STOCK,4,4577,Dược phẩm
MTS,CTCP Vật tư - TKV,,UPCOM,STOCK,4,2797,Nhà cung cấp thiết bị
MTV,CTCP Dịch vụ Môi trường và Công trình Đô thị Vũng Tàu,,UPCOM,STOCK,4,2799,Chất thải & Môi trường
MVB,Tổng Công ty Công nghiệp mỏ Việt Bắc TKV - CTCP,,HNX,STOCK,4,1775,Khai khoáng
MVC,CTCP Vật liệu và Xây dựng Bình Dương,,UPCOM,STOCK,4,2353,Vật liệu xây dựng & Nội thất
MVN,Tổng Công ty Hàng hải Việt Nam - CTCP,,UPCOM,STOCK,4,2773,Vận tải Thủy
MWG,CTCP Đầu tư Thế giới Di động,,HOSE,STOCK,4,5379,Phân phối hàng chuyên dụng
MZG,CTCP Miza,,HOSE,STOCK,4,1737,Sản xuất giấy
NAB,Ngân hàng TMCP Nam Á,,HOSE,STOCK,4,8355,Ngân hàng
NAC,CTCP Tư vấn Xây dựng Tổng hợp,,UPCOM,STOCK,4,2357,Xây dựng
NAF,CTCP Nafoods Group,,HOSE,STOCK,4,3537,Đồ uống & giải khát
NAG,CTCP Tập đoàn Nagakawa,,HNX,STOCK,4,2733,Hàng điện & điện tử
NAP,CTCP Cảng Nghệ Tĩnh,,HNX,STOCK,4,2777,"Kho bãi, hậu cần và bảo dưỡng"
NAS,CTCP Dịch vụ Hàng không Sân bay Việt Nam,,UPCOM,STOCK,4,2777,"Kho bãi, hậu cần và bảo dưỡng"
NAU,CTCP Môi trường và Công trình Đô thị Nghệ An,,UPCOM,STOCK,4,2799,Chất thải & Môi trường
NAV,CTCP Nam Việt,,HOSE,STOCK,4,2353,Vật liệu xây dựng & Nội thất
NAW,CTCP Cấp nước Nghệ An,,UPCOM,STOCK,4,7577,Nước
NBB,CTCP Đầu tư Năm Bảy Bảy,,HOSE,STOCK,4,8633,Bất động sản
NBC,CTCP Than Núi Béo - Vinacomin,,HNX,STOCK,4,1771,Khai thác Than
NBE,CTCP Sách và Thiết bị Giáo dục Miền Bắc,,UPCOM,STOCK,4,5557,"Sách, ấn bản & sản phẩm văn hóa"
NBP,CTCP Nhiệt điện Ninh Bình,,HNX,STOCK,4,7535,Sản xuất & Phân phối Điện
NBT,CTCP Cấp thoát nước Bến Tre,,UPCOM,STOCK,4,7577,Nước
NBW,CTCP Cấp nước Nhà Bè,,HNX,STOCK,4,7577,Nước
NCG,CTCP Đầu tư Anova Agri,,UPCOM,STOCK,4,3573,Nuôi trồng nông & hải sản
NCS,CTCP Suất ăn Hàng không Nội Bài,,UPCOM,STOCK,4,3577,Thực phẩm
NCT,CTCP Dịch vụ Hàng hóa Nội Bài,,HOSE,STOCK,4,2777,"Kho bãi, hậu cần và bảo dưỡng"
ND2,CTCP Đầu tư và Phát triển Điện Miền Bắc 2,,UPCOM,STOCK,4,7535,Sản xuất & Phân phối Điện
NDC,CTCP Nam Dược,,UPCOM,STOCK,4,4577,Dược phẩm
NDF,CTCP Chế biến Thực phẩm Nông sản xuất khẩu Nam Định,,UPCOM,STOCK,4,3577,Thực phẩm
NDN,CTCP Đầu tư Phát triển Nhà Đà Nẵng,,HNX,STOCK,4,8633,Bất động sản
NDP,CTCP Dược phẩm 2/9,,UPCOM,STOCK,4,4577,Dược phẩm
NDT,Tổng Công ty cổ phần Dệt May Nam Định,,UPCOM,STOCK,4,3763,Hàng May mặc
NDW,CTCP Cấp nước Nam Định,,UPCOM,STOCK,4,7577,Nước
NDX,CTCP Xây lắp Phát triển Nhà Đà Nẵng,,HNX,STOCK,4,2357,Xây dựng
NED,CTCP Đầu tư và Phát triển Điện Tây Bắc,,UPCOM,STOCK,4,2357,Xây dựng
NET,CTCP Bột giặt NET,,HNX,STOCK,4,3767,Hàng cá nhân
NFC,CTCP Phân lân Ninh Bình,,HNX,STOCK,4,1357,"Sản phẩm hóa dầu, Nông dược & Hóa chất khác"
NGC,CTCP Chế biến Thủy sản xuất khẩu Ngô Quyền,,UPCOM,STOCK,4,3573,Nuôi trồng nông & hải sản
NHA,Tổng Công ty Đầu tư Phát triển Nhà và Đô thị Nam Hà Nội,,HOSE,STOCK,4,2357,Xây dựng
NHC,CTCP Gạch ngói Nhị Hiệp,,HNX,STOCK,4,2353,Vật liệu xây dựng & Nội thất
NHD,CTCP Dược phẩm Nam Hà,,UPCOM,STOCK,4,4577,Dược phẩm
NHH,CTCP Nhựa Hà Nội,,HOSE,STOCK,4,1353,"Nhựa, cao su & sợi"
NHT,CTCP Sản xuất và Thương mại Nam Hoa,,HOSE,STOCK,4,3747,Đồ chơi
NHV,CTCP Sức Khỏe Hồi Sinh Việt Nam,,UPCOM,STOCK,4,1755,Kim Loại màu
NJC,CTCP May Nam Định,,UPCOM,STOCK,4,3763,Hàng May mặc
NKG,CTCP Thép Nam Kim,,HOSE,STOCK,4,1757,Thép và sản phẩm thép
NLG,CTCP Đầu tư Nam Long,,HOSE,STOCK,4,8633,Bất động sản
NLS,CTCP Cấp thoát nước Lạng Sơn,,UPCOM,STOCK,4,7577,Nước
NNC,CTCP Đá Núi Nhỏ,,HOSE,STOCK,4,2353,Vật liệu xây dựng & Nội thất
NNT,CTCP Cấp nước Ninh Thuận,,UPCOM,STOCK,4,7577,Nước
NO1,CTCP Tập đoàn 911,,HOSE,STOCK,4,2757,Máy công nghiệp
NOS,CTCP Vận tải biển và Thương mại Phương Đông,,UPCOM,STOCK,4,2773,Vận tải Thủy
NQB,CTCP Cấp nước Quảng Bình,,UPCOM,STOCK,4,7577,Nước
NQN,CTCP Nước sạch Quảng Ninh,,UPCOM,STOCK,4,7577,Nước
NRC,CTCP Tập đoàn Bất động sản Quốc gia,,HNX,STOCK,4,8633,Bất động sản
NSC,CTCP Tập đoàn Giống cây trồng Việt Nam,,HOSE,STOCK,4,3573,Nuôi trồng nông & hải sản
NSG,CTCP Nhựa Sài Gòn,,UPCOM,STOCK,4,1353,"Nhựa, cao su & sợi"
NSH,CTCP Tập Đoàn Nhôm Sông Hồng Shalumi,,HNX,STOCK,4,1753,Nhôm
NSL,CTCP Cấp nước Sơn La,,UPCOM,STOCK,4,7577,Nước
NSS,CTCP Nông Súc Sản Đồng Nai,,UPCOM,STOCK,4,3573,Nuôi trồng nông & hải sản
NST,CTCP Ngân Sơn,,HNX,STOCK,4,3785,Thuốc lá
NT2,CTCP Điện lực Dầu khí Nhơn Trạch 2,,HOSE,STOCK,4,7535,Sản xuất & Phân phối Điện
NTC,CTCP Khu Công nghiệp Nam Tân Uyên,,HOSE,STOCK,4,8633,Bất động sản
NTF,CTCP Dược - Vật tư Y tế Nghệ An,,UPCOM,STOCK,4,4577,Dược phẩm
NTH,CTCP Thủy điện Nước Trong,,HNX,STOCK,4,7535,Sản xuất & Phân phối Điện
NTL,CTCP Phát triển Đô thị Từ Liêm,,HOSE,STOCK,4,8633,Bất động sản
NTP,CTCP Nhựa Thiếu niên Tiền Phong,,HNX,STOCK,4,2353,Vật liệu xây dựng & Nội thất
NTT,CTCP Dệt - May Nha Trang,,UPCOM,STOCK,4,3763,Hàng May mặc
NTW,CTCP Cấp nước Nhơn Trạch,,UPCOM,STOCK,4,7577,Nước
NUE,CTCP Môi trường Đô thị Nha Trang,,UPCOM,STOCK,4,2799,Chất thải & Môi trường
NVB,Ngân hàng TMCP Quốc Dân,,HNX,STOCK,4,8355,Ngân hàng
NVL,CTCP Tập đoàn Đầu tư Địa ốc No Va ,,HOSE,STOCK,4,8633,Bất động sản
NVP,CTCP Nước sạch Vĩnh Phúc,,UPCOM,STOCK,4,7577,Nước
NVT,CTCP Bất động sản Du lịch Ninh Vân Bay,,HOSE,STOCK,4,8633,Bất động sản
NWT,CTCP Vận tải Newway,,UPCOM,STOCK,4,5759,Vận tải hành khách & Du lịch
NXT,CTCP Sản xuất và Cung ứng Vật liệu Xây dựng Kon Tum,,UPCOM,STOCK,4,2353,Vật liệu xây dựng & Nội thất
OCB,Ngân hàng TMCP Phương Đông,,HOSE,STOCK,4,8355,Ngân hàng
OCH,CTCP One Capital Hospitality,,HNX,STOCK,4,3577,Thực phẩm
ODE,CTCP Tập đoàn Truyền thông và Giải trí ODE,,UPCOM,STOCK,4,5553,Giải trí & Truyền thông
OGC,CTCP Tập đoàn Đại Dương,,HOSE,STOCK,4,8775,Tài chính đặc biệt
OIL,Tổng Công ty Dầu Việt Nam - CTCP,,UPCOM,STOCK,4,0533,Sản xuất và Khai thác dầu khí
ONE,CTCP Công nghệ One,,HNX,STOCK,4,9572,Phần cứng
ONW,CTCP Tập đoàn ONW,,UPCOM,STOCK,4,5755,Dịch vụ giải trí
OPC,CTCP Dược phẩm OPC,,HOSE,STOCK,4,4577,Dược phẩm
ORS,CTCP Chứng khoán Tiên Phong,,HOSE,STOCK,4,8777,Môi giới chứng khoán
PAC,CTCP Pin Ắc quy Miền Nam,,HOSE,STOCK,4,2733,Hàng điện & điện tử
PAI,CTCP Công nghệ thông tin Viễn thông và Tự động hóa Dầu Khí,,UPCOM,STOCK,4,6535,Viễn thông cố định
PAN,CTCP Tập đoàn PAN,,HOSE,STOCK,4,3577,Thực phẩm
PAP,CTCP Dầu khí Đầu tư Khai thác Cảng Phước An,,UPCOM,STOCK,4,2777,"Kho bãi, hậu cần và bảo dưỡng"
PAS,CTCP Quốc tế Phương Anh,,UPCOM,STOCK,4,1757,Thép và sản phẩm thép
PAT,CTCP Phốt Pho Apatit Việt Nam,,UPCOM,STOCK,4,1357,"Sản phẩm hóa dầu, Nông dược & Hóa chất khác"
PBC,CTCP Dược phẩm Trung ương I - Pharbaco,,UPCOM,STOCK,4,4577,Dược phẩm
PBP,CTCP Bao bì Dầu khí Việt Nam,,HNX,STOCK,4,2723,Containers & Đóng gói
PBT,CTCP Bao bì và Thương mại dầu khí Bình Sơn,,UPCOM,STOCK,4,2723,Containers & Đóng gói
PC1,CTCP Tập Đoàn PC1,,HOSE,STOCK,4,2357,Xây dựng
PCB,Ngân hàng TMCP Đại chúng Việt Nam,,UPCOM,STOCK,4,8355,Ngân hàng
PCC,CTCP Tập đoàn Xây lắp 1 - Petrolimex,,UPCOM,STOCK,4,2357,Xây dựng
PCE,CTCP Phân bón và Hóa chất Dầu khí Miền Trung,,HNX,STOCK,4,1357,"Sản phẩm hóa dầu, Nông dược & Hóa chất khác"
PCF,CTCP Cà phê PETEC,,UPCOM,STOCK,4,3537,Đồ uống & giải khát
PCG,CTCP Đầu tư Phát triển Gas Đô thị,,UPCOM,STOCK,4,7573,Phân phối xăng dầu & khí đốt
PCH,CTCP Picomat Holding,,HNX,STOCK,4,1353,"Nhựa, cao su & sợi"
PCM,CTCP Vật liệu Xây dựng Bưu điện,,UPCOM,STOCK,4,2353,Vật liệu xây dựng & Nội thất
PCT,CTCP Vận tải biển Global Pacific,,HNX,STOCK,4,2779,Dịch vụ vận tải
PDB,CTCP Tập đoàn Đầu tư Din Capital,,HNX,STOCK,4,2353,Vật liệu xây dựng & Nội thất
PDC,CTCP Du lịch Dầu khí Phương Đông,,UPCOM,STOCK,4,5759,Vận tải hành khách & Du lịch
PDN,CTCP Cảng Đồng Nai,,HOSE,STOCK,4,2777,"Kho bãi, hậu cần và bảo dưỡng"
PDR,CTCP Phát triển Bất động sản Phát Đạt,,HOSE,STOCK,4,8633,Bất động sản
PDV,CTCP Vận Tải Và Tiếp Vận Phương Đông Việt,,HOSE,STOCK,4,2773,Vận tải Thủy
PEG,Tổng Công ty Thương mại Kỹ thuật và Đầu tư - CTCP,,UPCOM,STOCK,4,7573,Phân phối xăng dầu & khí đốt
PEN,CTCP Xây lắp III Petrolimex,,HNX,STOCK,4,2357,Xây dựng
PEQ,CTCP Thiết bị Xăng dầu Petrolimex,,UPCOM,STOCK,4,0573,Thiết bị và Dịch vụ Dầu khí
PET,Tổng Công ty cổ phần Dịch vụ Tổng hợp Dầu khí,,HOSE,STOCK,4,5379,Phân phối hàng chuyên dụng
PFL,CTCP Dầu khí Đông Đô,,UPCOM,STOCK,4,2357,Xây dựng
PGB,Ngân hàng TMCP Thịnh vượng và Phát triển,,UPCOM,STOCK,4,8355,Ngân hàng
PGC,Tổng Công ty Gas Petrolimex - CTCP,,HOSE,STOCK,4,7573,Phân phối xăng dầu & khí đốt
PGD,CTCP Phân phối khí thấp áp Dầu khí Việt Nam,,HOSE,STOCK,4,7573,Phân phối xăng dầu & khí đốt
PGI,Tổng Công ty cổ phần Bảo hiểm Petrolimex,,HOSE,STOCK,4,8536,Bảo hiểm phi nhân thọ
PGN,CTCP Phụ Gia Nhựa,,HNX,STOCK,4,1353,"Nhựa, cao su & sợi"
PGS,CTCP Kinh doanh Khí Miền Nam,,HNX,STOCK,4,7573,Phân phối xăng dầu & khí đốt
PGT,CTCP PGT Holdings,,HNX,STOCK,4,5759,Vận tải hành khách & Du lịch
PGV,Tổng Công ty Phát điện 3 - CTCP,,HOSE,STOCK,4,7535,Sản xuất & Phân phối Điện
PHC,CTCP Xây dựng Phục Hưng Holdings,,HOSE,STOCK,4,2357,Xây dựng
PHH,CTCP Hồng Hà Việt Nam,,UPCOM,STOCK,4,2357,Xây dựng
PHN,CTCP Pin Hà Nội,,HNX,STOCK,4,2733,Hàng điện & điện tử
PHP,CTCP Cảng Hải Phòng,,UPCOM,STOCK,4,2777,"Kho bãi, hậu cần và bảo dưỡng"
PHR,CTCP Cao su Phước Hòa,,HOSE,STOCK,4,1353,"Nhựa, cao su & sợi"
PHS,CTCP Chứng khoán Phú Hưng,,UPCOM,STOCK,4,8777,Môi giới chứng khoán
PIA,CTCP Tin học Viễn thông Petrolimex,,HNX,STOCK,4,6535,Viễn thông cố định
PIC,CTCP Đầu tư Điện lực 3,,HNX,STOCK,4,7535,Sản xuất & Phân phối Điện
PID,CTCP Trang Trí Nội Thất Dầu khí,,UPCOM,STOCK,4,2353,Vật liệu xây dựng & Nội thất
PIS,Tổng Công ty Pisico Bình Định - CTCP,,UPCOM,STOCK,4,1733,Lâm sản và Chế biến gỗ
PIT,CTCP Xuất nhập khẩu Petrolimex,,HOSE,STOCK,4,5373,Bán lẻ phức hợp
PIV,CTCP PIV,,UPCOM,STOCK,4,8637,"Tư Vấn, Định giá, Môi giới Bất động sản"
PJC,CTCP Thương mại và Vận tải Petrolimex Hà Nội,,HNX,STOCK,4,7573,Phân phối xăng dầu & khí đốt
PJS,CTCP Cấp nước Phú Hòa Tân,,UPCOM,STOCK,4,7577,Nước
PJT,CTCP Vận tải Xăng dầu Đường Thủy Petrolimex,,HOSE,STOCK,4,2773,Vận tải Thủy
PLA,CTCP Đầu tư và Dịch vụ Hạ tầng Xăng dầu,,UPCOM,STOCK,4,2357,Xây dựng
PLC,Tổng Công ty Hóa dầu Petrolimex - CTCP,,HNX,STOCK,4,1357,"Sản phẩm hóa dầu, Nông dược & Hóa chất khác"
PLE,CTCP Tư vấn Xây dựng Petrolimex,,UPCOM,STOCK,4,2357,Xây dựng
PLO,CTCP Kho Vận Petec,,UPCOM,STOCK,4,2777,"Kho bãi, hậu cần và bảo dưỡng"
PLP,CTCP Sản xuất và Công nghệ Nhựa Pha Lê,,HOSE,STOCK,4,1353,"Nhựa, cao su & sợi"
PLX,Tập đoàn Xăng Dầu Việt Nam,,HOSE,STOCK,4,0533,Sản xuất và Khai thác dầu khí
PMB,CTCP Phân bón và Hóa chất Dầu khí Miền Bắc,,HNX,STOCK,4,1357,"Sản phẩm hóa dầu, Nông dược & Hóa chất khác"
PMC,CTCP Dược phẩm Dược liệu Pharmedic,,HNX,STOCK,4,4577,Dược phẩm
PMG,CTCP Đầu tư và Sản xuất Petro Miền Trung,,HOSE,STOCK,4,7573,Phân phối xăng dầu & khí đốt
PMJ,CTCP Vật tư Bưu Điện,,UPCOM,STOCK,4,9578,Thiết bị viễn thông
PMP,CTCP Bao bì đạm Phú Mỹ,,HNX,STOCK,4,2723,Containers & Đóng gói
PMS,CTCP Cơ khí Xăng dầu,,HNX,STOCK,4,2757,Máy công nghiệp
PMT,CTCP Viễn thông TELVINA Việt Nam,,UPCOM,STOCK,4,9578,Thiết bị viễn thông
PMW,CTCP Cấp nước Phú Mỹ,,UPCOM,STOCK,4,7577,Nước
PNC,CTCP Văn hóa Phương Nam,,HOSE,STOCK,4,5557,"Sách, ấn bản & sản phẩm văn hóa"
PND,CTCP Xăng dầu Dầu khí Nam Định,,UPCOM,STOCK,4,7573,Phân phối xăng dầu & khí đốt
PNG,CTCP Thương mại Phú Nhuận,,UPCOM,STOCK,4,5757,Nhà hàng và quán bar
PNJ,CTCP Vàng bạc Đá quý Phú Nhuận,,HOSE,STOCK,4,3767,Hàng cá nhân
PNP,CTCP Tân Cảng - Phú Hữu,,UPCOM,STOCK,4,2773,Vận tải Thủy
PNT,CTCP Kỹ thuật Xây dựng Phú Nhuận,,UPCOM,STOCK,4,2357,Xây dựng
POB,CTCP Xăng dầu Dầu khí Hưng Yên,,UPCOM,STOCK,4,7573,Phân phối xăng dầu & khí đốt
POM,CTCP Thép Pomina,,UPCOM,STOCK,4,1757,Thép và sản phẩm thép
POS,CTCP Vận hành và Xây lắp PTSC,,UPCOM,STOCK,4,0573,Thiết bị và Dịch vụ Dầu khí
POT,CTCP Thiết bị Bưu điện,,HNX,STOCK,4,9572,Phần cứng
POV,CTCP Xăng dầu Dầu khí Vũng Áng,,UPCOM,STOCK,4,7573,Phân phối xăng dầu & khí đốt
POW,Tổng Công ty Điện lực Dầu khí Việt Nam - CTCP,,HOSE,STOCK,4,7535,Sản xuất & Phân phối Điện
PPC,CTCP Nhiệt điện Phả Lại,,HOSE,STOCK,4,7535,Sản xuất & Phân phối Điện
PPE,CTCP Tư vấn đầu tư PP Enterprise,,HNX,STOCK,4,2791,Tư vấn & Hỗ trợ KD
PPH,Tổng Công ty cổ phần Phong Phú,,UPCOM,STOCK,4,3763,Hàng May mặc
PPI,CTCP Đầu tư và Phát triển Dự án Hạ tầng Thái Bình Dương,,UPCOM,STOCK,4,8633,Bất động sản
PPP,CTCP Dược phẩm Phong Phú,,HNX,STOCK,4,4577,Dược phẩm
PPS,CTCP Dịch vụ Kỹ thuật Điện lực Dầu khí Việt Nam,,HNX,STOCK,4,2791,Tư vấn & Hỗ trợ KD
PPT,CTCP Petro Times,,HNX,STOCK,4,7573,Phân phối xăng dầu & khí đốt
PPY,CTCP Xăng dầu Dầu khí Phú Yên,,HNX,STOCK,4,7573,Phân phối xăng dầu & khí đốt
PQN,CTCP Dịch vụ Dầu khí Quảng Ngãi PTSC,,UPCOM,STOCK,4,2777,"Kho bãi, hậu cần và bảo dưỡng"
PRC,CTCP Logistics Portserco,,HNX,STOCK,4,2779,Dịch vụ vận tải
PRE,Tổng Công ty cổ phần Tái bảo hiểm Hà Nội,,HNX,STOCK,4,8538,Tái bảo hiểm
PRO,CTCP Procimex Việt Nam,,UPCOM,STOCK,4,3577,Thực phẩm
PRT,Tổng Công ty Sản xuất - Xuất nhập khẩu Bình Dương - CTCP,,UPCOM,STOCK,4,8633,Bất động sản
PSB,CTCP Cảng Kỹ thuật PTSC Sao Mai,,UPCOM,STOCK,4,2357,Xây dựng
PSC,CTCP Vận tải và Dịch vụ Petrolimex Sài Gòn,,HNX,STOCK,4,2779,Dịch vụ vận tải
PSD,CTCP Dịch vụ Phân phối Tổng hợp Dầu khí,,HNX,STOCK,4,5379,Phân phối hàng chuyên dụng
PSE,CTCP Phân Bón và Hóa Chất Dầu khí Đông Nam Bộ,,HNX,STOCK,4,1357,"Sản phẩm hóa dầu, Nông dược & Hóa chất khác"
PSH,CTCP Thương mại Đầu tư Dầu khí Nam Sông Hậu,,UPCOM,STOCK,4,7573,Phân phối xăng dầu & khí đốt
PSI,CTCP Chứng khoán Dầu khí,,HNX,STOCK,4,8777,Môi giới chứng khoán
PSL,CTCP Chăn nuôi Phú Sơn,,UPCOM,STOCK,4,3573,Nuôi trồng nông & hải sản
PSN,CTCP Dịch Vụ Kỹ Thuật PTSC Thanh Hóa,,UPCOM,STOCK,4,2777,"Kho bãi, hậu cần và bảo dưỡng"
PSP,CTCP Cảng Dịch vụ Dầu khí Đình Vũ,,UPCOM,STOCK,4,2779,Dịch vụ vận tải
PSW,CTCP Phân bón và Hóa chất Dầu khí Tây Nam Bộ,,HNX,STOCK,4,1357,"Sản phẩm hóa dầu, Nông dược & Hóa chất khác"
PTB,CTCP Phú Tài,,HOSE,STOCK,4,1733,Lâm sản và Chế biến gỗ
PTC,CTCP Đầu Tư Icapital,,HOSE,STOCK,4,2357,Xây dựng
PTD,CTCP Thiết kế Xây dựng Thương mại Phúc Thịnh,,HNX,STOCK,4,2357,Xây dựng
PTE,CTCP Xi măng Phú Thọ,,UPCOM,STOCK,4,2353,Vật liệu xây dựng & Nội thất
PTG,CTCP May Xuất khẩu Phan Thiết,,UPCOM,STOCK,4,3763,Hàng May mặc
PTH,CTCP Vận tải và Dịch vụ Petrolimex Hà Tây,,UPCOM,STOCK,4,7573,Phân phối xăng dầu & khí đốt
PTI,Tổng Công ty cổ phần Bảo hiểm Bưu điện,,HNX,STOCK,4,8536,Bảo hiểm phi nhân thọ
PTL,CTCP Victory Group,,HOSE,STOCK,4,8633,Bất động sản
PTM,CTCP Sản xuất Thương mại và Dịch vụ Ô tô PTM,,UPCOM,STOCK,4,3353,Sản xuất ô tô
PTO,CTCP Dịch vụ - Xây dựng Công trình Bưu Điện,,UPCOM,STOCK,4,2357,Xây dựng
PTP,CTCP PTP,,UPCOM,STOCK,4,6535,Viễn thông cố định
PTS,CTCP Vận tải và Dịch vụ Petrolimex Hải Phòng,,HNX,STOCK,4,2779,Dịch vụ vận tải
PTT,CTCP Vận tải Dầu khí Đông Dương,,UPCOM,STOCK,4,2779,Dịch vụ vận tải
PTV,CTCP Thương mại Dầu khí,,UPCOM,STOCK,4,0573,Thiết bị và Dịch vụ Dầu khí
PTX,CTCP Vận tải và Dịch vụ Petrolimex Nghệ Tĩnh,,HNX,STOCK,4,7573,Phân phối xăng dầu & khí đốt
PV2,CTCP Genea Capital,,HNX,STOCK,4,8633,Bất động sản
PVB,CTCP Bọc ống Dầu khí Việt Nam,,HNX,STOCK,4,0573,Thiết bị và Dịch vụ Dầu khí
PVC,Tổng Công ty Hóa chất và Dịch vụ Dầu khí - CTCP,,HNX,STOCK,4,0573,Thiết bị và Dịch vụ Dầu khí
PVD,Tổng Công ty cổ phần Khoan và Dịch vụ khoan Dầu khí,,HOSE,STOCK,4,0573,Thiết bị và Dịch vụ Dầu khí
PVE,Tổng Công ty Tư vấn thiết kế Dầu khí - CTCP,,UPCOM,STOCK,4,0573,Thiết bị và Dịch vụ Dầu khí
PVG,CTCP Kinh doanh LPG Việt Nam,,HNX,STOCK,4,7573,Phân phối xăng dầu & khí đốt
PVH,CTCP Xây lắp Dầu khí Thanh Hóa,,UPCOM,STOCK,4,2357,Xây dựng
PVI,CTCP PVI,,HNX,STOCK,4,8536,Bảo hiểm phi nhân thọ
PVL,CTCP Địa ốc Dầu khí,,UPCOM,STOCK,4,8633,Bất động sản
PVM,CTCP Máy - Thiết bị Dầu khí,,UPCOM,STOCK,4,2797,Nhà cung cấp thiết bị
PVO,CTCP Dầu nhờn PV Oil,,UPCOM,STOCK,4,1357,"Sản phẩm hóa dầu, Nông dược & Hóa chất khác"
PVP,CTCP Vận tải Dầu khí Thái Bình Dương,,HOSE,STOCK,4,2779,Dịch vụ vận tải
PVR,CTCP Đầu tư PVR Hà Nội,,UPCOM,STOCK,4,8633,Bất động sản
PVS,Tổng Công ty cổ phần Dịch vụ Kỹ thuật Dầu khí Việt Nam,,HNX,STOCK,4,0573,Thiết bị và Dịch vụ Dầu khí
PVT,Tổng Công ty cổ phần Vận tải Dầu khí,,HOSE,STOCK,4,2773,Vận tải Thủy
PVV,CTCP Vinaconex 39,,UPCOM,STOCK,4,2357,Xây dựng
PVX,Tổng Công ty cổ phần Xây lắp Dầu khí Việt Nam,,UPCOM,STOCK,4,2357,Xây dựng
PVY,CTCP Chế tạo Giàn khoan Dầu khí,,UPCOM,STOCK,4,2357,Xây dựng
PWA,CTCP Bất động sản Dầu khí,,UPCOM,STOCK,4,8633,Bất động sản
PWS,CTCP Cấp thoát nước Phú Yên,,UPCOM,STOCK,4,7577,Nước
PXA,CTCP Đầu tư và Thương mại Dầu khí Nghệ An,,UPCOM,STOCK,4,8633,Bất động sản
PXI,CTCP Xây dựng Công nghiệp và Dân dụng Dầu khí,,UPCOM,STOCK,4,2357,Xây dựng
PXL,CTCP Đầu tư Khu Công nghiệp Dầu khí Long Sơn,,UPCOM,STOCK,4,8633,Bất động sản
PXM,CTCP Xây lắp Dầu khí Miền Trung,,UPCOM,STOCK,4,2357,Xây dựng
PXS,CTCP Kết cấu Kim loại và Lắp máy Dầu khí,,UPCOM,STOCK,4,2357,Xây dựng
PXT,CTCP Xây lắp Đường ống Bể chứa Dầu khí,,UPCOM,STOCK,4,2357,Xây dựng
QBS,CTCP Xuất nhập khẩu Quảng Bình,,UPCOM,STOCK,4,1357,"Sản phẩm hóa dầu, Nông dược & Hóa chất khác"
QCC,CTCP Đầu tư Xây dựng và Phát triển Hạ tầng Viễn thông,,UPCOM,STOCK,4,2357,Xây dựng
QCG,CTCP Quốc Cường Gia Lai,,HOSE,STOCK,4,8633,Bất động sản
QHD,CTCP Que hàn điện Việt Đức,,HNX,STOCK,4,2727,Công nghiệp phức hợp
QHW,CTCP Nước khoáng Quảng Ninh,,UPCOM,STOCK,4,3537,Đồ uống & giải khát
QNC,CTCP Xi măng và Xây dựng Quảng Ninh,,UPCOM,STOCK,4,2353,Vật liệu xây dựng & Nội thất
QNP,CTCP Cảng Quy Nhơn,,HOSE,STOCK,4,2777,"Kho bãi, hậu cần và bảo dưỡng"
QNS,CTCP Đường Quảng Ngãi,,UPCOM,STOCK,4,3577,Thực phẩm
QNT,CTCP Tư vấn và Đầu tư Phát triển Quảng Nam,,UPCOM,STOCK,4,2357,Xây dựng
QNU,CTCP Môi trường Đô thị Quảng Nam,,UPCOM,STOCK,4,2799,Chất thải & Môi trường
QNW,CTCP Cấp thoát nước và Xây dựng Quảng Ngãi,,UPCOM,STOCK,4,7577,Nước
QPH,CTCP Thủy điện Quế Phong,,UPCOM,STOCK,4,7535,Sản xuất & Phân phối Điện
QSP,CTCP Tân Cảng Quy Nhơn,,UPCOM,STOCK,4,2777,"Kho bãi, hậu cần và bảo dưỡng"
QST,CTCP Sách và Thiết bị Trường học Quảng Ninh,,HNX,STOCK,4,5557,"Sách, ấn bản & sản phẩm văn hóa"
QTC,CTCP Công trình Giao thông Vận tải Quảng Nam,,HNX,STOCK,4,2357,Xây dựng
QTP,CTCP Nhiệt điện Quảng Ninh,,UPCOM,STOCK,4,7535,Sản xuất & Phân phối Điện
RAL,CTCP Bóng đèn Phích nước Rạng Đông,,HOSE,STOCK,4,3726,Thiết bị gia dụng
RAT,CTCP Vận tải và Thương mại Đường sắt,,UPCOM,STOCK,4,2779,Dịch vụ vận tải
RBC,CTCP Công nghiệp và Xuất nhập khẩu Cao su,,UPCOM,STOCK,4,1353,"Nhựa, cao su & sợi"
RCC,CTCP Tổng Công ty Công trình Đường sắt Việt Nam,,UPCOM,STOCK,4,2357,Xây dựng
RCL,CTCP Địa ốc Chợ Lớn,,HNX,STOCK,4,8633,Bất động sản
REE,CTCP Cơ Điện Lạnh,,HOSE,STOCK,4,7535,Sản xuất & Phân phối Điện
RGG,CTCP Regal Group,,UPCOM,STOCK,4,8633,Bất động sản
RIC,CTCP Quốc tế Hoàng Gia,,UPCOM,STOCK,4,5755,Dịch vụ giải trí
RTB,CTCP Cao su Tân Biên,,UPCOM,STOCK,4,1353,"Nhựa, cao su & sợi"
RYG,CTCP Sản xuất và Đầu tư Hoàng Gia,,HOSE,STOCK,4,2353,Vật liệu xây dựng & Nội thất
S12,CTCP Sông Đà 12,,UPCOM,STOCK,4,2357,Xây dựng
S4A,CTCP Thủy điện Sê San 4A,,HOSE,STOCK,4,7535,Sản xuất & Phân phối Điện
S55,CTCP Sông Đà 505,,HNX,STOCK,4,2357,Xây dựng
S72,CTCP Sông Đà 7.02,,UPCOM,STOCK,4,2357,Xây dựng
S74,CTCP Sông Đà 7.04,,UPCOM,STOCK,4,2357,Xây dựng
S99,CTCP SCI,,HNX,STOCK,4,2357,Xây dựng
SAB,Tổng Công ty cổ phần Bia - Rượu - Nước giải khát Sài Gòn,,HOSE,STOCK,4,3533,Sản xuất bia
SAC,CTCP Xếp dỡ và Dịch vụ Cảng Sài Gòn,,UPCOM,STOCK,4,2777,"Kho bãi, hậu cần và bảo dưỡng"
SAF,CTCP Lương thực Thực phẩm Safoco,,HNX,STOCK,4,3577,Thực phẩm
SAL,CTCP Trục vớt Cứu hộ Việt Nam,,UPCOM,STOCK,4,2753,Xe tải & Đóng tàu
SAM,CTCP SAM Holdings,,HOSE,STOCK,4,9578,Thiết bị viễn thông
SAS,CTCP Dịch vụ Hàng không Sân bay Tân Sơn Nhất,,UPCOM,STOCK,4,5379,Phân phối hàng chuyên dụng
SAV,CTCP Hợp tác Kinh tế và Xuất nhập khẩu Savimex,,HOSE,STOCK,4,1733,Lâm sản và Chế biến gỗ
SB1,CTCP Bia Sài Gòn - Nghệ Tĩnh,,UPCOM,STOCK,4,3533,Sản xuất bia
SBA,CTCP Sông Ba,,HOSE,STOCK,4,7535,Sản xuất & Phân phối Điện
SBB,CTCP Tập đoàn Bia Sài Gòn - Bình Tây,,UPCOM,STOCK,4,3533,Sản xuất bia
SBD,CTCP Công nghệ Sao Bắc Đẩu,,UPCOM,STOCK,4,9537,Phần mềm
SBG,CTCP Tập đoàn Cơ khí Công nghệ cao Siba,,HOSE,STOCK,4,2727,Công nghiệp phức hợp
SBH,CTCP Thủy điện Sông Ba Hạ,,UPCOM,STOCK,4,7535,Sản xuất & Phân phối Điện
SBL,CTCP Bia Sài Gòn - Bạc Liêu,,UPCOM,STOCK,4,3533,Sản xuất bia
SBM,CTCP Đầu tư Phát triển Bắc Minh,,UPCOM,STOCK,4,7535,Sản xuất & Phân phối Điện
SBR,CTCP Cao su Sông Bé,,UPCOM,STOCK,4,1353,"Nhựa, cao su & sợi"
SBS,CTCP Chứng khoán SBS,,UPCOM,STOCK,4,8777,Môi giới chứng khoán
SBT,CTCP Thành Thành Công - Biên Hòa,,HOSE,STOCK,4,3577,Thực phẩm
SBV,CTCP Siam Brothers Việt Nam,,HOSE,STOCK,4,5379,Phân phối hàng chuyên dụng
SC5,CTCP Xây dựng Số 5,,HOSE,STOCK,4,2357,Xây dựng
SCC,CTCP Thương mại Đầu tư SHB,,UPCOM,STOCK,4,2353,Vật liệu xây dựng & Nội thất
SCD,CTCP Nước giải khát Chương Dương,,UPCOM,STOCK,4,3537,Đồ uống & giải khát
SCG,CTCP Tập đoàn Xây dựng SCG,,HNX,STOCK,4,2357,Xây dựng
SCI,CTCP SCI E&C,,HNX,STOCK,4,2357,Xây dựng
SCJ,CTCP Xi măng Sài Sơn,,UPCOM,STOCK,4,2353,Vật liệu xây dựng & Nội thất
SCL,CTCP Sông Đà Cao Cường,,UPCOM,STOCK,4,2353,Vật liệu xây dựng & Nội thất
SCO,CTCP Công nghiệp Thủy sản,,UPCOM,STOCK,4,2757,Máy công nghiệp
SCR,CTCP Địa ốc Sài Gòn Thương Tín,,HOSE,STOCK,4,8633,Bất động sản
SCS,CTCP Dịch vụ Hàng hóa Sài Gòn,,HOSE,STOCK,4,5751,Hàng không
SD2,CTCP Sông Đà 2,,UPCOM,STOCK,4,2357,Xây dựng
SD3,CTCP Sông Đà 3,,UPCOM,STOCK,4,2357,Xây dựng
SD4,CTCP Sông Đà 4,,UPCOM,STOCK,4,2357,Xây dựng
SD5,CTCP Sông Đà 5,,HNX,STOCK,4,2357,Xây dựng
SD6,CTCP Sông Đà 6,,UPCOM,STOCK,4,2357,Xây dựng
SD7,CTCP Sông Đà 7,,UPCOM,STOCK,4,2357,Xây dựng
SD8,CTCP Sông Đà 8,,UPCOM,STOCK,4,2357,Xây dựng
SD9,CTCP Sông Đà 9,,HNX,STOCK,4,2357,Xây dựng
SDA,CTCP Simco Sông Đà,,UPCOM,STOCK,4,2793,Đào tạo & Việc làm
SDC,CTCP Tư vấn Sông Đà,,HNX,STOCK,4,2791,Tư vấn & Hỗ trợ KD
SDD,CTCP Đầu tư và Xây lắp Sông Đà,,UPCOM,STOCK,4,2357,Xây dựng
SDG,CTCP Sadico Cần Thơ,,HNX,STOCK,4,2723,Containers & Đóng gói
SDK,CTCP Cơ khí Luyện kim,,UPCOM,STOCK,4,2757,Máy công nghiệp
SDN,CTCP Sơn Đồng Nai,,HNX,STOCK,4,2353,Vật liệu xây dựng & Nội thất
SDP,CTCP SDP,,UPCOM,STOCK,4,2357,Xây dựng
SDT,CTCP Sông Đà 10,,UPCOM,STOCK,4,2357,Xây dựng
SDU,CTCP Đầu tư Xây dựng và Phát triển Đô thị Sông Đà,,HNX,STOCK,4,2357,Xây dựng
SDV,CTCP Dịch vụ Sonadezi,,UPCOM,STOCK,4,2799,Chất thải & Môi trường
SDY,CTCP Xi măng Sông Đà Yaly,,UPCOM,STOCK,4,2353,Vật liệu xây dựng & Nội thất
SEA,Tổng Công ty Thủy sản Việt Nam - CTCP,,UPCOM,STOCK,4,3573,Nuôi trồng nông & hải sản
SEB,CTCP Đầu tư và Phát triển Điện Miền Trung,,HNX,STOCK,4,7535,Sản xuất & Phân phối Điện
SED,CTCP Đầu tư và Phát triển Giáo dục Phương Nam,,HNX,STOCK,4,5557,"Sách, ấn bản & sản phẩm văn hóa"
SEP,CTCP Tổng Công ty Thương mại Quảng Trị,,UPCOM,STOCK,4,1353,"Nhựa, cao su & sợi"
SFC,CTCP Nhiên liệu Sài Gòn,,HOSE,STOCK,4,7573,Phân phối xăng dầu & khí đốt
SFG,CTCP Phân Bón Miền Nam,,HOSE,STOCK,4,1357,"Sản phẩm hóa dầu, Nông dược & Hóa chất khác"
SFI,CTCP Đại lý Vận tải SAFI,,HOSE,STOCK,4,2773,Vận tải Thủy
SFN,CTCP Dệt lưới Sài Gòn,,HNX,STOCK,4,2797,Nhà cung cấp thiết bị
SGB,Ngân hàng TMCP Sài Gòn Công Thương,,UPCOM,STOCK,4,8355,Ngân hàng
SGC,CTCP Xuất nhập khẩu Sa Giang,,HNX,STOCK,4,3577,Thực phẩm
SGD,CTCP Sách Giáo dục tại Thành phố Hồ Chí Minh,,HNX,STOCK,4,5557,"Sách, ấn bản & sản phẩm văn hóa"
SGH,CTCP Khách sạn Sài Gòn,,HNX,STOCK,4,5753,Khách sạn
SGI,CTCP Đầu tư SGI Holdings,,UPCOM,STOCK,4,3763,Hàng May mặc
SGN,CTCP Phục vụ Mặt đất Sài Gòn,,HOSE,STOCK,4,2777,"Kho bãi, hậu cần và bảo dưỡng"
SGP,CTCP Cảng Sài Gòn,,UPCOM,STOCK,4,2777,"Kho bãi, hậu cần và bảo dưỡng"
SGR,CTCP Tổng CTCP Địa ốc Sài Gòn,,HOSE,STOCK,4,8633,Bất động sản
SGS,CTCP Vận tải biển Sài Gòn,,UPCOM,STOCK,4,2773,Vận tải Thủy
SGT,CTCP Công nghệ Viễn Thông Sài Gòn,,HOSE,STOCK,4,9535,Internet
SHA,CTCP Sơn Hà Sài Gòn,,HOSE,STOCK,4,1757,Thép và sản phẩm thép
SHB,Ngân hàng TMCP Sài Gòn - Hà Nội,,HOSE,STOCK,4,8355,Ngân hàng
SHC,CTCP Hàng hải Sài Gòn,,UPCOM,STOCK,4,2773,Vận tải Thủy
SHE,CTCP Phát triển Năng lượng Sơn Hà,,HNX,STOCK,4,3722,Đồ gia dụng lâu bền
SHI,CTCP Quốc tế Sơn Hà,,HOSE,STOCK,4,1757,Thép và sản phẩm thép
SHN,CTCP Đầu tư Tổng hợp Hà Nội,,HNX,STOCK,4,1771,Khai thác Than
SHP,CTCP Thủy điện Miền Nam,,HOSE,STOCK,4,7535,Sản xuất & Phân phối Điện
SHS,CTCP Chứng khoán Sài Gòn - Hà Nội,,HNX,STOCK,4,8777,Môi giới chứng khoán
SID,CTCP Đầu tư Phát triển Sài Gòn Co.op,,UPCOM,STOCK,4,8633,Bất động sản
SIG,CTCP Đầu tư và Thương mại Sông Đà,,UPCOM,STOCK,4,2357,Xây dựng
SII,CTCP Hạ tầng Nước Sài Gòn,,UPCOM,STOCK,4,7577,Nước
SIP,CTCP Đầu tư Sài Gòn VRG,,HOSE,STOCK,4,8633,Bất động sản
SIV,CTCP SIVICO,,UPCOM,STOCK,4,2353,Vật liệu xây dựng & Nội thất
SJ1,CTCP Nông nghiệp Hùng Hậu,,HNX,STOCK,4,3573,Nuôi trồng nông & hải sản
SJD,CTCP Thủy điện Cần Đơn,,HOSE,STOCK,4,7535,Sản xuất & Phân phối Điện
SJE,CTCP Sông Đà 11,,HNX,STOCK,4,2357,Xây dựng
SJF,CTCP Đầu tư Sao Thái Dương,,UPCOM,STOCK,4,1733,Lâm sản và Chế biến gỗ
SJG,Tổng Công ty Sông Đà - CTCP,,UPCOM,STOCK,4,2357,Xây dựng
SJM,CTCP Sunspace Holdings,,UPCOM,STOCK,4,2357,Xây dựng
SJS,CTCP SJ Group,,HOSE,STOCK,4,8633,Bất động sản
SKG,CTCP Tàu cao tốc Superdong - Kiên Giang,,HOSE,STOCK,4,5759,Vận tải hành khách & Du lịch
SKH,CTCP Nước giải khát Sanest Khánh Hòa,,UPCOM,STOCK,4,3537,Đồ uống & giải khát
SKN,CTCP Nước giải khát Sanna Khánh Hòa,,UPCOM,STOCK,4,3537,Đồ uống & giải khát
SKV,CTCP Nước giải khát Yến sào Khánh Hòa,,UPCOM,STOCK,4,3537,Đồ uống & giải khát
SLD,CTCP Địa ốc Sacom,,UPCOM,STOCK,4,8633,Bất động sản
SLS,CTCP Mía Đường Sơn La,,HNX,STOCK,4,3577,Thực phẩm
SMA,CTCP Thiết bị Phụ tùng Sài Gòn,,HOSE,STOCK,4,7535,Sản xuất & Phân phối Điện
SMB,CTCP Bia Sài Gòn - Miền Trung,,HOSE,STOCK,4,3533,Sản xuất bia
SMC,CTCP Đầu tư Thương mại SMC,,HOSE,STOCK,4,1757,Thép và sản phẩm thép
SMN,CTCP Sách và Thiết bị Giáo dục Miền Nam,,HNX,STOCK,4,5557,"Sách, ấn bản & sản phẩm văn hóa"
SMT,CTCP Sametel,,HNX,STOCK,4,9578,Thiết bị viễn thông
SNC,CTCP Xuất nhập khẩu Thủy sản Năm Căn,,UPCOM,STOCK,4,3573,Nuôi trồng nông & hải sản
SNZ,Tổng Công ty cổ phần Phát triển Khu Công nghiệp,,UPCOM,STOCK,4,2357,Xây dựng
SP2,CTCP Thủy điện Sử Pán 2,,UPCOM,STOCK,4,7535,Sản xuất & Phân phối Điện
SPB,CTCP Sợi Phú Bài,,UPCOM,STOCK,4,3763,Hàng May mặc
SPC,CTCP Bảo vệ Thực vật Sài Gòn,,HNX,STOCK,4,1357,"Sản phẩm hóa dầu, Nông dược & Hóa chất khác"
SPD,CTCP Xuất nhập khẩu Thủy sản Miền Trung,,UPCOM,STOCK,4,3573,Nuôi trồng nông & hải sản
SPH,CTCP Xuất nhập khẩu Thủy sản Hà Nội,,UPCOM,STOCK,4,3573,Nuôi trồng nông & hải sản
SPI,CTCP Spiral Galaxy,,UPCOM,STOCK,4,1775,Khai khoáng
SPM,CTCP SPM,,HOSE,STOCK,4,4577,Dược phẩm
SPV,CTCP Thủy Đặc sản,,UPCOM,STOCK,4,3573,Nuôi trồng nông & hải sản
SRA,CTCP Sara Việt Nam,,HNX,STOCK,4,4535,Thiết bị y tế
SRB,CTCP Tập đoàn Sara,,UPCOM,STOCK,4,9537,Phần mềm
SRC,CTCP Cao su Sao Vàng,,HOSE,STOCK,4,3357,Lốp xe
SRF,CTCP SEAREFICO,,HOSE,STOCK,4,2757,Máy công nghiệp
SSB,Ngân hàng TMCP Đông Nam Á,,HOSE,STOCK,4,8355,Ngân hàng
SSC,CTCP Giống cây trồng Miền Nam,,HOSE,STOCK,4,3573,Nuôi trồng nông & hải sản
SSG,CTCP Vận tải biển Hải Âu,,UPCOM,STOCK,4,2773,Vận tải Thủy
SSH,CTCP Phát triển Sunshine Homes,,UPCOM,STOCK,4,8633,Bất động sản
SSI,CTCP Chứng khoán SSI,,HOSE,STOCK,4,8777,Môi giới chứng khoán
SSM,CTCP Chế tạo kết cấu Thép Vneco.SSM,,HNX,STOCK,4,1757,Thép và sản phẩm thép
ST8,CTCP Tập đoàn ST8,,HOSE,STOCK,4,9574,Thiết bị văn phòng
STB,Ngân hàng TMCP Sài Gòn Tài Lộc,,HOSE,STOCK,4,8355,Ngân hàng
STC,CTCP Sách và Thiết bị Trường học Thành phố Hồ Chí Minh,,HNX,STOCK,4,5557,"Sách, ấn bản & sản phẩm văn hóa"
STD,CTCP Bia - Nước giải khát Sài Gòn - Tây Đô,,UPCOM,STOCK,4,3533,Sản xuất bia
STG,CTCP Kho vận Miền Nam,,HOSE,STOCK,4,2777,"Kho bãi, hậu cần và bảo dưỡng"
STH,CTCP STH Holdings,,UPCOM,STOCK,4,5557,"Sách, ấn bản & sản phẩm văn hóa"
STK,CTCP Sợi Thế Kỷ,,HOSE,STOCK,4,3763,Hàng May mặc
STP,CTCP Công nghiệp Thương mại Sông Đà,,HNX,STOCK,4,2723,Containers & Đóng gói
STS,CTCP Dịch vụ Vận tải Sài Gòn,,UPCOM,STOCK,4,2779,Dịch vụ vận tải
STT,CTCP Vận chuyển Sài Gòn Tourist,,UPCOM,STOCK,4,5759,Vận tải hành khách & Du lịch
STW,CTCP Cấp nước Sóc Trăng,,UPCOM,STOCK,4,7577,Nước
SVC,CTCP Dịch vụ Tổng hợp Sài Gòn,,HOSE,STOCK,4,3353,Sản xuất ô tô
SVD,CTCP Đầu tư & Thương mại Vũ Đăng,,HOSE,STOCK,4,3763,Hàng May mặc
SVG,CTCP Hơi Kỹ nghệ Que hàn,,UPCOM,STOCK,4,2727,Công nghiệp phức hợp
SVH,CTCP Thủy điện Sông Vàng,,UPCOM,STOCK,4,7535,Sản xuất & Phân phối Điện
SVN,CTCP Tập đoàn Vexilla Việt Nam,,HNX,STOCK,4,2357,Xây dựng
SVT,CTCP Công nghệ Sài Gòn Viễn Đông,,HOSE,STOCK,4,5377,Dịch vụ tiêu dùng chuyên ngành
SWC,Tổng Công ty cổ phần Đường sông Miền Nam,,UPCOM,STOCK,4,2773,Vận tải Thủy
SZB,CTCP Sonadezi Long Bình,,HNX,STOCK,4,8633,Bất động sản
SZC,CTCP Sonadezi Châu Đức,,HOSE,STOCK,4,8633,Bất động sản
SZE,CTCP Môi trường Sonadezi,,UPCOM,STOCK,4,2799,Chất thải & Môi trường
SZG,CTCP Sonadezi Giang Điền,,UPCOM,STOCK,4,8633,Bất động sản
SZL,CTCP Sonadezi Long Thành,,HOSE,STOCK,4,8633,Bất động sản
TA6,CTCP Đầu tư và Xây lắp Thành An 665,,UPCOM,STOCK,4,2357,Xây dựng
TA9,CTCP Xây lắp Thành An 96,,HNX,STOCK,4,2357,Xây dựng
TAB,CTCP Freco Việt Nam,,UPCOM,STOCK,4,2779,Dịch vụ vận tải
TAH,CTCP Thương mại Dịch vụ Giấy Thuận An,,UPCOM,STOCK,4,1737,Sản xuất giấy
TAL,CTCP Đầu tư Bất động sản Taseco,,HOSE,STOCK,4,8633,Bất động sản
TAR,CTCP Nông nghiệp Công nghệ cao Trung An,,UPCOM,STOCK,4,3573,Nuôi trồng nông & hải sản
TAW,CTCP Cấp nước Trung An,,UPCOM,STOCK,4,7577,Nước
TBC,CTCP Thủy điện Thác Bà,,HOSE,STOCK,4,7535,Sản xuất & Phân phối Điện
TBD,Tổng Công ty Thiết bị Điện Đông Anh - CTCP,,UPCOM,STOCK,4,2737,Thiết bị điện
TBR,CTCP Địa ốc Tân Bình,,UPCOM,STOCK,4,8633,Bất động sản
TBW,CTCP Nước sạch Thái Bình,,UPCOM,STOCK,4,7577,Nước
TCB,Ngân hàng TMCP Kỹ thương Việt Nam,,HOSE,STOCK,4,8355,Ngân hàng
TCD,CTCP Tập đoàn Xây dựng TRACODI,,UPCOM,STOCK,4,2357,Xây dựng
TCH,CTCP Đầu tư Dịch vụ Tài chính Hoàng Huy,,HOSE,STOCK,4,8633,Bất động sản
TCI,CTCP Chứng khoán Thành Công,,HOSE,STOCK,4,8777,Môi giới chứng khoán
TCJ,CTCP Tô Châu,,UPCOM,STOCK,4,3573,Nuôi trồng nông & hải sản
TCK,Tổng Công ty Cơ khí Xây dựng - CTCP,,UPCOM,STOCK,4,2357,Xây dựng
TCL,CTCP Đại lý Giao nhận Vận tải Xếp dỡ Tân Cảng,,HOSE,STOCK,4,2779,Dịch vụ vận tải
TCM,CTCP Dệt may - Đầu tư - Thương mại Thành Công,,HOSE,STOCK,4,3763,Hàng May mặc
TCO,CTCP Janus Group,,HOSE,STOCK,4,3573,Nuôi trồng nông & hải sản
TCR,CTCP Công nghiệp Gốm sứ Taicera,,HOSE,STOCK,4,2353,Vật liệu xây dựng & Nội thất
TCT,CTCP Cáp treo Núi Bà Tây Ninh,,HOSE,STOCK,4,5759,Vận tải hành khách & Du lịch
TCW,CTCP Kho Vận Tân Cảng,,UPCOM,STOCK,4,2777,"Kho bãi, hậu cần và bảo dưỡng"
TCX,CTCP Chứng khoán Kỹ Thương,,HOSE,STOCK,4,8777,Môi giới chứng khoán
TD6,CTCP Than Đèo Nai - Cọc Sáu - TKV,,HNX,STOCK,4,1771,Khai thác Than
TDB,CTCP Thủy điện Định Bình,,UPCOM,STOCK,4,7535,Sản xuất & Phân phối Điện
TDC,CTCP Kinh doanh và Phát triển Bình Dương,,HOSE,STOCK,4,8637,"Tư Vấn, Định giá, Môi giới Bất động sản"
TDF,CTCP Trung Đô,,UPCOM,STOCK,4,2353,Vật liệu xây dựng & Nội thất
TDG,CTCP Đầu tư TDG Global,,HOSE,STOCK,4,7573,Phân phối xăng dầu & khí đốt
TDH,CTCP Phát triển Nhà Thủ Đức,,HOSE,STOCK,4,8633,Bất động sản
TDM,CTCP Nước Thủ Dầu Một,,HOSE,STOCK,4,7577,Nước
TDP,CTCP Thuận Đức,,HOSE,STOCK,4,2723,Containers & Đóng gói
TDS,CTCP Thép Thủ Đức - VNSTEEL,,UPCOM,STOCK,4,1757,Thép và sản phẩm thép
TDT,CTCP Đầu tư và Phát triển TDT,,HNX,STOCK,4,3763,Hàng May mặc
TDW,CTCP Cấp nước Thủ Đức,,HOSE,STOCK,4,7577,Nước
TED,Tổng công ty Tư vấn thiết kế Giao thông vận tải - CTCP,,UPCOM,STOCK,4,2357,Xây dựng
TEG,CTCP Trường Thành Energy Group,,HOSE,STOCK,4,8633,Bất động sản
TET,CTCP Bất động sản Pristie,,HNX,STOCK,4,3763,Hàng May mặc
TFC,CTCP Trang,,HNX,STOCK,4,3577,Thực phẩm
TGG,CTCP The Golden Group,,UPCOM,STOCK,4,2357,Xây dựng
TGP,CTCP Trường Phú,,UPCOM,STOCK,4,2733,Hàng điện & điện tử
TH1,CTCP Xuất nhập khẩu Tổng hợp I Việt Nam,,UPCOM,STOCK,4,5337,Phân phối thực phẩm
THB,CTCP Bia Hà Nội - Thanh Hóa,,HNX,STOCK,4,3533,Sản xuất bia
THD,CTCP Thaiholdings,,HNX,STOCK,4,8637,"Tư Vấn, Định giá, Môi giới Bất động sản"
THG,CTCP Đầu tư và Xây dựng Tiền Giang,,HOSE,STOCK,4,2353,Vật liệu xây dựng & Nội thất
THM,CTCP Tứ Hải Hà Nam,,UPCOM,STOCK,4,3763,Hàng May mặc
THN,CTCP Cấp nước Thanh Hóa,,UPCOM,STOCK,4,7577,Nước
THP,CTCP Thủy sản và Thương mại Thuận Phước,,UPCOM,STOCK,4,3573,Nuôi trồng nông & hải sản
THS,CTCP Thanh Hoa - Sông Đà,,HNX,STOCK,4,5373,Bán lẻ phức hợp
THT,CTCP Than Hà Tu - Vinacomin,,HNX,STOCK,4,1771,Khai thác Than
THU,CTCP Môi trường và Công trình Đô thị Thanh Hóa,,UPCOM,STOCK,4,2799,Chất thải & Môi trường
THW,CTCP Cấp nước Tân Hòa,,UPCOM,STOCK,4,7577,Nước
TID,CTCP Tổng Công ty Tín Nghĩa,,UPCOM,STOCK,4,8633,Bất động sản
TIE,CTCP TIE,,UPCOM,STOCK,4,2733,Hàng điện & điện tử
TIG,CTCP Tập đoàn Đầu tư Thăng Long,,HNX,STOCK,4,8633,Bất động sản
TIN,Công Ty Tài chính tổng hợp cổ phần Tín Việt,,UPCOM,STOCK,4,8771,Quản lý tài sản
TIP,CTCP Phát triển Khu Công nghiệp Tín Nghĩa,,HOSE,STOCK,4,8633,Bất động sản
TIS,CTCP Gang thép Thái Nguyên,,UPCOM,STOCK,4,1757,Thép và sản phẩm thép
TIX,CTCP Sản xuất Kinh doanh Xuất nhập khẩu Dịch vụ và Đầu tư Tân Bình,,HOSE,STOCK,4,8633,Bất động sản
TJC,CTCP Dịch vụ Vận tải và Thương mại,,HNX,STOCK,4,2779,Dịch vụ vận tải
TKA,CTCP Bao bì Tân Khánh An,,UPCOM,STOCK,4,2723,Containers & Đóng gói
TKU,CTCP Công nghiệp Tung Kuang,,HNX,STOCK,4,1753,Nhôm
TL4,Tổng Công ty cổ phần Xây dựng Thủy Lợi 4 - CTCP,,UPCOM,STOCK,4,2357,Xây dựng
TLD,CTCP Đầu tư Xây dựng và Phát triển Đô thị Thăng Long,,HOSE,STOCK,4,2353,Vật liệu xây dựng & Nội thất
TLG,CTCP Tập đoàn Thiên Long,,HOSE,STOCK,4,3724,Đồ gia dụng một lần
TLH,CTCP Tập đoàn Thép Tiến Lên,,HOSE,STOCK,4,1757,Thép và sản phẩm thép
TLP,Tổng Công ty Thương mại Xuất nhập khẩu Thanh Lễ - CTCP,,UPCOM,STOCK,4,7573,Phân phối xăng dầu & khí đốt
TMB,CTCP Kinh doanh Than Miền Bắc - Vinacomin,,HNX,STOCK,4,1771,Khai thác Than
TMC,CTCP Thương mại Xuất nhập khẩu Thủ Đức,,HNX,STOCK,4,7573,Phân phối xăng dầu & khí đốt
TMG,CTCP Kim loại màu Thái Nguyên - Vimico,,UPCOM,STOCK,4,1757,Thép và sản phẩm thép
TMP,CTCP Thủy điện Thác Mơ,,HOSE,STOCK,4,7535,Sản xuất & Phân phối Điện
TMS,CTCP Transimex,,HOSE,STOCK,4,2777,"Kho bãi, hậu cần và bảo dưỡng"
TMT,CTCP Ô tô TMT,,HOSE,STOCK,4,3353,Sản xuất ô tô
TMW,CTCP Tổng hợp Gỗ Tân Mai,,UPCOM,STOCK,4,1733,Lâm sản và Chế biến gỗ
TMX,CTCP VICEM Thương mại Xi măng,,HNX,STOCK,4,2353,Vật liệu xây dựng & Nội thất
TN1,CTCP Rox Key Holdings,,HOSE,STOCK,4,8633,Bất động sản
TNA,CTCP Thương mại Xuất nhập khẩu Thiên Nam,,UPCOM,STOCK,4,1757,Thép và sản phẩm thép
TNB,CTCP Thép Nhà Bè - VNSTEEL,,UPCOM,STOCK,4,1757,Thép và sản phẩm thép
TNC,CTCP Cao su Thống Nhất,,HOSE,STOCK,4,1353,"Nhựa, cao su & sợi"
TNG,CTCP Đầu tư và Thương mại TNG,,HNX,STOCK,4,3763,Hàng May mặc
TNH,CTCP Tập đoàn Bệnh viện TNH,,HOSE,STOCK,4,4533,Chăm sóc y tế
TNI,CTCP Tập đoàn Thành Nam,,HOSE,STOCK,4,1757,Thép và sản phẩm thép
TNP,CTCP Cảng Thị Nại,,UPCOM,STOCK,4,2777,"Kho bãi, hậu cần và bảo dưỡng"
TNS,CTCP Thép tấm lá Thống Nhất,,UPCOM,STOCK,4,1757,Thép và sản phẩm thép
TNT,CTCP Tập đoàn TNT,,HOSE,STOCK,4,2353,Vật liệu xây dựng & Nội thất
TNW,CTCP Nước sạch Thái Nguyên,,UPCOM,STOCK,4,7577,Nước
TOP,CTCP Phân phối Top One,,UPCOM,STOCK,4,5373,Bán lẻ phức hợp
TOS,CTCP Dịch vụ biển Tân Cảng,,UPCOM,STOCK,4,0573,Thiết bị và Dịch vụ Dầu khí
TOT,CTCP Transimex Logistics,,HNX,STOCK,4,2779,Dịch vụ vận tải
TOW,CTCP Cấp nước Trà Nóc - Ô Môn,,UPCOM,STOCK,4,7577,Nước
TPB,Ngân hàng TMCP Tiên Phong,,HOSE,STOCK,4,8355,Ngân hàng
TPC,CTCP Nhựa Tân Đại Hưng,,HOSE,STOCK,4,1353,"Nhựa, cao su & sợi"
TPP,CTCP Tân Phú Việt Nam,,HNX,STOCK,4,2723,Containers & Đóng gói
TPS,CTCP Bến Bãi Vận tải Sài Gòn,,UPCOM,STOCK,4,5759,Vận tải hành khách & Du lịch
TQW,CTCP Cấp thoát nước Tuyên Quang,,UPCOM,STOCK,4,7577,Nước
TR1,CTCP Vận Tải 1 Traco,,UPCOM,STOCK,4,2777,"Kho bãi, hậu cần và bảo dưỡng"
TRA,CTCP Traphaco,,HOSE,STOCK,4,4577,Dược phẩm
TRC,CTCP Cao su Tây Ninh,,HOSE,STOCK,4,1353,"Nhựa, cao su & sợi"
TRS,CTCP Vận tải và Dịch vụ Hàng hải,,UPCOM,STOCK,4,2773,Vận tải Thủy
TRT,CTCP RedstarCera,,UPCOM,STOCK,4,2353,Vật liệu xây dựng & Nội thất
TRV,CTCP Vận tải Đường sắt,,UPCOM,STOCK,4,2775,Đường sắt
TS3,CTCP Trường Sơn 532,,UPCOM,STOCK,4,2357,Xây dựng
TSA,CTCP Đầu tư và Xây lắp Trường Sơn,,HOSE,STOCK,4,2357,Xây dựng
TSB,CTCP Ắc quy Tia Sáng,,HNX,STOCK,4,2733,Hàng điện & điện tử
TSC,CTCP Vật tư Kỹ thuật nông nghiệp Cần Thơ,,HOSE,STOCK,4,1357,"Sản phẩm hóa dầu, Nông dược & Hóa chất khác"
TSD,CTCP Du lịch Trường Sơn COECCO,,UPCOM,STOCK,4,5759,Vận tải hành khách & Du lịch
TSG,CTCP Thông tin Tín hiệu Đường sắt Sài Gòn,,UPCOM,STOCK,4,2775,Đường sắt
TSJ,CTCP Du lịch Dịch vụ Hà Nội,,UPCOM,STOCK,4,5759,Vận tải hành khách & Du lịch
TST,CTCP Dịch vụ Kỹ Thuật Viễn thông,,UPCOM,STOCK,4,9533,Dịch vụ Máy tính
TT6,CTCP Tập đoàn Tiến Thịnh,,UPCOM,STOCK,4,3577,Thực phẩm
TTA,CTCP Đầu tư Xây dựng và Phát triển Trường Thành,,HOSE,STOCK,4,7535,Sản xuất & Phân phối Điện
TTB,CTCP TTBGroup,,UPCOM,STOCK,4,2353,Vật liệu xây dựng & Nội thất
TTC,CTCP Gạch men Thanh Thanh,,HNX,STOCK,4,2353,Vật liệu xây dựng & Nội thất
TTD,CTCP Bệnh viện tim Tâm Đức,,UPCOM,STOCK,4,4533,Chăm sóc y tế
TTE,CTCP Đầu tư Năng lượng Trường Thịnh,,HOSE,STOCK,4,7535,Sản xuất & Phân phối Điện
TTF,CTCP Tập đoàn Kỹ nghệ gỗ Trường Thành,,HOSE,STOCK,4,1733,Lâm sản và Chế biến gỗ
TTG,CTCP Royal Healthtech TTG ,,UPCOM,STOCK,4,3763,Hàng May mặc
TTH,CTCP Thương mại và Dịch vụ Tiến Thành,,HNX,STOCK,4,1757,Thép và sản phẩm thép
TTL,Tổng Công ty Thăng Long - CTCP,,HNX,STOCK,4,2357,Xây dựng
TTN,CTCP Công nghệ và Truyền thông Việt Nam,,UPCOM,STOCK,4,6535,Viễn thông cố định
TTS,CTCP Cán Thép Thái Trung,,UPCOM,STOCK,4,1757,Thép và sản phẩm thép
TTT,CTCP Du lịch - Thương mại Tây Ninh,,HNX,STOCK,4,5759,Vận tải hành khách & Du lịch
TTZ,CTCP Đầu tư Xây dựng và Công nghệ Tiến Trung,,UPCOM,STOCK,4,2353,Vật liệu xây dựng & Nội thất
TUG,CTCP Lai Dắt và Vận tải Cảng Hải Phòng,,UPCOM,STOCK,4,2777,"Kho bãi, hậu cần và bảo dưỡng"
TV1,CTCP Tư vấn Xây dựng Điện 1,,UPCOM,STOCK,4,2791,Tư vấn & Hỗ trợ KD
TV2,CTCP Tư vấn Xây dựng Điện 2,,HOSE,STOCK,4,2791,Tư vấn & Hỗ trợ KD
TV3,CTCP Tư vấn Xây dựng Điện 3,,HNX,STOCK,4,2791,Tư vấn & Hỗ trợ KD
TV4,CTCP Tư vấn Xây dựng Điện 4,,HNX,STOCK,4,2791,Tư vấn & Hỗ trợ KD
TV6,CTCP Tập đoàn EMA Land,,UPCOM,STOCK,4,8637,"Tư Vấn, Định giá, Môi giới Bất động sản"
TVA,CTCP Sứ Viglacera Thanh Trì,,UPCOM,STOCK,4,2353,Vật liệu xây dựng & Nội thất
TVB,CTCP Chứng khoán T-Cap,,HOSE,STOCK,4,8777,Môi giới chứng khoán
TVC,CTCP Tập đoàn Quản lý tài sản T-Corp,,HNX,STOCK,4,8775,Tài chính đặc biệt
TVD,CTCP Than Vàng Danh - Vinacomin,,HNX,STOCK,4,1771,Khai thác Than
TVG,CTCP Tư vấn Đầu tư và Xây dựng Giao thông Vận tải,,UPCOM,STOCK,4,2357,Xây dựng
TVH,CTCP Tư vấn Xây dựng công trình Hàng hải,,UPCOM,STOCK,4,2357,Xây dựng
TVM,CTCP Tư vấn Đầu tư mỏ và Công Nghiệp - Vinacomin,,UPCOM,STOCK,4,2791,Tư vấn & Hỗ trợ KD
TVN,Tổng Công ty Thép Việt Nam - CTCP,,UPCOM,STOCK,4,1757,Thép và sản phẩm thép
TVS,CTCP Chứng khoán Thiên Việt,,HOSE,STOCK,4,8777,Môi giới chứng khoán
TVT,Tổng Công ty Việt Thắng - CTCP,,HOSE,STOCK,4,3763,Hàng May mặc
TW3,CTCP Dược Trung ương 3,,UPCOM,STOCK,4,4577,Dược phẩm
TXM,CTCP VICEM Thạch cao Xi măng,,HNX,STOCK,4,2353,Vật liệu xây dựng & Nội thất
TYA,CTCP Dây và Cáp Điện Taya Việt Nam,,HOSE,STOCK,4,2733,Hàng điện & điện tử
UCT,CTCP Đô thị Cần Thơ,,UPCOM,STOCK,4,2799,Chất thải & Môi trường
UDC,CTCP Đầu tư Xây dựng UDCons,,UPCOM,STOCK,4,2357,Xây dựng
UDJ,CTCP Phát triển Đô thị,,UPCOM,STOCK,4,2357,Xây dựng
UDL,CTCP Đô thị và Môi trường Đắk Lắk,,UPCOM,STOCK,4,2799,Chất thải & Môi trường
UEM,CTCP Cơ điện Uông Bí - Vinacomin,,UPCOM,STOCK,4,2757,Máy công nghiệp
UIC,CTCP Đầu tư Phát triển Nhà và Đô thị IDICO,,HOSE,STOCK,4,7535,Sản xuất & Phân phối Điện
ULG,CTCP Logistics U&I,,UPCOM,STOCK,4,2777,"Kho bãi, hậu cần và bảo dưỡng"
UMC,CTCP Công trình Đô thị Nam Định,,UPCOM,STOCK,4,2357,Xây dựng
UNI,CTCP Đầu Tư Và Phát Triển Sao Mai Việt,,HNX,STOCK,4,9533,Dịch vụ Máy tính
UPC,CTCP Phát triển Công viên Cây xanh và Đô thị Vũng Tàu,,UPCOM,STOCK,4,7575,Tiện ích khác
UPH,CTCP Dược phẩm TW 25,,UPCOM,STOCK,4,4577,Dược phẩm
UPS,CTCP Chứng khoán UP,,UPCOM,STOCK,4,8777,Môi giới chứng khoán
USC,CTCP Khảo sát và Xây dựng -USCO,,UPCOM,STOCK,4,2357,Xây dựng
USD,CTCP Công trình Đô thị Sóc Trăng,,UPCOM,STOCK,4,2799,Chất thải & Môi trường
UTT,CTCP Môi trường Nam Thành,,UPCOM,STOCK,4,2799,Chất thải & Môi trường
UXC,CTCP Chế biến Thủy sản Út Xi,,UPCOM,STOCK,4,3573,Nuôi trồng nông & hải sản
V12,CTCP Xây dựng Số 12,,HNX,STOCK,4,2357,Xây dựng
V21,CTCP Vinaconex 21,,HNX,STOCK,4,8633,Bất động sản
V68,CTCP Đầu tư Sản xuất và Thương mại Tuấn Anh,,UPCOM,STOCK,4,1353,"Nhựa, cao su & sợi"
VAB,Ngân hàng TMCP Việt Á,,HOSE,STOCK,4,8355,Ngân hàng
VAF,CTCP Phân lân Nung chảy Văn Điển,,UPCOM,STOCK,4,1357,"Sản phẩm hóa dầu, Nông dược & Hóa chất khác"
VAV,CTCP VIWACO,,UPCOM,STOCK,4,7577,Nước
VBB,Ngân hàng TMCP Việt Nam Thương Tín,,HOSE,STOCK,4,8355,Ngân hàng
VBC,CTCP Nhựa - Bao bì Vinh,,HNX,STOCK,4,2723,Containers & Đóng gói
VBG,CTCP Địa chất Việt Bắc - TKV,,UPCOM,STOCK,4,1775,Khai khoáng
VBH,CTCP Điện tử Bình Hòa,,UPCOM,STOCK,4,2733,Hàng điện & điện tử
VBT,CTCP Vận tải Bảo Thắng,,UPCOM,STOCK,4,2779,Dịch vụ vận tải
VC1,CTCP Xây dựng Số 1,,HNX,STOCK,4,2357,Xây dựng
VC2,CTCP Đầu tư và Xây dựng Vina2,,HNX,STOCK,4,2357,Xây dựng
VC3,CTCP Tập đoàn Nam Mê Kông,,HNX,STOCK,4,8637,"Tư Vấn, Định giá, Môi giới Bất động sản"
VC6,CTCP Xây dựng và Đầu tư Visicons,,HNX,STOCK,4,2357,Xây dựng
VC7,CTCP Tập đoàn BGI,,HNX,STOCK,4,2357,Xây dựng
VC9,CTCP Xây dựng số 9 - VC9,,HNX,STOCK,4,2357,Xây dựng
VCA,CTCP Thép VICASA,,HOSE,STOCK,4,1757,Thép và sản phẩm thép
VCB,Ngân hàng TMCP Ngoại thương Việt Nam,,HOSE,STOCK,4,8355,Ngân hàng
VCC,CTCP Vinaconex 25,,HNX,STOCK,4,2357,Xây dựng
VCE,CTCP Xây lắp Môi trường,,UPCOM,STOCK,4,2357,Xây dựng
VCF,CTCP Vinacafé Biên Hòa,,HOSE,STOCK,4,3537,Đồ uống & giải khát
VCG,Tổng Công ty cổ phần Xuất nhập khẩu và Xây dựng Việt Nam,,HOSE,STOCK,4,2357,Xây dựng
VCI,CTCP Chứng khoán Vietcap,,HOSE,STOCK,4,8777,Môi giới chứng khoán
VCK,CTCP Chứng khoán VPS,,HOSE,STOCK,4,8777,Môi giới chứng khoán
VCM,CTCP BV Life,,HNX,STOCK,4,2757,Máy công nghiệp
VCP,CTCP Xây Dựng Và Năng Lượng VCP,,UPCOM,STOCK,4,7535,Sản xuất & Phân phối Điện
VCR,CTCP Đầu tư và Phát triển Du lịch ITC,,UPCOM,STOCK,4,8633,Bất động sản
VCS,CTCP Vicostone,,HNX,STOCK,4,2353,Vật liệu xây dựng & Nội thất
VCT,CTCP Tư vấn Xây dựng Vinaconex,,UPCOM,STOCK,4,2791,Tư vấn & Hỗ trợ KD
VCX,CTCP Xi măng Yên Bình,,UPCOM,STOCK,4,2353,Vật liệu xây dựng & Nội thất
VDB,CTCP Vận tải và Chế biến Than Đông Bắc,,UPCOM,STOCK,4,1771,Khai thác Than
VDG,CTCP Vạn Đạt Group,,UPCOM,STOCK,4,3763,Hàng May mặc
VDL,CTCP Thực phẩm Lâm Đồng,,HNX,STOCK,4,3535,Vang & Rượu mạnh
VDN,CTCP Vinatex Đà Nẵng,,UPCOM,STOCK,4,3763,Hàng May mặc
VDP,CTCP Dược phẩm Trung ương VIDIPHA,,HOSE,STOCK,4,4577,Dược phẩm
VDS,CTCP Chứng khoán Rồng Việt,,HOSE,STOCK,4,8777,Môi giới chứng khoán
VDT,CTCP Lưới thép Bình Tây,,UPCOM,STOCK,4,1757,Thép và sản phẩm thép
VE1,CTCP Xây dựng Điện VNECO 1,,HNX,STOCK,4,2357,Xây dựng
VE3,CTCP Xây dựng Điện VNECO 3,,HNX,STOCK,4,2357,Xây dựng
VE4,CTCP Xây dựng Điện VNECO4,,HNX,STOCK,4,2357,Xây dựng
VE8,CTCP Xây dựng Điện VNECO 8,,UPCOM,STOCK,4,2357,Xây dựng
VE9,CTCP Đầu tư và Xây dựng VNECO 9,,UPCOM,STOCK,4,2357,Xây dựng
VEA,Tổng Công ty Máy động lực và Máy nông nghiệp Việt Nam – CTCP,,UPCOM,STOCK,4,2757,Máy công nghiệp
VEC,Tổng Công ty cổ phần Điện tử và Tin học Việt Nam,,UPCOM,STOCK,4,9572,Phần cứng
VEF,CTCP Trung tâm Hội chợ Triển lãm Việt Nam,,UPCOM,STOCK,4,8633,Bất động sản
VES,CTCP Tập đoàn VinaLiving,,UPCOM,STOCK,4,8633,Bất động sản
VET,CTCP Thuốc thú y Trung ương Navetco,,UPCOM,STOCK,4,1357,"Sản phẩm hóa dầu, Nông dược & Hóa chất khác"
VFC,CTCP Vinafco,,UPCOM,STOCK,4,2773,Vận tải Thủy
VFG,CTCP Khử trùng Việt Nam,,HOSE,STOCK,4,1357,"Sản phẩm hóa dầu, Nông dược & Hóa chất khác"
VFR,CTCP Vận tải và Thuê tàu,,UPCOM,STOCK,4,2773,Vận tải Thủy
VFS,CTCP Chứng khoán Nhất Việt,,HNX,STOCK,4,8777,Môi giới chứng khoán
VGC,Tổng Công ty Viglacera - CTCP,,HOSE,STOCK,4,2353,Vật liệu xây dựng & Nội thất
VGG,Tổng Công ty cổ phần May Việt Tiến,,UPCOM,STOCK,4,3763,Hàng May mặc
VGI,Tổng Công ty cổ phần Đầu tư Quốc tế Viettel,,UPCOM,STOCK,4,6575,Viễn thông di động
VGL,CTCP Mạ Kẽm Công Nghiệp Vingal - Vnsteel,,UPCOM,STOCK,4,1757,Thép và sản phẩm thép
VGP,CTCP Cảng Rau Quả,,HNX,STOCK,4,2777,"Kho bãi, hậu cần và bảo dưỡng"
VGR,CTCP Cảng Xanh Vip,,UPCOM,STOCK,4,2777,"Kho bãi, hậu cần và bảo dưỡng"
VGS,CTCP Ống thép Việt - Đức VG PIPE,,HNX,STOCK,4,1757,Thép và sản phẩm thép
VGT,Tập đoàn Dệt May Việt Nam,,UPCOM,STOCK,4,3763,Hàng May mặc
VGV,Tổng Công ty Tư vấn Xây dựng Việt Nam - CTCP,,UPCOM,STOCK,4,8633,Bất động sản
VHC,CTCP Vĩnh Hoàn,,HOSE,STOCK,4,3573,Nuôi trồng nông & hải sản
VHD,CTCP Đầu tư Phát triển Nhà và Đô Thị VINAHUD,,UPCOM,STOCK,4,8633,Bất động sản
VHE,CTCP Dược liệu và Thực phẩm Việt Nam,,HNX,STOCK,4,4577,Dược phẩm
VHF,CTCP Xây dựng và Chế biến Lương thực Vĩnh Hà,,UPCOM,STOCK,4,3577,Thực phẩm
VHG,CTCP Đầu tư Phát triển Việt Trung Nam,,UPCOM,STOCK,4,2727,Công nghiệp phức hợp
VHH,CTCP Đầu tư Kinh doanh Nhà Thành Đạt,,UPCOM,STOCK,4,2353,Vật liệu xây dựng & Nội thất
VHL,CTCP Viglacera Hạ Long,,HNX,STOCK,4,2353,Vật liệu xây dựng & Nội thất
VHM,CTCP Vinhomes,,HOSE,STOCK,4,8633,Bất động sản
VIB,Ngân hàng TMCP Quốc tế Việt Nam,,HOSE,STOCK,4,8355,Ngân hàng
VIC,Tập đoàn VINGROUP - CTCP,,HOSE,STOCK,4,8633,Bất động sản
VID,CTCP Đầu tư Phát triển Thương mại Viễn Đông,,HOSE,STOCK,4,1737,Sản xuất giấy
VIE,CTCP Công nghệ Viễn thông VITECO,,UPCOM,STOCK,4,9578,Thiết bị viễn thông
VIF,Tổng Công ty Lâm nghiệp Việt Nam - CTCP,,HNX,STOCK,4,1733,Lâm sản và Chế biến gỗ
VIG,CTCP Chứng khoán Đầu tư tài chính Việt Nam,,HNX,STOCK,4,8777,Môi giới chứng khoán
VIM,CTCP Khoáng sản Viglacera,,UPCOM,STOCK,4,1775,Khai khoáng
VIN,CTCP Giao nhận Kho vận Ngoại Thương Việt Nam,,UPCOM,STOCK,4,2777,"Kho bãi, hậu cần và bảo dưỡng"
VIP,CTCP Vận tải Xăng dầu VIPCO,,HOSE,STOCK,4,2773,Vận tải Thủy
VIR,CTCP Du lịch Quốc tế Vũng Tàu,,UPCOM,STOCK,4,5753,Khách sạn
VIT,CTCP Viglacera Tiên Sơn,,HNX,STOCK,4,2353,Vật liệu xây dựng & Nội thất
VIW,Tổng Công ty Đầu tư Nước và Môi trường Việt Nam,,UPCOM,STOCK,4,2357,Xây dựng
VIX,CTCP Chứng khoán VIX,,HOSE,STOCK,4,8777,Môi giới chứng khoán
VJC,CTCP Hàng không Vietjet,,HOSE,STOCK,4,5751,Hàng không
VKC,CTCP VKC Holdings ,,UPCOM,STOCK,4,3357,Lốp xe
VLA,CTCP Đầu tư và Phát triển Công nghệ Văn Lang,,HNX,STOCK,4,9537,Phần mềm
VLB,CTCP Xây dựng và Sản xuất Vật liệu xây dựng Biên Hòa,,UPCOM,STOCK,4,2353,Vật liệu xây dựng & Nội thất
VLC,Tổng Công ty Chăn Nuôi Việt Nam - CTCP,,UPCOM,STOCK,4,3573,Nuôi trồng nông & hải sản
VLG,CTCP VIMC Logistics,,UPCOM,STOCK,4,2779,Dịch vụ vận tải
VLP,CTCP Công trình Công cộng Vĩnh Long,,UPCOM,STOCK,4,2799,Chất thải & Môi trường
VLS,CTCP Sản xuất Thép Việt Long,,UPCOM,STOCK,4,1757,Thép và sản phẩm thép
VLW,CTCP Cấp nước Vĩnh Long,,UPCOM,STOCK,4,7577,Nước
VMA,CTCP Công nghiệp Ô tô - Vinacomin,,UPCOM,STOCK,4,3353,Sản xuất ô tô
VMC,CTCP Vimeco,,HNX,STOCK,4,2357,Xây dựng
VMD,CTCP Y Dược phẩm Vimedimex,,HOSE,STOCK,4,4577,Dược phẩm
VMG,CTCP Thương mại và Dịch vụ Dầu khí Vũng Tàu,,UPCOM,STOCK,4,7573,Phân phối xăng dầu & khí đốt
VMK,CTCP Vimarko,,UPCOM,STOCK,4,2353,Vật liệu xây dựng & Nội thất
VMS,CTCP Phát triển Hàng Hải,,HNX,STOCK,4,2777,"Kho bãi, hậu cần và bảo dưỡng"
VMT,CTCP Giao nhận Vận tải miền Trung,,UPCOM,STOCK,4,2779,Dịch vụ vận tải
VNA,CTCP Vận tải Biển Vinaship,,UPCOM,STOCK,4,2773,Vận tải Thủy
VNB,CTCP Sách Việt Nam,,UPCOM,STOCK,4,5557,"Sách, ấn bản & sản phẩm văn hóa"
VNC,CTCP Tập đoàn Vinacontrol,,HNX,STOCK,4,2791,Tư vấn & Hỗ trợ KD
VND,CTCP Chứng khoán VNDIRECT,,HOSE,STOCK,4,8777,Môi giới chứng khoán
VNE,Tổng Công ty cổ phần Xây dựng Điện Việt Nam,,UPCOM,STOCK,4,2357,Xây dựng
VNF,CTCP Vinafreight,,HNX,STOCK,4,2779,Dịch vụ vận tải
VNG,CTCP Du lịch Thành Thành Công,,HOSE,STOCK,4,5753,Khách sạn
VNH,CTCP Đầu tư Việt Việt Nhật,,UPCOM,STOCK,4,8985,Quỹ đầu tư
VNI,CTCP Đầu tư Bất động sản Việt Nam,,UPCOM,STOCK,4,8633,Bất động sản
VNL,CTCP Logistics Vinalink,,HOSE,STOCK,4,2779,Dịch vụ vận tải
VNM,CTCP Sữa Việt Nam,,HOSE,STOCK,4,3577,Thực phẩm
VNP,CTCP Nhựa Việt Nam,,UPCOM,STOCK,4,1353,"Nhựa, cao su & sợi"
VNR,Tổng Công ty cổ phần Tái Bảo hiểm Quốc gia Việt Nam,,HNX,STOCK,4,8538,Tái bảo hiểm
VNS,CTCP Ánh Dương Việt Nam,,HOSE,STOCK,4,5759,Vận tải hành khách & Du lịch
VNT,CTCP Giao nhận Vận tải Ngoại thương,,HNX,STOCK,4,2779,Dịch vụ vận tải
VNX,CTCP Quảng cáo và Hội chợ Thương mại,,UPCOM,STOCK,4,5555,Dịch vụ truyền thông
VNY,CTCP Thuốc thú y Trung ương I,,UPCOM,STOCK,4,1357,"Sản phẩm hóa dầu, Nông dược & Hóa chất khác"
VNZ,CTCP Tập đoàn VNG ,,UPCOM,STOCK,4,5553,Giải trí & Truyền thông
VOS,CTCP Vận tải Biển Việt Nam,,HOSE,STOCK,4,2773,Vận tải Thủy
VPA,CTCP Vận tải Hoá Dầu VP,,UPCOM,STOCK,4,2773,Vận tải Thủy
VPB,Ngân hàng TMCP Việt Nam Thịnh Vượng,,HOSE,STOCK,4,8355,Ngân hàng
VPC,CTCP Đầu tư và Phát triển Năng lượng Việt Nam,,UPCOM,STOCK,4,2357,Xây dựng
VPD,CTCP Phát triển Điện lực Việt Nam,,HOSE,STOCK,4,7535,Sản xuất & Phân phối Điện
VPG,CTCP Đầu tư Thương mại Xuất nhập khẩu Việt Phát,,HOSE,STOCK,4,1775,Khai khoáng
VPH,CTCP Vạn Phát Hưng,,HOSE,STOCK,4,8633,Bất động sản
VPI,CTCP Phát triển Bất động sản Văn Phú,,HOSE,STOCK,4,8633,Bất động sản
VPL,CTCP Vinpearl,,HOSE,STOCK,4,5755,Dịch vụ giải trí
VPR,CTCP VinaPrint,,UPCOM,STOCK,4,5557,"Sách, ấn bản & sản phẩm văn hóa"
VPS,CTCP Thuốc sát trùng Việt Nam ,,HOSE,STOCK,4,1357,"Sản phẩm hóa dầu, Nông dược & Hóa chất khác"
VPW,CTCP Cấp thoát nước Số 1 Vĩnh Phúc,,UPCOM,STOCK,4,7577,Nước
VPX,CTCP Chứng khoán VPBank,,HOSE,STOCK,4,8777,Môi giới chứng khoán
VQC,CTCP Giám định - Vinacomin,,UPCOM,STOCK,4,2791,Tư vấn & Hỗ trợ KD
VRC,CTCP Bất động sản và Đầu tư VRC,,HOSE,STOCK,4,8633,Bất động sản
VRE,CTCP Vincom Retail,,HOSE,STOCK,4,8633,Bất động sản
VRG,CTCP Phát triển Đô thị và Khu công nghiệp Cao su Việt Nam,,UPCOM,STOCK,4,8633,Bất động sản
VSA,CTCP Đại lý Hàng hải Việt Nam,,HNX,STOCK,4,2779,Dịch vụ vận tải
VSC,CTCP Container Việt Nam,,HOSE,STOCK,4,2777,"Kho bãi, hậu cần và bảo dưỡng"
VSE,CTCP Dịch vụ Đường cao tốc Việt Nam,,UPCOM,STOCK,4,2777,"Kho bãi, hậu cần và bảo dưỡng"
VSF,Tổng Công ty Lương thực Miền Nam - CTCP,,UPCOM,STOCK,4,3577,Thực phẩm
VSG,CTCP Container Phía Nam,,UPCOM,STOCK,4,2777,"Kho bãi, hậu cần và bảo dưỡng"
VSH,CTCP Thủy điện Vĩnh Sơn - Sông Hinh,,HOSE,STOCK,4,7535,Sản xuất & Phân phối Điện
VSI,CTCP Đầu tư và Xây dựng Cấp thoát nước,,HOSE,STOCK,4,2357,Xây dựng
VSM,CTCP Container Miền Trung,,HNX,STOCK,4,2777,"Kho bãi, hậu cần và bảo dưỡng"
VSN,CTCP Việt Nam Kỹ nghệ Súc sản,,UPCOM,STOCK,4,3577,Thực phẩm
VST,CTCP Vận tải và Thuê tàu biển Việt Nam,,UPCOM,STOCK,4,2773,Vận tải Thủy
VTA,CTCP Vitaly,,UPCOM,STOCK,4,2353,Vật liệu xây dựng & Nội thất
VTB,CTCP Viettronics Tân Bình,,HOSE,STOCK,4,2733,Hàng điện & điện tử
VTC,CTCP Viễn thông VTC,,HNX,STOCK,4,9578,Thiết bị viễn thông
VTD,CTCP Vietourist Holdings,,UPCOM,STOCK,4,5759,Vận tải hành khách & Du lịch
VTE,CTCP VINACAP Kim Long,,UPCOM,STOCK,4,9578,Thiết bị viễn thông
VTG,CTCP Du lịch Tỉnh Bà Rịa - Vũng Tàu,,UPCOM,STOCK,4,5759,Vận tải hành khách & Du lịch
VTH,CTCP Dây cáp Điện Việt Thái,,HNX,STOCK,4,2733,Hàng điện & điện tử
VTI,CTCP Sản xuất - Xuất nhập khẩu Dệt may,,UPCOM,STOCK,4,3763,Hàng May mặc
VTJ,CTCP Thương mại và Đầu tư VI NA TA BA,,HNX,STOCK,4,3785,Thuốc lá
VTK,CTCP Tư Vấn Và Dịch Vụ Viettel,,UPCOM,STOCK,4,2791,Tư vấn & Hỗ trợ KD
VTM,CTCP Vận tải và Đưa đón thợ mỏ - VINACOMIN,,UPCOM,STOCK,4,5759,Vận tải hành khách & Du lịch
VTO,CTCP Vận tải Xăng dầu Vitaco,,HOSE,STOCK,4,2773,Vận tải Thủy
VTP,Tổng Công ty cổ phần Bưu chính Viettel,,HOSE,STOCK,4,2771,Chuyển phát nhanh
VTQ,CTCP Việt Trung Quảng Bình,,UPCOM,STOCK,4,1353,"Nhựa, cao su & sợi"
VTR,CTCP Du lịch Vietravel,,UPCOM,STOCK,4,5759,Vận tải hành khách & Du lịch
VTV,CTCP Năng lượng và Môi trường VICEM,,HNX,STOCK,4,2353,Vật liệu xây dựng & Nội thất
VTX,CTCP Vận tải Đa Phương Thức Vietranstimex,,UPCOM,STOCK,4,2779,Dịch vụ vận tải
VTZ,CTCP Sản xuất và Thương mại Nhựa Việt Thành,,HNX,STOCK,4,1353,"Nhựa, cao su & sợi"
VUA,CTCP Chứng khoán Stanley Brothers,,UPCOM,STOCK,4,8777,Môi giới chứng khoán
VVN,Tổng Công ty cổ phần Xây dựng Công nghiệp Việt Nam,,UPCOM,STOCK,4,2357,Xây dựng
VVS,CTCP Đầu tư phát triển máy Việt Nam,,HOSE,STOCK,4,3353,Sản xuất ô tô
VW3,CTCP Viwaseen3,,UPCOM,STOCK,4,2357,Xây dựng
VWS,CTCP Nước và Môi Trường Việt Nam,,UPCOM,STOCK,4,7577,Nước
VXB,CTCP Vật liệu Xây dựng Bến Tre,,UPCOM,STOCK,4,2353,Vật liệu xây dựng & Nội thất
VXP,CTCP Thuốc Thú y Trung ương VETVACO,,UPCOM,STOCK,4,1357,"Sản phẩm hóa dầu, Nông dược & Hóa chất khác"
VXT,CTCP Kho vận và Dịch vụ Thương mại,,UPCOM,STOCK,4,2797,Nhà cung cấp thiết bị
WCS,CTCP Bến xe Miền Tây,,HNX,STOCK,4,2777,"Kho bãi, hậu cần và bảo dưỡng"
WSB,CTCP Bia Sài Gòn - Miền Tây,,UPCOM,STOCK,4,3533,Sản xuất bia
WSS,CTCP Chứng khoán Phố Wall,,HNX,STOCK,4,8777,Môi giới chứng khoán
WTC,CTCP Vận tải Thủy - Vinacomin,,UPCOM,STOCK,4,2773,Vận tải Thủy
X20,CTCP X20,,HNX,STOCK,4,3763,Hàng May mặc
X26,CTCP 26,,UPCOM,STOCK,4,3763,Hàng May mặc
X77,CTCP Thành An 77,,UPCOM,STOCK,4,2353,Vật liệu xây dựng & Nội thất
XDH,CTCP Đầu tư Xây dựng Dân dụng Hà Nội,,UPCOM,STOCK,4,8633,Bất động sản
XHC,CTCP Xuân Hòa Việt Nam,,UPCOM,STOCK,4,3726,Thiết bị gia dụng
XLV,CTCP Xây Lắp và Dịch vụ Sông Đà,,UPCOM,STOCK,4,2357,Xây dựng
XMC,CTCP Đầu tư và Xây dựng Xuân Mai,,UPCOM,STOCK,4,2353,Vật liệu xây dựng & Nội thất
XMD,CTCP Xuân Mai - Đạo Tú,,UPCOM,STOCK,4,2353,Vật liệu xây dựng & Nội thất
XMP,CTCP Thủy điện Xuân Minh,,UPCOM,STOCK,4,7535,Sản xuất & Phân phối Điện
XPH,CTCP Xà phòng Hà Nội,,UPCOM,STOCK,4,3767,Hàng cá nhân
YBC,CTCP Xi măng và Khoáng sản Yên Bái,,UPCOM,STOCK,4,2353,Vật liệu xây dựng & Nội thất
YBM,CTCP YBM,,HOSE,STOCK,4,1775,Khai khoáng
YEG,CTCP Tập đoàn Yeah1,,HOSE,STOCK,4,5553,Giải trí & Truyền thông
YTC,CTCP Xuất nhập khẩu Y tế Thành phố Hồ Chí Minh,,UPCOM,STOCK,4,4537,Dụng cụ y tế
